"ID","brand-utama","judul","deskripsi","artikel","saranberita-1","saranberita-2","saranberita-3","saranberita-4","saranberita-5","faq-tanya-1","faq-tanya-2","faq-tanya-3","faq-tanya-4","faq-tanya-5","faq-jawab-1","faq-jawab-2","faq-jawab-3","faq-jawab-4","faq-jawab-5","review-1","review-2","review-3","review-4","review-5","namareview-1","namareview-2","namareview-3","namareview-4","namareview-5","kw-1","kw-2","kw-3","kw-4","kw-5"
"contact-us","MOTOTO","MOTOTO Panduan Lengkap Game Online x Contact Us","MOTOTO hadir sebagai situs slot gacor gampang menang hari ini dengan link pola maxwin terbaru 2026, RTP tinggi, dan informasi jackpot terkini.","<a href=""#"">MOTOTO</a> hadir sebagai situs slot gacor gampang menang hari ini dengan link pola maxwin terbaru 2026, RTP tinggi, dan informasi jackpot terkini.","Yuk cek slot gacor MOTOTO hari ini","MOTOTO merapikan info RTP dan jackpot slot gacor","Kabar pola maxwin 2026 di situs slot gacor MOTOTO","MOTOTO hadirkan pilihan slot gacor dalam satu lobby","Update jackpot terkini slot gacor MOTOTO","Apakah MOTOTO situs slot gacor yang bisa dicoba hari ini?","Bagaimana cara mulai main slot gacor di MOTOTO?","Apakah RTP slot gacor di MOTOTO bisa dilihat?","Bagaimana info jackpot di MOTOTO diperbarui?","Apakah pola maxwin di MOTOTO wajib diikuti?","Ya. MOTOTO menata slot gacor dalam satu lobby. Anda bisa cek RTP, pilih permainan, lalu main pelan tanpa pindah situs.","Masuk MOTOTO, pilih permainan slot gacor yang ingin dijajal, mulai dengan taruhan kecil. RTP dan info jackpot ada sebelum sesi berjalan.","Bisa. MOTOTO menampilkan ringkasan RTP supaya pemain punya acuan pilih meja, bukan janji menang terus.","Informasi jackpot di MOTOTO disusun agar kebaca sebelum main. Angkanya jadi pantauan, bukan slogan di judul.","Tidak wajib. Pola di MOTOTO hanya referensi. Keputusan taruhan tetap di pemain, meja tetap bisa diganti kalau terasa sepi.","Saya buka MOTOTO karena cari situs slot gacor yang denahnya jelas. RTP-nya kebaca, saya pilih satu permainan lalu main pelan. Habis ada naik tipis, saya tarik dan tidak nambah sesi.","Saya coba slot gacor di MOTOTO dengan taruhan kecil dulu. Pola yang tampil saya anggap catatan, bukan jaminan. Sesi itu cukup buat ngerasain mejanya, lalu saya tutup.","Saya lihat info jackpot di MOTOTO sebelum spin. Bukan angka gila, tapi cukup buat nentuin mau lanjut atau pindah. Slot gacor-nya terasa rapi, tidak berisik.","Saya pindah permainan slot gacor di MOTOTO setelah yang pertama sepi. Lobby-nya satu pintu, gak logout. RTP meja kedua lebih nyambung, saya stop pas sudah plus tipis.","Saya main slot gacor MOTOTO di HP sambil nunggu. Grafiknya ringan, jackpot dan RTP tetap kelihatan. Sesi pendek, saya tidak dipaksa gas besar.","Fajar Nugroho","Aulia Zahra","Nisa Fadilah","Budi Hartono","Arif Rahman","MOTOTO login","MOTOTO daftar","Alternatif MOTOTO","MOTOTO slot","MOTOTO rtp"
"speakers","ROKOK88","ROKOK88 Jangan Lewatkan Rekomendasi Game Online Terbaik x Speakers","ROKOK88 dikenal sebagai situs slot gacor yang nyaman dijajal hari ini dengan link pola maxwin terbaru 2026, RTP tinggi, dan informasi jackpot terkini tanpa banyak slogan.","<a href=""#"">ROKOK88</a> dikenal sebagai situs slot gacor yang nyaman dijajal hari ini dengan link pola maxwin terbaru 2026, RTP tinggi, dan informasi jackpot terkini tanpa banyak slogan.","Jangan lewatkan slot gacor ROKOK88 hari ini","ROKOK88 merapikan info RTP dan jackpot slot gacor","Kabar pola maxwin 2026 di situs slot gacor ROKOK88","ROKOK88 hadirkan pilihan slot gacor dalam satu lobby","Update jackpot terkini slot gacor ROKOK88","Bagaimana cara mulai main slot gacor di ROKOK88?","Apakah RTP slot gacor di ROKOK88 bisa dilihat?","Bagaimana info jackpot di ROKOK88 diperbarui?","Apakah pola maxwin di ROKOK88 wajib diikuti?","Bisakah pindah permainan slot gacor tanpa daftar ulang di ROKOK88?","Masuk ROKOK88, pilih permainan slot gacor yang ingin dijajal, mulai dengan taruhan kecil. RTP dan info jackpot ada sebelum sesi berjalan.","Bisa. ROKOK88 menampilkan ringkasan RTP supaya pemain punya acuan pilih meja, bukan janji menang terus.","Informasi jackpot di ROKOK88 disusun agar kebaca sebelum main. Angkanya jadi pantauan, bukan slogan di judul.","Tidak wajib. Pola di ROKOK88 hanya referensi. Keputusan taruhan tetap di pemain, meja tetap bisa diganti kalau terasa sepi.","Bisa. Slot gacor ROKOK88 ada di satu akun. Ganti permainan tidak perlu login baru.","Saya sempat ragu pola maxwin di ROKOK88. Setelah dicoba, itu hanya panduan. Yang saya pakai justru pilih meja pelan dan tarik begitu sudah cukup.","Saya daftar ROKOK88 lalu langsung ke slot gacor, tidak muter halaman. Info jackpot 2026-nya kebaca. Saya kunci sesi sebelum jadi lama.","Saya banding RTP beberapa permainan di ROKOK88. Yang lebih tinggi saya jajal dulu. Slot gacor-nya tidak janji menang terus, dan itu yang bikin saya tenang.","Saya tarik dari ROKOK88 setelah sesi slot gacor malam ini. Prosesnya rapi, tidak banyak tanya. Besok saya tidak maksa balik kalau mood tidak pas.","Saya chat ROKOK88 soal permainan yang RTP-nya tidak muncul. Dijawab singkat, lalu saya pilih slot gacor lain. Alurnya manusiawi, tidak bertele.","Fajar Nugroho","Ilham Ramadhan","Nadia Putri","Dinda Lestari","Budi Hartono","ROKOK88 login","ROKOK88 daftar","Alternatif ROKOK88","ROKOK88 link","ROKOK88 masuk"
"sessions","RKGG","RKGG Tips dan Strategi Game Online, Kabar x Sessions","RKGG menjadi pilihan situs slot gacor buat sesi harian dengan pembaruan pola main yang dibahas tahun 2026, RTP tinggi, dan informasi jackpot terkini untuk pemain yang mau coba dulu.","<a href=""#"">RKGG</a> menjadi pilihan situs slot gacor buat sesi harian dengan pembaruan pola main yang dibahas tahun 2026, RTP tinggi, dan informasi jackpot terkini untuk pemain yang mau coba dulu.","Kabar slot gacor RKGG hari ini","RKGG merapikan info RTP dan jackpot slot gacor","Kabar pola maxwin 2026 di situs slot gacor RKGG","RKGG hadirkan pilihan slot gacor dalam satu lobby","Update jackpot terkini slot gacor RKGG","Apakah RTP slot gacor di RKGG bisa dilihat?","Bagaimana info jackpot di RKGG diperbarui?","Apakah pola maxwin di RKGG wajib diikuti?","Bisakah pindah permainan slot gacor tanpa daftar ulang di RKGG?","Apakah slot gacor RKGG nyaman di HP?","Bisa. RKGG menampilkan ringkasan RTP supaya pemain punya acuan pilih meja, bukan janji menang terus.","Informasi jackpot di RKGG disusun agar kebaca sebelum main. Angkanya jadi pantauan, bukan slogan di judul.","Tidak wajib. Pola di RKGG hanya referensi. Keputusan taruhan tetap di pemain, meja tetap bisa diganti kalau terasa sepi.","Bisa. Slot gacor RKGG ada di satu akun. Ganti permainan tidak perlu login baru.","Nyaman. Lobby slot gacor RKGG ringkas di HP, RTP dan jackpot tetap kebaca, sesi bisa dipotong kapan saja.","Saya bawa RKGG dari browser ke HP, slot gacor-nya tetap ada. Jackpot yang tadi saya lihat masih kebaca. Tidak perlu akun kedua.","Saya set limit sebelum buka slot gacor RKGG. Pas nyentuh, saya berhenti meski masih ingin spin. Disiplin itu yang saya bawa dari sesi ini.","Saya buka RKGG karena cari situs slot gacor yang denahnya jelas. RTP-nya kebaca, saya pilih satu permainan lalu main pelan. Habis ada naik tipis, saya tarik dan tidak nambah sesi.","Saya coba slot gacor di RKGG dengan taruhan kecil dulu. Pola yang tampil saya anggap catatan, bukan jaminan. Sesi itu cukup buat ngerasain mejanya, lalu saya tutup.","Saya lihat info jackpot di RKGG sebelum spin. Bukan angka gila, tapi cukup buat nentuin mau lanjut atau pindah. Slot gacor-nya terasa rapi, tidak berisik.","Arif Rahman","Citra Melati","Fajar Nugroho","Rafi Maulana","Putri Ayu","RKGG login","RKGG daftar","Alternatif RKGG","RKGG official","RKGG apk"
"buy-passes","DEWA288","DEWA288 Platform Game Online Terpercaya x Buy Passes","DEWA288 menyediakan akses situs slot gacor dengan alur yang ringkas dengan pembaruan pola main yang dibahas tahun 2026, ringkasan jackpot harian, dan catatan RTP yang jelas dengan sesi yang bisa ditutup kapan saja.","<a href=""#"">DEWA288</a> menyediakan akses situs slot gacor dengan alur yang ringkas dengan pembaruan pola main yang dibahas tahun 2026, ringkasan jackpot harian, dan catatan RTP yang jelas dengan sesi yang bisa ditutup kapan saja.","Update slot gacor DEWA288 hari ini","DEWA288 merapikan info RTP dan jackpot slot gacor","Kabar pola maxwin 2026 di situs slot gacor DEWA288","DEWA288 hadirkan pilihan slot gacor dalam satu lobby","Update jackpot terkini slot gacor DEWA288","Bagaimana info jackpot di DEWA288 diperbarui?","Apakah pola maxwin di DEWA288 wajib diikuti?","Bisakah pindah permainan slot gacor tanpa daftar ulang di DEWA288?","Apakah slot gacor DEWA288 nyaman di HP?","Bagaimana kalau meja slot gacor di DEWA288 terasa dingin?","Informasi jackpot di DEWA288 disusun agar kebaca sebelum main. Angkanya jadi pantauan, bukan slogan di judul.","Tidak wajib. Pola di DEWA288 hanya referensi. Keputusan taruhan tetap di pemain, meja tetap bisa diganti kalau terasa sepi.","Bisa. Slot gacor DEWA288 ada di satu akun. Ganti permainan tidak perlu login baru.","Nyaman. Lobby slot gacor DEWA288 ringkas di HP, RTP dan jackpot tetap kebaca, sesi bisa dipotong kapan saja.","Pindah permainan di lobby yang sama. DEWA288 tidak memaksa bertahan di satu meja kalau ritmenya tidak nyambung.","Saya pindah permainan slot gacor di DEWA288 setelah yang pertama sepi. Lobby-nya satu pintu, gak logout. RTP meja kedua lebih nyambung, saya stop pas sudah plus tipis.","Saya main slot gacor DEWA288 di HP sambil nunggu. Grafiknya ringan, jackpot dan RTP tetap kelihatan. Sesi pendek, saya tidak dipaksa gas besar.","Saya sempat ragu pola maxwin di DEWA288. Setelah dicoba, itu hanya panduan. Yang saya pakai justru pilih meja pelan dan tarik begitu sudah cukup.","Saya daftar DEWA288 lalu langsung ke slot gacor, tidak muter halaman. Info jackpot 2026-nya kebaca. Saya kunci sesi sebelum jadi lama.","Saya banding RTP beberapa permainan di DEWA288. Yang lebih tinggi saya jajal dulu. Slot gacor-nya tidak janji menang terus, dan itu yang bikin saya tenang.","Ilham Ramadhan","Alika Rahman","Rina Wulandari","Andi Saputra","Bayu Firmansyah","DEWA288 login","DEWA288 daftar","Alternatif DEWA288","link alternatif DEWA288","DEWA288 wap"
"workshops","CIATOTO","CIATOTO Hadir di Tren Game Online Indonesia x Workshops","CIATOTO tampil sebagai situs slot gacor resmi yang gampang diikuti dengan akses permainan slot gacor yang dirapikan, ringkasan jackpot harian, dan catatan RTP yang jelas supaya denah permainannya kebaca.","<a href=""#"">CIATOTO</a> tampil sebagai situs slot gacor resmi yang gampang diikuti dengan akses permainan slot gacor yang dirapikan, ringkasan jackpot harian, dan catatan RTP yang jelas supaya denah permainannya kebaca.","Intip slot gacor CIATOTO hari ini","CIATOTO merapikan info RTP dan jackpot slot gacor","Kabar pola maxwin 2026 di situs slot gacor CIATOTO","CIATOTO hadirkan pilihan slot gacor dalam satu lobby","Update jackpot terkini slot gacor CIATOTO","Apakah pola maxwin di CIATOTO wajib diikuti?","Bisakah pindah permainan slot gacor tanpa daftar ulang di CIATOTO?","Apakah slot gacor CIATOTO nyaman di HP?","Bagaimana kalau meja slot gacor di CIATOTO terasa dingin?","Apakah CIATOTO situs slot gacor yang bisa dicoba hari ini?","Tidak wajib. Pola di CIATOTO hanya referensi. Keputusan taruhan tetap di pemain, meja tetap bisa diganti kalau terasa sepi.","Bisa. Slot gacor CIATOTO ada di satu akun. Ganti permainan tidak perlu login baru.","Nyaman. Lobby slot gacor CIATOTO ringkas di HP, RTP dan jackpot tetap kebaca, sesi bisa dipotong kapan saja.","Pindah permainan di lobby yang sama. CIATOTO tidak memaksa bertahan di satu meja kalau ritmenya tidak nyambung.","Ya. CIATOTO menata slot gacor dalam satu lobby. Anda bisa cek RTP, pilih permainan, lalu main pelan tanpa pindah situs.","Saya tarik dari CIATOTO setelah sesi slot gacor malam ini. Prosesnya rapi, tidak banyak tanya. Besok saya tidak maksa balik kalau mood tidak pas.","Saya chat CIATOTO soal permainan yang RTP-nya tidak muncul. Dijawab singkat, lalu saya pilih slot gacor lain. Alurnya manusiawi, tidak bertele.","Saya bawa CIATOTO dari browser ke HP, slot gacor-nya tetap ada. Jackpot yang tadi saya lihat masih kebaca. Tidak perlu akun kedua.","Saya set limit sebelum buka slot gacor CIATOTO. Pas nyentuh, saya berhenti meski masih ingin spin. Disiplin itu yang saya bawa dari sesi ini.","Saya buka CIATOTO karena cari situs slot gacor yang denahnya jelas. RTP-nya kebaca, saya pilih satu permainan lalu main pelan. Habis ada naik tipis, saya tarik dan tidak nambah sesi.","Fajar Nugroho","Rina Wulandari","Bayu Firmansyah","Mutiara Kartika","Andi Saputra","CIATOTO login","CIATOTO daftar","Alternatif CIATOTO","CIATOTO gacor","situs CIATOTO"
"business-events","POMPA88","POMPA88 Daftar Situs Game Online Gacor, Coba Dulu x Business Events","POMPA88 menghadirkan situs slot gacor dengan pintu masuk yang pendek dengan akses permainan slot gacor yang dirapikan, ringkasan jackpot harian, dan catatan RTP yang jelas biar gak nyasar pindah situs.","<a href=""#"">POMPA88</a> menghadirkan situs slot gacor dengan pintu masuk yang pendek dengan akses permainan slot gacor yang dirapikan, ringkasan jackpot harian, dan catatan RTP yang jelas biar gak nyasar pindah situs.","Yuk cek slot gacor POMPA88 hari ini","POMPA88 merapikan info RTP dan jackpot slot gacor","Kabar pola maxwin 2026 di situs slot gacor POMPA88","POMPA88 hadirkan pilihan slot gacor dalam satu lobby","Update jackpot terkini slot gacor POMPA88","Bisakah pindah permainan slot gacor tanpa daftar ulang di POMPA88?","Apakah slot gacor POMPA88 nyaman di HP?","Bagaimana kalau meja slot gacor di POMPA88 terasa dingin?","Apakah POMPA88 situs slot gacor yang bisa dicoba hari ini?","Bagaimana cara mulai main slot gacor di POMPA88?","Bisa. Slot gacor POMPA88 ada di satu akun. Ganti permainan tidak perlu login baru.","Nyaman. Lobby slot gacor POMPA88 ringkas di HP, RTP dan jackpot tetap kebaca, sesi bisa dipotong kapan saja.","Pindah permainan di lobby yang sama. POMPA88 tidak memaksa bertahan di satu meja kalau ritmenya tidak nyambung.","Ya. POMPA88 menata slot gacor dalam satu lobby. Anda bisa cek RTP, pilih permainan, lalu main pelan tanpa pindah situs.","Masuk POMPA88, pilih permainan slot gacor yang ingin dijajal, mulai dengan taruhan kecil. RTP dan info jackpot ada sebelum sesi berjalan.","Saya coba slot gacor di POMPA88 dengan taruhan kecil dulu. Pola yang tampil saya anggap catatan, bukan jaminan. Sesi itu cukup buat ngerasain mejanya, lalu saya tutup.","Saya lihat info jackpot di POMPA88 sebelum spin. Bukan angka gila, tapi cukup buat nentuin mau lanjut atau pindah. Slot gacor-nya terasa rapi, tidak berisik.","Saya pindah permainan slot gacor di POMPA88 setelah yang pertama sepi. Lobby-nya satu pintu, gak logout. RTP meja kedua lebih nyambung, saya stop pas sudah plus tipis.","Saya main slot gacor POMPA88 di HP sambil nunggu. Grafiknya ringan, jackpot dan RTP tetap kelihatan. Sesi pendek, saya tidak dipaksa gas besar.","Saya sempat ragu pola maxwin di POMPA88. Setelah dicoba, itu hanya panduan. Yang saya pakai justru pilih meja pelan dan tarik begitu sudah cukup.","Aldi Salim","Budi Hartono","Nadia Putri","Citra Melati","Agus Wijaya","POMPA88 login","POMPA88 daftar","Alternatif POMPA88","POMPA88 slot gacor","POMPA88 terpercaya"
"video-marketing-events","POHONEMAS33","POHONEMAS33 Situs Judi Online Maxwin x Video Marketing Events","POHONEMAS33 siap dipakai sebagai situs slot gacor untuk main pelan hari ini dengan pilihan meja yang gampang dicari, kabar jackpot terkini, dan RTP yang bisa dicek dengan bantuan yang tetap bisa dihubungi.","<a href=""#"">POHONEMAS33</a> siap dipakai sebagai situs slot gacor untuk main pelan hari ini dengan pilihan meja yang gampang dicari, kabar jackpot terkini, dan RTP yang bisa dicek dengan bantuan yang tetap bisa dihubungi.","Jangan lewatkan slot gacor POHONEMAS33 hari ini","POHONEMAS33 merapikan info RTP dan jackpot slot gacor","Kabar pola maxwin 2026 di situs slot gacor POHONEMAS33","POHONEMAS33 hadirkan pilihan slot gacor dalam satu lobby","Update jackpot terkini slot gacor POHONEMAS33","Apakah slot gacor POHONEMAS33 nyaman di HP?","Bagaimana kalau meja slot gacor di POHONEMAS33 terasa dingin?","Apakah POHONEMAS33 situs slot gacor yang bisa dicoba hari ini?","Bagaimana cara mulai main slot gacor di POHONEMAS33?","Apakah RTP slot gacor di POHONEMAS33 bisa dilihat?","Nyaman. Lobby slot gacor POHONEMAS33 ringkas di HP, RTP dan jackpot tetap kebaca, sesi bisa dipotong kapan saja.","Pindah permainan di lobby yang sama. POHONEMAS33 tidak memaksa bertahan di satu meja kalau ritmenya tidak nyambung.","Ya. POHONEMAS33 menata slot gacor dalam satu lobby. Anda bisa cek RTP, pilih permainan, lalu main pelan tanpa pindah situs.","Masuk POHONEMAS33, pilih permainan slot gacor yang ingin dijajal, mulai dengan taruhan kecil. RTP dan info jackpot ada sebelum sesi berjalan.","Bisa. POHONEMAS33 menampilkan ringkasan RTP supaya pemain punya acuan pilih meja, bukan janji menang terus.","Saya daftar POHONEMAS33 lalu langsung ke slot gacor, tidak muter halaman. Info jackpot 2026-nya kebaca. Saya kunci sesi sebelum jadi lama.","Saya banding RTP beberapa permainan di POHONEMAS33. Yang lebih tinggi saya jajal dulu. Slot gacor-nya tidak janji menang terus, dan itu yang bikin saya tenang.","Saya tarik dari POHONEMAS33 setelah sesi slot gacor malam ini. Prosesnya rapi, tidak banyak tanya. Besok saya tidak maksa balik kalau mood tidak pas.","Saya chat POHONEMAS33 soal permainan yang RTP-nya tidak muncul. Dijawab singkat, lalu saya pilih slot gacor lain. Alurnya manusiawi, tidak bertele.","Saya bawa POHONEMAS33 dari browser ke HP, slot gacor-nya tetap ada. Jackpot yang tadi saya lihat masih kebaca. Tidak perlu akun kedua.","Bayu Firmansyah","Lina Kartika","Aulia Zahra","Arif Rahman","Rafi Maulana","POHONEMAS33 login","POHONEMAS33 daftar","Alternatif POHONEMAS33","POHONEMAS33 link login","POHONEMAS33 slot online"
"exhibition","CUANWIN","CUANWIN Intip Game Online Bonus Melimpah x Exhibition","CUANWIN berdiri sebagai situs slot gacor yang menata permainan dalam satu lobby dengan pilihan meja yang gampang dicari, kabar jackpot terkini, dan RTP yang bisa dicek untuk main di HP maupun browser.","<a href=""#"">CUANWIN</a> berdiri sebagai situs slot gacor yang menata permainan dalam satu lobby dengan pilihan meja yang gampang dicari, kabar jackpot terkini, dan RTP yang bisa dicek untuk main di HP maupun browser.","Kabar slot gacor CUANWIN hari ini","CUANWIN merapikan info RTP dan jackpot slot gacor","Kabar pola maxwin 2026 di situs slot gacor CUANWIN","CUANWIN hadirkan pilihan slot gacor dalam satu lobby","Update jackpot terkini slot gacor CUANWIN","Bagaimana kalau meja slot gacor di CUANWIN terasa dingin?","Apakah CUANWIN situs slot gacor yang bisa dicoba hari ini?","Bagaimana cara mulai main slot gacor di CUANWIN?","Apakah RTP slot gacor di CUANWIN bisa dilihat?","Bagaimana info jackpot di CUANWIN diperbarui?","Pindah permainan di lobby yang sama. CUANWIN tidak memaksa bertahan di satu meja kalau ritmenya tidak nyambung.","Ya. CUANWIN menata slot gacor dalam satu lobby. Anda bisa cek RTP, pilih permainan, lalu main pelan tanpa pindah situs.","Masuk CUANWIN, pilih permainan slot gacor yang ingin dijajal, mulai dengan taruhan kecil. RTP dan info jackpot ada sebelum sesi berjalan.","Bisa. CUANWIN menampilkan ringkasan RTP supaya pemain punya acuan pilih meja, bukan janji menang terus.","Informasi jackpot di CUANWIN disusun agar kebaca sebelum main. Angkanya jadi pantauan, bukan slogan di judul.","Saya set limit sebelum buka slot gacor CUANWIN. Pas nyentuh, saya berhenti meski masih ingin spin. Disiplin itu yang saya bawa dari sesi ini.","Saya buka CUANWIN karena cari situs slot gacor yang denahnya jelas. RTP-nya kebaca, saya pilih satu permainan lalu main pelan. Habis ada naik tipis, saya tarik dan tidak nambah sesi.","Saya coba slot gacor di CUANWIN dengan taruhan kecil dulu. Pola yang tampil saya anggap catatan, bukan jaminan. Sesi itu cukup buat ngerasain mejanya, lalu saya tutup.","Saya lihat info jackpot di CUANWIN sebelum spin. Bukan angka gila, tapi cukup buat nentuin mau lanjut atau pindah. Slot gacor-nya terasa rapi, tidak berisik.","Saya pindah permainan slot gacor di CUANWIN setelah yang pertama sepi. Lobby-nya satu pintu, gak logout. RTP meja kedua lebih nyambung, saya stop pas sudah plus tipis.","Eko Santoso","Fajar Nugroho","Yoga Prasetyo","Dewi Anggraini","Ayu Rahma","CUANWIN login","CUANWIN daftar","Alternatif CUANWIN","CUANWIN slot","CUANWIN rtp"
"register-now","KATAKTOTO","KATAKTOTO Game Online Server Luar Negeri, Catat x Register Now","KATAKTOTO hadir sebagai situs slot gacor gampang menang hari ini dengan info RTP yang kebaca sebelum mulai, kabar jackpot terkini, dan RTP yang bisa dicek.","<a href=""#"">KATAKTOTO</a> hadir sebagai situs slot gacor gampang menang hari ini dengan info RTP yang kebaca sebelum mulai, kabar jackpot terkini, dan RTP yang bisa dicek.","Update slot gacor KATAKTOTO hari ini","KATAKTOTO merapikan info RTP dan jackpot slot gacor","Kabar pola maxwin 2026 di situs slot gacor KATAKTOTO","KATAKTOTO hadirkan pilihan slot gacor dalam satu lobby","Update jackpot terkini slot gacor KATAKTOTO","Apakah KATAKTOTO situs slot gacor yang bisa dicoba hari ini?","Bagaimana cara mulai main slot gacor di KATAKTOTO?","Apakah RTP slot gacor di KATAKTOTO bisa dilihat?","Bagaimana info jackpot di KATAKTOTO diperbarui?","Apakah pola maxwin di KATAKTOTO wajib diikuti?","Ya. KATAKTOTO menata slot gacor dalam satu lobby. Anda bisa cek RTP, pilih permainan, lalu main pelan tanpa pindah situs.","Masuk KATAKTOTO, pilih permainan slot gacor yang ingin dijajal, mulai dengan taruhan kecil. RTP dan info jackpot ada sebelum sesi berjalan.","Bisa. KATAKTOTO menampilkan ringkasan RTP supaya pemain punya acuan pilih meja, bukan janji menang terus.","Informasi jackpot di KATAKTOTO disusun agar kebaca sebelum main. Angkanya jadi pantauan, bukan slogan di judul.","Tidak wajib. Pola di KATAKTOTO hanya referensi. Keputusan taruhan tetap di pemain, meja tetap bisa diganti kalau terasa sepi.","Saya main slot gacor KATAKTOTO di HP sambil nunggu. Grafiknya ringan, jackpot dan RTP tetap kelihatan. Sesi pendek, saya tidak dipaksa gas besar.","Saya sempat ragu pola maxwin di KATAKTOTO. Setelah dicoba, itu hanya panduan. Yang saya pakai justru pilih meja pelan dan tarik begitu sudah cukup.","Saya daftar KATAKTOTO lalu langsung ke slot gacor, tidak muter halaman. Info jackpot 2026-nya kebaca. Saya kunci sesi sebelum jadi lama.","Saya banding RTP beberapa permainan di KATAKTOTO. Yang lebih tinggi saya jajal dulu. Slot gacor-nya tidak janji menang terus, dan itu yang bikin saya tenang.","Saya tarik dari KATAKTOTO setelah sesi slot gacor malam ini. Prosesnya rapi, tidak banyak tanya. Besok saya tidak maksa balik kalau mood tidak pas.","Citra Melati","Dimas Kurniawan","Eko Santoso","Ilham Ramadhan","Aulia Zahra","KATAKTOTO login","KATAKTOTO daftar","Alternatif KATAKTOTO","KATAKTOTO link","KATAKTOTO masuk"
"buy-tickets","ABUTOGEL","ABUTOGEL Game Online Paling Populer x Buy Tickets","ABUTOGEL dikenal sebagai situs slot gacor yang nyaman dijajal hari ini dengan info RTP yang kebaca sebelum mulai, info jackpot yang diperbarui, dan RTP yang transparan tanpa banyak slogan.","<a href=""#"">ABUTOGEL</a> dikenal sebagai situs slot gacor yang nyaman dijajal hari ini dengan info RTP yang kebaca sebelum mulai, info jackpot yang diperbarui, dan RTP yang transparan tanpa banyak slogan.","Intip slot gacor ABUTOGEL hari ini","ABUTOGEL merapikan info RTP dan jackpot slot gacor","Kabar pola maxwin 2026 di situs slot gacor ABUTOGEL","ABUTOGEL hadirkan pilihan slot gacor dalam satu lobby","Update jackpot terkini slot gacor ABUTOGEL","Bagaimana cara mulai main slot gacor di ABUTOGEL?","Apakah RTP slot gacor di ABUTOGEL bisa dilihat?","Bagaimana info jackpot di ABUTOGEL diperbarui?","Apakah pola maxwin di ABUTOGEL wajib diikuti?","Bisakah pindah permainan slot gacor tanpa daftar ulang di ABUTOGEL?","Masuk ABUTOGEL, pilih permainan slot gacor yang ingin dijajal, mulai dengan taruhan kecil. RTP dan info jackpot ada sebelum sesi berjalan.","Bisa. ABUTOGEL menampilkan ringkasan RTP supaya pemain punya acuan pilih meja, bukan janji menang terus.","Informasi jackpot di ABUTOGEL disusun agar kebaca sebelum main. Angkanya jadi pantauan, bukan slogan di judul.","Tidak wajib. Pola di ABUTOGEL hanya referensi. Keputusan taruhan tetap di pemain, meja tetap bisa diganti kalau terasa sepi.","Bisa. Slot gacor ABUTOGEL ada di satu akun. Ganti permainan tidak perlu login baru.","Saya chat ABUTOGEL soal permainan yang RTP-nya tidak muncul. Dijawab singkat, lalu saya pilih slot gacor lain. Alurnya manusiawi, tidak bertele.","Saya bawa ABUTOGEL dari browser ke HP, slot gacor-nya tetap ada. Jackpot yang tadi saya lihat masih kebaca. Tidak perlu akun kedua.","Saya set limit sebelum buka slot gacor ABUTOGEL. Pas nyentuh, saya berhenti meski masih ingin spin. Disiplin itu yang saya bawa dari sesi ini.","Saya buka ABUTOGEL karena cari situs slot gacor yang denahnya jelas. RTP-nya kebaca, saya pilih satu permainan lalu main pelan. Habis ada naik tipis, saya tarik dan tidak nambah sesi.","Saya coba slot gacor di ABUTOGEL dengan taruhan kecil dulu. Pola yang tampil saya anggap catatan, bukan jaminan. Sesi itu cukup buat ngerasain mejanya, lalu saya tutup.","Maya Sari","Rizky Pratama","Citra Melati","Dimas Kurniawan","Budi Hartono","ABUTOGEL login","ABUTOGEL daftar","Alternatif ABUTOGEL","ABUTOGEL official","ABUTOGEL apk"
"about-digimarcon","OYO88","OYO88 Yuk Coba Rahasia Menang Game Online x About DigiMarCon","OYO88 menjadi pilihan situs slot gacor buat sesi harian dengan katalog permainan yang tidak tercecer, info jackpot yang diperbarui, dan RTP yang transparan untuk pemain yang mau coba dulu.","<a href=""#"">OYO88</a> menjadi pilihan situs slot gacor buat sesi harian dengan katalog permainan yang tidak tercecer, info jackpot yang diperbarui, dan RTP yang transparan untuk pemain yang mau coba dulu.","Yuk cek slot gacor OYO88 hari ini","OYO88 merapikan info RTP dan jackpot slot gacor","Kabar pola maxwin 2026 di situs slot gacor OYO88","OYO88 hadirkan pilihan slot gacor dalam satu lobby","Update jackpot terkini slot gacor OYO88","Apakah RTP slot gacor di OYO88 bisa dilihat?","Bagaimana info jackpot di OYO88 diperbarui?","Apakah pola maxwin di OYO88 wajib diikuti?","Bisakah pindah permainan slot gacor tanpa daftar ulang di OYO88?","Apakah slot gacor OYO88 nyaman di HP?","Bisa. OYO88 menampilkan ringkasan RTP supaya pemain punya acuan pilih meja, bukan janji menang terus.","Informasi jackpot di OYO88 disusun agar kebaca sebelum main. Angkanya jadi pantauan, bukan slogan di judul.","Tidak wajib. Pola di OYO88 hanya referensi. Keputusan taruhan tetap di pemain, meja tetap bisa diganti kalau terasa sepi.","Bisa. Slot gacor OYO88 ada di satu akun. Ganti permainan tidak perlu login baru.","Nyaman. Lobby slot gacor OYO88 ringkas di HP, RTP dan jackpot tetap kebaca, sesi bisa dipotong kapan saja.","Saya lihat info jackpot di OYO88 sebelum spin. Bukan angka gila, tapi cukup buat nentuin mau lanjut atau pindah. Slot gacor-nya terasa rapi, tidak berisik.","Saya pindah permainan slot gacor di OYO88 setelah yang pertama sepi. Lobby-nya satu pintu, gak logout. RTP meja kedua lebih nyambung, saya stop pas sudah plus tipis.","Saya main slot gacor OYO88 di HP sambil nunggu. Grafiknya ringan, jackpot dan RTP tetap kelihatan. Sesi pendek, saya tidak dipaksa gas besar.","Saya sempat ragu pola maxwin di OYO88. Setelah dicoba, itu hanya panduan. Yang saya pakai justru pilih meja pelan dan tarik begitu sudah cukup.","Saya daftar OYO88 lalu langsung ke slot gacor, tidak muter halaman. Info jackpot 2026-nya kebaca. Saya kunci sesi sebelum jadi lama.","Andi Saputra","Putri Ayu","Arif Rahman","Rizky Pratama","Rina Wulandari","OYO88 login","OYO88 daftar","Alternatif OYO88","link alternatif OYO88","OYO88 wap"
"sponsorship-inquiries","SKY777","SKY777 Game Online Tanpa Modal, Jangan Lewatkan x Sponsorship Inquiries","SKY777 menyediakan akses situs slot gacor dengan alur yang ringkas dengan katalog permainan yang tidak tercecer, info jackpot yang diperbarui, dan RTP yang transparan dengan sesi yang bisa ditutup kapan saja.","<a href=""#"">SKY777</a> menyediakan akses situs slot gacor dengan alur yang ringkas dengan katalog permainan yang tidak tercecer, info jackpot yang diperbarui, dan RTP yang transparan dengan sesi yang bisa ditutup kapan saja.","Jangan lewatkan slot gacor SKY777 hari ini","SKY777 merapikan info RTP dan jackpot slot gacor","Kabar pola maxwin 2026 di situs slot gacor SKY777","SKY777 hadirkan pilihan slot gacor dalam satu lobby","Update jackpot terkini slot gacor SKY777","Bagaimana info jackpot di SKY777 diperbarui?","Apakah pola maxwin di SKY777 wajib diikuti?","Bisakah pindah permainan slot gacor tanpa daftar ulang di SKY777?","Apakah slot gacor SKY777 nyaman di HP?","Bagaimana kalau meja slot gacor di SKY777 terasa dingin?","Informasi jackpot di SKY777 disusun agar kebaca sebelum main. Angkanya jadi pantauan, bukan slogan di judul.","Tidak wajib. Pola di SKY777 hanya referensi. Keputusan taruhan tetap di pemain, meja tetap bisa diganti kalau terasa sepi.","Bisa. Slot gacor SKY777 ada di satu akun. Ganti permainan tidak perlu login baru.","Nyaman. Lobby slot gacor SKY777 ringkas di HP, RTP dan jackpot tetap kebaca, sesi bisa dipotong kapan saja.","Pindah permainan di lobby yang sama. SKY777 tidak memaksa bertahan di satu meja kalau ritmenya tidak nyambung.","Saya banding RTP beberapa permainan di SKY777. Yang lebih tinggi saya jajal dulu. Slot gacor-nya tidak janji menang terus, dan itu yang bikin saya tenang.","Saya tarik dari SKY777 setelah sesi slot gacor malam ini. Prosesnya rapi, tidak banyak tanya. Besok saya tidak maksa balik kalau mood tidak pas.","Saya chat SKY777 soal permainan yang RTP-nya tidak muncul. Dijawab singkat, lalu saya pilih slot gacor lain. Alurnya manusiawi, tidak bertele.","Saya bawa SKY777 dari browser ke HP, slot gacor-nya tetap ada. Jackpot yang tadi saya lihat masih kebaca. Tidak perlu akun kedua.","Saya set limit sebelum buka slot gacor SKY777. Pas nyentuh, saya berhenti meski masih ingin spin. Disiplin itu yang saya bawa dari sesi ini.","Lina Kartika","Dimas Kurniawan","Ilham Ramadhan","Bayu Firmansyah","Nisa Fadilah","SKY777 login","SKY777 daftar","Alternatif SKY777","SKY777 gacor","situs SKY777"
"speaker-requests","PASUKAN303","PASUKAN303 Link Alternatif Game Online x Speaker Requests","PASUKAN303 tampil sebagai situs slot gacor resmi yang gampang diikuti dengan jalur login yang tidak muter-muter, data RTP terkini, dan pantauan jackpot yang rapi supaya denah permainannya kebaca.","<a href=""#"">PASUKAN303</a> tampil sebagai situs slot gacor resmi yang gampang diikuti dengan jalur login yang tidak muter-muter, data RTP terkini, dan pantauan jackpot yang rapi supaya denah permainannya kebaca.","Kabar slot gacor PASUKAN303 hari ini","PASUKAN303 merapikan info RTP dan jackpot slot gacor","Kabar pola maxwin 2026 di situs slot gacor PASUKAN303","PASUKAN303 hadirkan pilihan slot gacor dalam satu lobby","Update jackpot terkini slot gacor PASUKAN303","Apakah pola maxwin di PASUKAN303 wajib diikuti?","Bisakah pindah permainan slot gacor tanpa daftar ulang di PASUKAN303?","Apakah slot gacor PASUKAN303 nyaman di HP?","Bagaimana kalau meja slot gacor di PASUKAN303 terasa dingin?","Apakah PASUKAN303 situs slot gacor yang bisa dicoba hari ini?","Tidak wajib. Pola di PASUKAN303 hanya referensi. Keputusan taruhan tetap di pemain, meja tetap bisa diganti kalau terasa sepi.","Bisa. Slot gacor PASUKAN303 ada di satu akun. Ganti permainan tidak perlu login baru.","Nyaman. Lobby slot gacor PASUKAN303 ringkas di HP, RTP dan jackpot tetap kebaca, sesi bisa dipotong kapan saja.","Pindah permainan di lobby yang sama. PASUKAN303 tidak memaksa bertahan di satu meja kalau ritmenya tidak nyambung.","Ya. PASUKAN303 menata slot gacor dalam satu lobby. Anda bisa cek RTP, pilih permainan, lalu main pelan tanpa pindah situs.","Saya buka PASUKAN303 karena cari situs slot gacor yang denahnya jelas. RTP-nya kebaca, saya pilih satu permainan lalu main pelan. Habis ada naik tipis, saya tarik dan tidak nambah sesi.","Saya coba slot gacor di PASUKAN303 dengan taruhan kecil dulu. Pola yang tampil saya anggap catatan, bukan jaminan. Sesi itu cukup buat ngerasain mejanya, lalu saya tutup.","Saya lihat info jackpot di PASUKAN303 sebelum spin. Bukan angka gila, tapi cukup buat nentuin mau lanjut atau pindah. Slot gacor-nya terasa rapi, tidak berisik.","Saya pindah permainan slot gacor di PASUKAN303 setelah yang pertama sepi. Lobby-nya satu pintu, gak logout. RTP meja kedua lebih nyambung, saya stop pas sudah plus tipis.","Saya main slot gacor PASUKAN303 di HP sambil nunggu. Grafiknya ringan, jackpot dan RTP tetap kelihatan. Sesi pendek, saya tidak dipaksa gas besar.","Lina Kartika","Dimas Kurniawan","Citra Melati","Fajar Nugroho","Arif Rahman","PASUKAN303 login","PASUKAN303 daftar","Alternatif PASUKAN303","PASUKAN303 slot gacor","PASUKAN303 terpercaya"
"volunteer-applications","TOGEL178","TOGEL178 Update Game Online Mudah Menang x Volunteer Applications","TOGEL178 menghadirkan situs slot gacor dengan pintu masuk yang pendek dengan jalur login yang tidak muter-muter, data RTP terkini, dan pantauan jackpot yang rapi biar gak nyasar pindah situs.","<a href=""#"">TOGEL178</a> menghadirkan situs slot gacor dengan pintu masuk yang pendek dengan jalur login yang tidak muter-muter, data RTP terkini, dan pantauan jackpot yang rapi biar gak nyasar pindah situs.","Update slot gacor TOGEL178 hari ini","TOGEL178 merapikan info RTP dan jackpot slot gacor","Kabar pola maxwin 2026 di situs slot gacor TOGEL178","TOGEL178 hadirkan pilihan slot gacor dalam satu lobby","Update jackpot terkini slot gacor TOGEL178","Bisakah pindah permainan slot gacor tanpa daftar ulang di TOGEL178?","Apakah slot gacor TOGEL178 nyaman di HP?","Bagaimana kalau meja slot gacor di TOGEL178 terasa dingin?","Apakah TOGEL178 situs slot gacor yang bisa dicoba hari ini?","Bagaimana cara mulai main slot gacor di TOGEL178?","Bisa. Slot gacor TOGEL178 ada di satu akun. Ganti permainan tidak perlu login baru.","Nyaman. Lobby slot gacor TOGEL178 ringkas di HP, RTP dan jackpot tetap kebaca, sesi bisa dipotong kapan saja.","Pindah permainan di lobby yang sama. TOGEL178 tidak memaksa bertahan di satu meja kalau ritmenya tidak nyambung.","Ya. TOGEL178 menata slot gacor dalam satu lobby. Anda bisa cek RTP, pilih permainan, lalu main pelan tanpa pindah situs.","Masuk TOGEL178, pilih permainan slot gacor yang ingin dijajal, mulai dengan taruhan kecil. RTP dan info jackpot ada sebelum sesi berjalan.","Saya sempat ragu pola maxwin di TOGEL178. Setelah dicoba, itu hanya panduan. Yang saya pakai justru pilih meja pelan dan tarik begitu sudah cukup.","Saya daftar TOGEL178 lalu langsung ke slot gacor, tidak muter halaman. Info jackpot 2026-nya kebaca. Saya kunci sesi sebelum jadi lama.","Saya banding RTP beberapa permainan di TOGEL178. Yang lebih tinggi saya jajal dulu. Slot gacor-nya tidak janji menang terus, dan itu yang bikin saya tenang.","Saya tarik dari TOGEL178 setelah sesi slot gacor malam ini. Prosesnya rapi, tidak banyak tanya. Besok saya tidak maksa balik kalau mood tidak pas.","Saya chat TOGEL178 soal permainan yang RTP-nya tidak muncul. Dijawab singkat, lalu saya pilih slot gacor lain. Alurnya manusiawi, tidak bertele.","Nisa Fadilah","Hendra Gunawan","Arif Rahman","Aldi Salim","Nadia Putri","TOGEL178 login","TOGEL178 daftar","Alternatif TOGEL178","TOGEL178 link login","TOGEL178 slot online"
"faqs","VEGASWIN168","VEGASWIN168 Game Online Jackpot Progresif, Hadir di x FAQ's","VEGASWIN168 siap dipakai sebagai situs slot gacor untuk main pelan hari ini dengan koleksi slot gacor dari beberapa provider, data RTP terkini, dan pantauan jackpot yang rapi dengan bantuan yang tetap bisa dihubungi.","<a href=""#"">VEGASWIN168</a> siap dipakai sebagai situs slot gacor untuk main pelan hari ini dengan koleksi slot gacor dari beberapa provider, data RTP terkini, dan pantauan jackpot yang rapi dengan bantuan yang tetap bisa dihubungi.","Intip slot gacor VEGASWIN168 hari ini","VEGASWIN168 merapikan info RTP dan jackpot slot gacor","Kabar pola maxwin 2026 di situs slot gacor VEGASWIN168","VEGASWIN168 hadirkan pilihan slot gacor dalam satu lobby","Update jackpot terkini slot gacor VEGASWIN168","Apakah slot gacor VEGASWIN168 nyaman di HP?","Bagaimana kalau meja slot gacor di VEGASWIN168 terasa dingin?","Apakah VEGASWIN168 situs slot gacor yang bisa dicoba hari ini?","Bagaimana cara mulai main slot gacor di VEGASWIN168?","Apakah RTP slot gacor di VEGASWIN168 bisa dilihat?","Nyaman. Lobby slot gacor VEGASWIN168 ringkas di HP, RTP dan jackpot tetap kebaca, sesi bisa dipotong kapan saja.","Pindah permainan di lobby yang sama. VEGASWIN168 tidak memaksa bertahan di satu meja kalau ritmenya tidak nyambung.","Ya. VEGASWIN168 menata slot gacor dalam satu lobby. Anda bisa cek RTP, pilih permainan, lalu main pelan tanpa pindah situs.","Masuk VEGASWIN168, pilih permainan slot gacor yang ingin dijajal, mulai dengan taruhan kecil. RTP dan info jackpot ada sebelum sesi berjalan.","Bisa. VEGASWIN168 menampilkan ringkasan RTP supaya pemain punya acuan pilih meja, bukan janji menang terus.","Saya bawa VEGASWIN168 dari browser ke HP, slot gacor-nya tetap ada. Jackpot yang tadi saya lihat masih kebaca. Tidak perlu akun kedua.","Saya set limit sebelum buka slot gacor VEGASWIN168. Pas nyentuh, saya berhenti meski masih ingin spin. Disiplin itu yang saya bawa dari sesi ini.","Saya buka VEGASWIN168 karena cari situs slot gacor yang denahnya jelas. RTP-nya kebaca, saya pilih satu permainan lalu main pelan. Habis ada naik tipis, saya tarik dan tidak nambah sesi.","Saya coba slot gacor di VEGASWIN168 dengan taruhan kecil dulu. Pola yang tampil saya anggap catatan, bukan jaminan. Sesi itu cukup buat ngerasain mejanya, lalu saya tutup.","Saya lihat info jackpot di VEGASWIN168 sebelum spin. Bukan angka gila, tapi cukup buat nentuin mau lanjut atau pindah. Slot gacor-nya terasa rapi, tidak berisik.","Nadia Putri","Arif Rahman","Dinda Lestari","Rizky Pratama","Bayu Firmansyah","VEGASWIN168 login","VEGASWIN168 daftar","Alternatif VEGASWIN168","VEGASWIN168 slot","VEGASWIN168 rtp"
"press-passes","BANSOSWIN","BANSOSWIN Game Online Deposit Murah x Press Passes","BANSOSWIN berdiri sebagai situs slot gacor yang menata permainan dalam satu lobby dengan koleksi slot gacor dari beberapa provider, update jackpot 2026, dan RTP yang tidak disembunyiin untuk main di HP maupun browser.","<a href=""#"">BANSOSWIN</a> berdiri sebagai situs slot gacor yang menata permainan dalam satu lobby dengan koleksi slot gacor dari beberapa provider, update jackpot 2026, dan RTP yang tidak disembunyiin untuk main di HP maupun browser.","Yuk cek slot gacor BANSOSWIN hari ini","BANSOSWIN merapikan info RTP dan jackpot slot gacor","Kabar pola maxwin 2026 di situs slot gacor BANSOSWIN","BANSOSWIN hadirkan pilihan slot gacor dalam satu lobby","Update jackpot terkini slot gacor BANSOSWIN","Bagaimana kalau meja slot gacor di BANSOSWIN terasa dingin?","Apakah BANSOSWIN situs slot gacor yang bisa dicoba hari ini?","Bagaimana cara mulai main slot gacor di BANSOSWIN?","Apakah RTP slot gacor di BANSOSWIN bisa dilihat?","Bagaimana info jackpot di BANSOSWIN diperbarui?","Pindah permainan di lobby yang sama. BANSOSWIN tidak memaksa bertahan di satu meja kalau ritmenya tidak nyambung.","Ya. BANSOSWIN menata slot gacor dalam satu lobby. Anda bisa cek RTP, pilih permainan, lalu main pelan tanpa pindah situs.","Masuk BANSOSWIN, pilih permainan slot gacor yang ingin dijajal, mulai dengan taruhan kecil. RTP dan info jackpot ada sebelum sesi berjalan.","Bisa. BANSOSWIN menampilkan ringkasan RTP supaya pemain punya acuan pilih meja, bukan janji menang terus.","Informasi jackpot di BANSOSWIN disusun agar kebaca sebelum main. Angkanya jadi pantauan, bukan slogan di judul.","Saya pindah permainan slot gacor di BANSOSWIN setelah yang pertama sepi. Lobby-nya satu pintu, gak logout. RTP meja kedua lebih nyambung, saya stop pas sudah plus tipis.","Saya main slot gacor BANSOSWIN di HP sambil nunggu. Grafiknya ringan, jackpot dan RTP tetap kelihatan. Sesi pendek, saya tidak dipaksa gas besar.","Saya sempat ragu pola maxwin di BANSOSWIN. Setelah dicoba, itu hanya panduan. Yang saya pakai justru pilih meja pelan dan tarik begitu sudah cukup.","Saya daftar BANSOSWIN lalu langsung ke slot gacor, tidak muter halaman. Info jackpot 2026-nya kebaca. Saya kunci sesi sebelum jadi lama.","Saya banding RTP beberapa permainan di BANSOSWIN. Yang lebih tinggi saya jajal dulu. Slot gacor-nya tidak janji menang terus, dan itu yang bikin saya tenang.","Citra Melati","Rafi Maulana","Aulia Zahra","Agus Wijaya","Dimas Kurniawan","BANSOSWIN login","BANSOSWIN daftar","Alternatif BANSOSWIN","BANSOSWIN link","BANSOSWIN masuk"
"virtual-pass","JURAGAN28","JURAGAN28 Simak Game Online Provider Terbaik x Virtual Pass","JURAGAN28 hadir sebagai situs slot gacor gampang menang hari ini dengan link pola maxwin terbaru 2026, update jackpot 2026, dan RTP yang tidak disembunyiin.","<a href=""#"">JURAGAN28</a> hadir sebagai situs slot gacor gampang menang hari ini dengan link pola maxwin terbaru 2026, update jackpot 2026, dan RTP yang tidak disembunyiin.","Jangan lewatkan slot gacor JURAGAN28 hari ini","JURAGAN28 merapikan info RTP dan jackpot slot gacor","Kabar pola maxwin 2026 di situs slot gacor JURAGAN28","JURAGAN28 hadirkan pilihan slot gacor dalam satu lobby","Update jackpot terkini slot gacor JURAGAN28","Apakah JURAGAN28 situs slot gacor yang bisa dicoba hari ini?","Bagaimana cara mulai main slot gacor di JURAGAN28?","Apakah RTP slot gacor di JURAGAN28 bisa dilihat?","Bagaimana info jackpot di JURAGAN28 diperbarui?","Apakah pola maxwin di JURAGAN28 wajib diikuti?","Ya. JURAGAN28 menata slot gacor dalam satu lobby. Anda bisa cek RTP, pilih permainan, lalu main pelan tanpa pindah situs.","Masuk JURAGAN28, pilih permainan slot gacor yang ingin dijajal, mulai dengan taruhan kecil. RTP dan info jackpot ada sebelum sesi berjalan.","Bisa. JURAGAN28 menampilkan ringkasan RTP supaya pemain punya acuan pilih meja, bukan janji menang terus.","Informasi jackpot di JURAGAN28 disusun agar kebaca sebelum main. Angkanya jadi pantauan, bukan slogan di judul.","Tidak wajib. Pola di JURAGAN28 hanya referensi. Keputusan taruhan tetap di pemain, meja tetap bisa diganti kalau terasa sepi.","Saya tarik dari JURAGAN28 setelah sesi slot gacor malam ini. Prosesnya rapi, tidak banyak tanya. Besok saya tidak maksa balik kalau mood tidak pas.","Saya chat JURAGAN28 soal permainan yang RTP-nya tidak muncul. Dijawab singkat, lalu saya pilih slot gacor lain. Alurnya manusiawi, tidak bertele.","Saya bawa JURAGAN28 dari browser ke HP, slot gacor-nya tetap ada. Jackpot yang tadi saya lihat masih kebaca. Tidak perlu akun kedua.","Saya set limit sebelum buka slot gacor JURAGAN28. Pas nyentuh, saya berhenti meski masih ingin spin. Disiplin itu yang saya bawa dari sesi ini.","Saya buka JURAGAN28 karena cari situs slot gacor yang denahnya jelas. RTP-nya kebaca, saya pilih satu permainan lalu main pelan. Habis ada naik tipis, saya tarik dan tidak nambah sesi.","Arif Rahman","Nadia Putri","Bayu Firmansyah","Maya Sari","Ilham Ramadhan","JURAGAN28 login","JURAGAN28 daftar","Alternatif JURAGAN28","JURAGAN28 official","JURAGAN28 apk"
"group-rates","ROGTOTO","ROGTOTO Game Online Anti Rungkat, Intip x Group Rates","ROGTOTO dikenal sebagai situs slot gacor yang nyaman dijajal hari ini dengan link pola maxwin terbaru 2026, update jackpot 2026, dan RTP yang tidak disembunyiin tanpa banyak slogan.","<a href=""#"">ROGTOTO</a> dikenal sebagai situs slot gacor yang nyaman dijajal hari ini dengan link pola maxwin terbaru 2026, update jackpot 2026, dan RTP yang tidak disembunyiin tanpa banyak slogan.","Kabar slot gacor ROGTOTO hari ini","ROGTOTO merapikan info RTP dan jackpot slot gacor","Kabar pola maxwin 2026 di situs slot gacor ROGTOTO","ROGTOTO hadirkan pilihan slot gacor dalam satu lobby","Update jackpot terkini slot gacor ROGTOTO","Bagaimana cara mulai main slot gacor di ROGTOTO?","Apakah RTP slot gacor di ROGTOTO bisa dilihat?","Bagaimana info jackpot di ROGTOTO diperbarui?","Apakah pola maxwin di ROGTOTO wajib diikuti?","Bisakah pindah permainan slot gacor tanpa daftar ulang di ROGTOTO?","Masuk ROGTOTO, pilih permainan slot gacor yang ingin dijajal, mulai dengan taruhan kecil. RTP dan info jackpot ada sebelum sesi berjalan.","Bisa. ROGTOTO menampilkan ringkasan RTP supaya pemain punya acuan pilih meja, bukan janji menang terus.","Informasi jackpot di ROGTOTO disusun agar kebaca sebelum main. Angkanya jadi pantauan, bukan slogan di judul.","Tidak wajib. Pola di ROGTOTO hanya referensi. Keputusan taruhan tetap di pemain, meja tetap bisa diganti kalau terasa sepi.","Bisa. Slot gacor ROGTOTO ada di satu akun. Ganti permainan tidak perlu login baru.","Saya coba slot gacor di ROGTOTO dengan taruhan kecil dulu. Pola yang tampil saya anggap catatan, bukan jaminan. Sesi itu cukup buat ngerasain mejanya, lalu saya tutup.","Saya lihat info jackpot di ROGTOTO sebelum spin. Bukan angka gila, tapi cukup buat nentuin mau lanjut atau pindah. Slot gacor-nya terasa rapi, tidak berisik.","Saya pindah permainan slot gacor di ROGTOTO setelah yang pertama sepi. Lobby-nya satu pintu, gak logout. RTP meja kedua lebih nyambung, saya stop pas sudah plus tipis.","Saya main slot gacor ROGTOTO di HP sambil nunggu. Grafiknya ringan, jackpot dan RTP tetap kelihatan. Sesi pendek, saya tidak dipaksa gas besar.","Saya sempat ragu pola maxwin di ROGTOTO. Setelah dicoba, itu hanya panduan. Yang saya pakai justru pilih meja pelan dan tarik begitu sudah cukup.","Bayu Firmansyah","Nadia Putri","Lina Kartika","Rafi Maulana","Fajar Nugroho","ROGTOTO login","ROGTOTO daftar","Alternatif ROGTOTO","link alternatif ROGTOTO","ROGTOTO wap"
"student-rates","MIO88","MIO88 Game Online Pasti Maxwin x Student Rates","MIO88 menjadi pilihan situs slot gacor buat sesi harian dengan pembaruan pola main yang dibahas tahun 2026, informasi jackpot yang mudah dibaca, dan RTP yang membantu pilih meja untuk pemain yang mau coba dulu.","<a href=""#"">MIO88</a> menjadi pilihan situs slot gacor buat sesi harian dengan pembaruan pola main yang dibahas tahun 2026, informasi jackpot yang mudah dibaca, dan RTP yang membantu pilih meja untuk pemain yang mau coba dulu.","Update slot gacor MIO88 hari ini","MIO88 merapikan info RTP dan jackpot slot gacor","Kabar pola maxwin 2026 di situs slot gacor MIO88","MIO88 hadirkan pilihan slot gacor dalam satu lobby","Update jackpot terkini slot gacor MIO88","Apakah RTP slot gacor di MIO88 bisa dilihat?","Bagaimana info jackpot di MIO88 diperbarui?","Apakah pola maxwin di MIO88 wajib diikuti?","Bisakah pindah permainan slot gacor tanpa daftar ulang di MIO88?","Apakah slot gacor MIO88 nyaman di HP?","Bisa. MIO88 menampilkan ringkasan RTP supaya pemain punya acuan pilih meja, bukan janji menang terus.","Informasi jackpot di MIO88 disusun agar kebaca sebelum main. Angkanya jadi pantauan, bukan slogan di judul.","Tidak wajib. Pola di MIO88 hanya referensi. Keputusan taruhan tetap di pemain, meja tetap bisa diganti kalau terasa sepi.","Bisa. Slot gacor MIO88 ada di satu akun. Ganti permainan tidak perlu login baru.","Nyaman. Lobby slot gacor MIO88 ringkas di HP, RTP dan jackpot tetap kebaca, sesi bisa dipotong kapan saja.","Saya daftar MIO88 lalu langsung ke slot gacor, tidak muter halaman. Info jackpot 2026-nya kebaca. Saya kunci sesi sebelum jadi lama.","Saya banding RTP beberapa permainan di MIO88. Yang lebih tinggi saya jajal dulu. Slot gacor-nya tidak janji menang terus, dan itu yang bikin saya tenang.","Saya tarik dari MIO88 setelah sesi slot gacor malam ini. Prosesnya rapi, tidak banyak tanya. Besok saya tidak maksa balik kalau mood tidak pas.","Saya chat MIO88 soal permainan yang RTP-nya tidak muncul. Dijawab singkat, lalu saya pilih slot gacor lain. Alurnya manusiawi, tidak bertele.","Saya bawa MIO88 dari browser ke HP, slot gacor-nya tetap ada. Jackpot yang tadi saya lihat masih kebaca. Tidak perlu akun kedua.","Lina Kartika","Aldi Salim","Rina Wulandari","Rizky Pratama","Fajar Nugroho","MIO88 login","MIO88 daftar","Alternatif MIO88","MIO88 gacor","situs MIO88"
"rates-pass-details","BADAK138","BADAK138 Gas Pelan Game Online Bocoran Pola x Rates & Pass Details","BADAK138 menyediakan akses situs slot gacor dengan alur yang ringkas dengan pembaruan pola main yang dibahas tahun 2026, informasi jackpot yang mudah dibaca, dan RTP yang membantu pilih meja dengan sesi yang bisa ditutup kapan saja.","<a href=""#"">BADAK138</a> menyediakan akses situs slot gacor dengan alur yang ringkas dengan pembaruan pola main yang dibahas tahun 2026, informasi jackpot yang mudah dibaca, dan RTP yang membantu pilih meja dengan sesi yang bisa ditutup kapan saja.","Intip slot gacor BADAK138 hari ini","BADAK138 merapikan info RTP dan jackpot slot gacor","Kabar pola maxwin 2026 di situs slot gacor BADAK138","BADAK138 hadirkan pilihan slot gacor dalam satu lobby","Update jackpot terkini slot gacor BADAK138","Bagaimana info jackpot di BADAK138 diperbarui?","Apakah pola maxwin di BADAK138 wajib diikuti?","Bisakah pindah permainan slot gacor tanpa daftar ulang di BADAK138?","Apakah slot gacor BADAK138 nyaman di HP?","Bagaimana kalau meja slot gacor di BADAK138 terasa dingin?","Informasi jackpot di BADAK138 disusun agar kebaca sebelum main. Angkanya jadi pantauan, bukan slogan di judul.","Tidak wajib. Pola di BADAK138 hanya referensi. Keputusan taruhan tetap di pemain, meja tetap bisa diganti kalau terasa sepi.","Bisa. Slot gacor BADAK138 ada di satu akun. Ganti permainan tidak perlu login baru.","Nyaman. Lobby slot gacor BADAK138 ringkas di HP, RTP dan jackpot tetap kebaca, sesi bisa dipotong kapan saja.","Pindah permainan di lobby yang sama. BADAK138 tidak memaksa bertahan di satu meja kalau ritmenya tidak nyambung.","Saya set limit sebelum buka slot gacor BADAK138. Pas nyentuh, saya berhenti meski masih ingin spin. Disiplin itu yang saya bawa dari sesi ini.","Saya buka BADAK138 karena cari situs slot gacor yang denahnya jelas. RTP-nya kebaca, saya pilih satu permainan lalu main pelan. Habis ada naik tipis, saya tarik dan tidak nambah sesi.","Saya coba slot gacor di BADAK138 dengan taruhan kecil dulu. Pola yang tampil saya anggap catatan, bukan jaminan. Sesi itu cukup buat ngerasain mejanya, lalu saya tutup.","Saya lihat info jackpot di BADAK138 sebelum spin. Bukan angka gila, tapi cukup buat nentuin mau lanjut atau pindah. Slot gacor-nya terasa rapi, tidak berisik.","Saya pindah permainan slot gacor di BADAK138 setelah yang pertama sepi. Lobby-nya satu pintu, gak logout. RTP meja kedua lebih nyambung, saya stop pas sudah plus tipis.","Dinda Lestari","Nisa Fadilah","Ilham Ramadhan","Fajar Nugroho","Andi Saputra","BADAK138 login","BADAK138 daftar","Alternatif BADAK138","BADAK138 slot gacor","BADAK138 terpercaya"
"upgrades-add-ons","PANDAVIP","PANDAVIP Game Online Winrate Tertinggi, Yuk Coba x Upgrades & Add-ons","PANDAVIP tampil sebagai situs slot gacor resmi yang gampang diikuti dengan akses permainan slot gacor yang dirapikan, informasi jackpot yang mudah dibaca, dan RTP yang membantu pilih meja supaya denah permainannya kebaca.","<a href=""#"">PANDAVIP</a> tampil sebagai situs slot gacor resmi yang gampang diikuti dengan akses permainan slot gacor yang dirapikan, informasi jackpot yang mudah dibaca, dan RTP yang membantu pilih meja supaya denah permainannya kebaca.","Yuk cek slot gacor PANDAVIP hari ini","PANDAVIP merapikan info RTP dan jackpot slot gacor","Kabar pola maxwin 2026 di situs slot gacor PANDAVIP","PANDAVIP hadirkan pilihan slot gacor dalam satu lobby","Update jackpot terkini slot gacor PANDAVIP","Apakah pola maxwin di PANDAVIP wajib diikuti?","Bisakah pindah permainan slot gacor tanpa daftar ulang di PANDAVIP?","Apakah slot gacor PANDAVIP nyaman di HP?","Bagaimana kalau meja slot gacor di PANDAVIP terasa dingin?","Apakah PANDAVIP situs slot gacor yang bisa dicoba hari ini?","Tidak wajib. Pola di PANDAVIP hanya referensi. Keputusan taruhan tetap di pemain, meja tetap bisa diganti kalau terasa sepi.","Bisa. Slot gacor PANDAVIP ada di satu akun. Ganti permainan tidak perlu login baru.","Nyaman. Lobby slot gacor PANDAVIP ringkas di HP, RTP dan jackpot tetap kebaca, sesi bisa dipotong kapan saja.","Pindah permainan di lobby yang sama. PANDAVIP tidak memaksa bertahan di satu meja kalau ritmenya tidak nyambung.","Ya. PANDAVIP menata slot gacor dalam satu lobby. Anda bisa cek RTP, pilih permainan, lalu main pelan tanpa pindah situs.","Saya main slot gacor PANDAVIP di HP sambil nunggu. Grafiknya ringan, jackpot dan RTP tetap kelihatan. Sesi pendek, saya tidak dipaksa gas besar.","Saya sempat ragu pola maxwin di PANDAVIP. Setelah dicoba, itu hanya panduan. Yang saya pakai justru pilih meja pelan dan tarik begitu sudah cukup.","Saya daftar PANDAVIP lalu langsung ke slot gacor, tidak muter halaman. Info jackpot 2026-nya kebaca. Saya kunci sesi sebelum jadi lama.","Saya banding RTP beberapa permainan di PANDAVIP. Yang lebih tinggi saya jajal dulu. Slot gacor-nya tidak janji menang terus, dan itu yang bikin saya tenang.","Saya tarik dari PANDAVIP setelah sesi slot gacor malam ini. Prosesnya rapi, tidak banyak tanya. Besok saya tidak maksa balik kalau mood tidak pas.","Ilham Ramadhan","Alika Rahman","Budi Hartono","Sinta Dewi","Fajar Nugroho","PANDAVIP login","PANDAVIP daftar","Alternatif PANDAVIP","PANDAVIP link login","PANDAVIP slot online"
"lets-connect","MAMIBET","MAMIBET Game Online Dengan RTP Akurat x Let's Connect","MAMIBET menghadirkan situs slot gacor dengan pintu masuk yang pendek dengan akses permainan slot gacor yang dirapikan, pantauan RTP, dan kabar jackpot yang tidak berlebihan biar gak nyasar pindah situs.","<a href=""#"">MAMIBET</a> menghadirkan situs slot gacor dengan pintu masuk yang pendek dengan akses permainan slot gacor yang dirapikan, pantauan RTP, dan kabar jackpot yang tidak berlebihan biar gak nyasar pindah situs.","Jangan lewatkan slot gacor MAMIBET hari ini","MAMIBET merapikan info RTP dan jackpot slot gacor","Kabar pola maxwin 2026 di situs slot gacor MAMIBET","MAMIBET hadirkan pilihan slot gacor dalam satu lobby","Update jackpot terkini slot gacor MAMIBET","Bisakah pindah permainan slot gacor tanpa daftar ulang di MAMIBET?","Apakah slot gacor MAMIBET nyaman di HP?","Bagaimana kalau meja slot gacor di MAMIBET terasa dingin?","Apakah MAMIBET situs slot gacor yang bisa dicoba hari ini?","Bagaimana cara mulai main slot gacor di MAMIBET?","Bisa. Slot gacor MAMIBET ada di satu akun. Ganti permainan tidak perlu login baru.","Nyaman. Lobby slot gacor MAMIBET ringkas di HP, RTP dan jackpot tetap kebaca, sesi bisa dipotong kapan saja.","Pindah permainan di lobby yang sama. MAMIBET tidak memaksa bertahan di satu meja kalau ritmenya tidak nyambung.","Ya. MAMIBET menata slot gacor dalam satu lobby. Anda bisa cek RTP, pilih permainan, lalu main pelan tanpa pindah situs.","Masuk MAMIBET, pilih permainan slot gacor yang ingin dijajal, mulai dengan taruhan kecil. RTP dan info jackpot ada sebelum sesi berjalan.","Saya chat MAMIBET soal permainan yang RTP-nya tidak muncul. Dijawab singkat, lalu saya pilih slot gacor lain. Alurnya manusiawi, tidak bertele.","Saya bawa MAMIBET dari browser ke HP, slot gacor-nya tetap ada. Jackpot yang tadi saya lihat masih kebaca. Tidak perlu akun kedua.","Saya set limit sebelum buka slot gacor MAMIBET. Pas nyentuh, saya berhenti meski masih ingin spin. Disiplin itu yang saya bawa dari sesi ini.","Saya buka MAMIBET karena cari situs slot gacor yang denahnya jelas. RTP-nya kebaca, saya pilih satu permainan lalu main pelan. Habis ada naik tipis, saya tarik dan tidak nambah sesi.","Saya coba slot gacor di MAMIBET dengan taruhan kecil dulu. Pola yang tampil saya anggap catatan, bukan jaminan. Sesi itu cukup buat ngerasain mejanya, lalu saya tutup.","Aldi Salim","Dimas Kurniawan","Rafi Maulana","Citra Melati","Rina Wulandari","MAMIBET login","MAMIBET daftar","Alternatif MAMIBET","MAMIBET slot","MAMIBET rtp"
"get-involved","DAYAK777","DAYAK777 Kabar Game Online Penghasil Uang x Get Involved","DAYAK777 siap dipakai sebagai situs slot gacor untuk main pelan hari ini dengan pilihan meja yang gampang dicari, pantauan RTP, dan kabar jackpot yang tidak berlebihan dengan bantuan yang tetap bisa dihubungi.","<a href=""#"">DAYAK777</a> siap dipakai sebagai situs slot gacor untuk main pelan hari ini dengan pilihan meja yang gampang dicari, pantauan RTP, dan kabar jackpot yang tidak berlebihan dengan bantuan yang tetap bisa dihubungi.","Kabar slot gacor DAYAK777 hari ini","DAYAK777 merapikan info RTP dan jackpot slot gacor","Kabar pola maxwin 2026 di situs slot gacor DAYAK777","DAYAK777 hadirkan pilihan slot gacor dalam satu lobby","Update jackpot terkini slot gacor DAYAK777","Apakah slot gacor DAYAK777 nyaman di HP?","Bagaimana kalau meja slot gacor di DAYAK777 terasa dingin?","Apakah DAYAK777 situs slot gacor yang bisa dicoba hari ini?","Bagaimana cara mulai main slot gacor di DAYAK777?","Apakah RTP slot gacor di DAYAK777 bisa dilihat?","Nyaman. Lobby slot gacor DAYAK777 ringkas di HP, RTP dan jackpot tetap kebaca, sesi bisa dipotong kapan saja.","Pindah permainan di lobby yang sama. DAYAK777 tidak memaksa bertahan di satu meja kalau ritmenya tidak nyambung.","Ya. DAYAK777 menata slot gacor dalam satu lobby. Anda bisa cek RTP, pilih permainan, lalu main pelan tanpa pindah situs.","Masuk DAYAK777, pilih permainan slot gacor yang ingin dijajal, mulai dengan taruhan kecil. RTP dan info jackpot ada sebelum sesi berjalan.","Bisa. DAYAK777 menampilkan ringkasan RTP supaya pemain punya acuan pilih meja, bukan janji menang terus.","Saya lihat info jackpot di DAYAK777 sebelum spin. Bukan angka gila, tapi cukup buat nentuin mau lanjut atau pindah. Slot gacor-nya terasa rapi, tidak berisik.","Saya pindah permainan slot gacor di DAYAK777 setelah yang pertama sepi. Lobby-nya satu pintu, gak logout. RTP meja kedua lebih nyambung, saya stop pas sudah plus tipis.","Saya main slot gacor DAYAK777 di HP sambil nunggu. Grafiknya ringan, jackpot dan RTP tetap kelihatan. Sesi pendek, saya tidak dipaksa gas besar.","Saya sempat ragu pola maxwin di DAYAK777. Setelah dicoba, itu hanya panduan. Yang saya pakai justru pilih meja pelan dan tarik begitu sudah cukup.","Saya daftar DAYAK777 lalu langsung ke slot gacor, tidak muter halaman. Info jackpot 2026-nya kebaca. Saya kunci sesi sebelum jadi lama.","Ilham Ramadhan","Hendra Gunawan","Putri Ayu","Yoga Prasetyo","Ayu Rahma","DAYAK777 login","DAYAK777 daftar","Alternatif DAYAK777","DAYAK777 link","DAYAK777 masuk"
"call-for-volunteers","MIYABET88","MIYABET88 Game Online Hoki Malam Ini, Update x Call for Volunteers","MIYABET88 berdiri sebagai situs slot gacor yang menata permainan dalam satu lobby dengan pilihan meja yang gampang dicari, pantauan RTP, dan kabar jackpot yang tidak berlebihan untuk main di HP maupun browser.","<a href=""#"">MIYABET88</a> berdiri sebagai situs slot gacor yang menata permainan dalam satu lobby dengan pilihan meja yang gampang dicari, pantauan RTP, dan kabar jackpot yang tidak berlebihan untuk main di HP maupun browser.","Update slot gacor MIYABET88 hari ini","MIYABET88 merapikan info RTP dan jackpot slot gacor","Kabar pola maxwin 2026 di situs slot gacor MIYABET88","MIYABET88 hadirkan pilihan slot gacor dalam satu lobby","Update jackpot terkini slot gacor MIYABET88","Bagaimana kalau meja slot gacor di MIYABET88 terasa dingin?","Apakah MIYABET88 situs slot gacor yang bisa dicoba hari ini?","Bagaimana cara mulai main slot gacor di MIYABET88?","Apakah RTP slot gacor di MIYABET88 bisa dilihat?","Bagaimana info jackpot di MIYABET88 diperbarui?","Pindah permainan di lobby yang sama. MIYABET88 tidak memaksa bertahan di satu meja kalau ritmenya tidak nyambung.","Ya. MIYABET88 menata slot gacor dalam satu lobby. Anda bisa cek RTP, pilih permainan, lalu main pelan tanpa pindah situs.","Masuk MIYABET88, pilih permainan slot gacor yang ingin dijajal, mulai dengan taruhan kecil. RTP dan info jackpot ada sebelum sesi berjalan.","Bisa. MIYABET88 menampilkan ringkasan RTP supaya pemain punya acuan pilih meja, bukan janji menang terus.","Informasi jackpot di MIYABET88 disusun agar kebaca sebelum main. Angkanya jadi pantauan, bukan slogan di judul.","Saya banding RTP beberapa permainan di MIYABET88. Yang lebih tinggi saya jajal dulu. Slot gacor-nya tidak janji menang terus, dan itu yang bikin saya tenang.","Saya tarik dari MIYABET88 setelah sesi slot gacor malam ini. Prosesnya rapi, tidak banyak tanya. Besok saya tidak maksa balik kalau mood tidak pas.","Saya chat MIYABET88 soal permainan yang RTP-nya tidak muncul. Dijawab singkat, lalu saya pilih slot gacor lain. Alurnya manusiawi, tidak bertele.","Saya bawa MIYABET88 dari browser ke HP, slot gacor-nya tetap ada. Jackpot yang tadi saya lihat masih kebaca. Tidak perlu akun kedua.","Saya set limit sebelum buka slot gacor MIYABET88. Pas nyentuh, saya berhenti meski masih ingin spin. Disiplin itu yang saya bawa dari sesi ini.","Putri Ayu","Dimas Kurniawan","Aldi Salim","Rafi Maulana","Rina Wulandari","MIYABET88 login","MIYABET88 daftar","Alternatif MIYABET88","MIYABET88 official","MIYABET88 apk"
"live-on-demand","KANGTOTO","KANGTOTO Game Online Favorit Pemain x Live & On Demand","KANGTOTO hadir sebagai situs slot gacor gampang menang hari ini dengan info RTP yang kebaca sebelum mulai, RTP tinggi, dan informasi jackpot terkini.","<a href=""#"">KANGTOTO</a> hadir sebagai situs slot gacor gampang menang hari ini dengan info RTP yang kebaca sebelum mulai, RTP tinggi, dan informasi jackpot terkini.","Intip slot gacor KANGTOTO hari ini","KANGTOTO merapikan info RTP dan jackpot slot gacor","Kabar pola maxwin 2026 di situs slot gacor KANGTOTO","KANGTOTO hadirkan pilihan slot gacor dalam satu lobby","Update jackpot terkini slot gacor KANGTOTO","Apakah KANGTOTO situs slot gacor yang bisa dicoba hari ini?","Bagaimana cara mulai main slot gacor di KANGTOTO?","Apakah RTP slot gacor di KANGTOTO bisa dilihat?","Bagaimana info jackpot di KANGTOTO diperbarui?","Apakah pola maxwin di KANGTOTO wajib diikuti?","Ya. KANGTOTO menata slot gacor dalam satu lobby. Anda bisa cek RTP, pilih permainan, lalu main pelan tanpa pindah situs.","Masuk KANGTOTO, pilih permainan slot gacor yang ingin dijajal, mulai dengan taruhan kecil. RTP dan info jackpot ada sebelum sesi berjalan.","Bisa. KANGTOTO menampilkan ringkasan RTP supaya pemain punya acuan pilih meja, bukan janji menang terus.","Informasi jackpot di KANGTOTO disusun agar kebaca sebelum main. Angkanya jadi pantauan, bukan slogan di judul.","Tidak wajib. Pola di KANGTOTO hanya referensi. Keputusan taruhan tetap di pemain, meja tetap bisa diganti kalau terasa sepi.","Saya buka KANGTOTO karena cari situs slot gacor yang denahnya jelas. RTP-nya kebaca, saya pilih satu permainan lalu main pelan. Habis ada naik tipis, saya tarik dan tidak nambah sesi.","Saya coba slot gacor di KANGTOTO dengan taruhan kecil dulu. Pola yang tampil saya anggap catatan, bukan jaminan. Sesi itu cukup buat ngerasain mejanya, lalu saya tutup.","Saya lihat info jackpot di KANGTOTO sebelum spin. Bukan angka gila, tapi cukup buat nentuin mau lanjut atau pindah. Slot gacor-nya terasa rapi, tidak berisik.","Saya pindah permainan slot gacor di KANGTOTO setelah yang pertama sepi. Lobby-nya satu pintu, gak logout. RTP meja kedua lebih nyambung, saya stop pas sudah plus tipis.","Saya main slot gacor KANGTOTO di HP sambil nunggu. Grafiknya ringan, jackpot dan RTP tetap kelihatan. Sesi pendek, saya tidak dipaksa gas besar.","Maya Sari","Rina Wulandari","Eko Santoso","Budi Hartono","Aldi Salim","KANGTOTO login","KANGTOTO daftar","Alternatif KANGTOTO","link alternatif KANGTOTO","KANGTOTO wap"
"digital-marketing-conference","OZON88","OZON88 Coba Dulu Game Online Support 24 Jam x Digital Marketing Conference","OZON88 dikenal sebagai situs slot gacor yang nyaman dijajal hari ini dengan info RTP yang kebaca sebelum mulai, RTP tinggi, dan informasi jackpot terkini tanpa banyak slogan.","<a href=""#"">OZON88</a> dikenal sebagai situs slot gacor yang nyaman dijajal hari ini dengan info RTP yang kebaca sebelum mulai, RTP tinggi, dan informasi jackpot terkini tanpa banyak slogan.","Yuk cek slot gacor OZON88 hari ini","OZON88 merapikan info RTP dan jackpot slot gacor","Kabar pola maxwin 2026 di situs slot gacor OZON88","OZON88 hadirkan pilihan slot gacor dalam satu lobby","Update jackpot terkini slot gacor OZON88","Bagaimana cara mulai main slot gacor di OZON88?","Apakah RTP slot gacor di OZON88 bisa dilihat?","Bagaimana info jackpot di OZON88 diperbarui?","Apakah pola maxwin di OZON88 wajib diikuti?","Bisakah pindah permainan slot gacor tanpa daftar ulang di OZON88?","Masuk OZON88, pilih permainan slot gacor yang ingin dijajal, mulai dengan taruhan kecil. RTP dan info jackpot ada sebelum sesi berjalan.","Bisa. OZON88 menampilkan ringkasan RTP supaya pemain punya acuan pilih meja, bukan janji menang terus.","Informasi jackpot di OZON88 disusun agar kebaca sebelum main. Angkanya jadi pantauan, bukan slogan di judul.","Tidak wajib. Pola di OZON88 hanya referensi. Keputusan taruhan tetap di pemain, meja tetap bisa diganti kalau terasa sepi.","Bisa. Slot gacor OZON88 ada di satu akun. Ganti permainan tidak perlu login baru.","Saya sempat ragu pola maxwin di OZON88. Setelah dicoba, itu hanya panduan. Yang saya pakai justru pilih meja pelan dan tarik begitu sudah cukup.","Saya daftar OZON88 lalu langsung ke slot gacor, tidak muter halaman. Info jackpot 2026-nya kebaca. Saya kunci sesi sebelum jadi lama.","Saya banding RTP beberapa permainan di OZON88. Yang lebih tinggi saya jajal dulu. Slot gacor-nya tidak janji menang terus, dan itu yang bikin saya tenang.","Saya tarik dari OZON88 setelah sesi slot gacor malam ini. Prosesnya rapi, tidak banyak tanya. Besok saya tidak maksa balik kalau mood tidak pas.","Saya chat OZON88 soal permainan yang RTP-nya tidak muncul. Dijawab singkat, lalu saya pilih slot gacor lain. Alurnya manusiawi, tidak bertele.","Bayu Firmansyah","Lina Kartika","Andi Saputra","Yoga Prasetyo","Mutiara Kartika","OZON88 login","OZON88 daftar","Alternatif OZON88","OZON88 gacor","situs OZON88"
"media-and-advertising-conference","RJSLOT88","RJSLOT88 Game Online Proses Cepat, Simak x Media and Advertising Conference","RJSLOT88 menjadi pilihan situs slot gacor buat sesi harian dengan katalog permainan yang tidak tercecer, RTP tinggi, dan informasi jackpot terkini untuk pemain yang mau coba dulu.","<a href=""#"">RJSLOT88</a> menjadi pilihan situs slot gacor buat sesi harian dengan katalog permainan yang tidak tercecer, RTP tinggi, dan informasi jackpot terkini untuk pemain yang mau coba dulu.","Jangan lewatkan slot gacor RJSLOT88 hari ini","RJSLOT88 merapikan info RTP dan jackpot slot gacor","Kabar pola maxwin 2026 di situs slot gacor RJSLOT88","RJSLOT88 hadirkan pilihan slot gacor dalam satu lobby","Update jackpot terkini slot gacor RJSLOT88","Apakah RTP slot gacor di RJSLOT88 bisa dilihat?","Bagaimana info jackpot di RJSLOT88 diperbarui?","Apakah pola maxwin di RJSLOT88 wajib diikuti?","Bisakah pindah permainan slot gacor tanpa daftar ulang di RJSLOT88?","Apakah slot gacor RJSLOT88 nyaman di HP?","Bisa. RJSLOT88 menampilkan ringkasan RTP supaya pemain punya acuan pilih meja, bukan janji menang terus.","Informasi jackpot di RJSLOT88 disusun agar kebaca sebelum main. Angkanya jadi pantauan, bukan slogan di judul.","Tidak wajib. Pola di RJSLOT88 hanya referensi. Keputusan taruhan tetap di pemain, meja tetap bisa diganti kalau terasa sepi.","Bisa. Slot gacor RJSLOT88 ada di satu akun. Ganti permainan tidak perlu login baru.","Nyaman. Lobby slot gacor RJSLOT88 ringkas di HP, RTP dan jackpot tetap kebaca, sesi bisa dipotong kapan saja.","Saya bawa RJSLOT88 dari browser ke HP, slot gacor-nya tetap ada. Jackpot yang tadi saya lihat masih kebaca. Tidak perlu akun kedua.","Saya set limit sebelum buka slot gacor RJSLOT88. Pas nyentuh, saya berhenti meski masih ingin spin. Disiplin itu yang saya bawa dari sesi ini.","Saya buka RJSLOT88 karena cari situs slot gacor yang denahnya jelas. RTP-nya kebaca, saya pilih satu permainan lalu main pelan. Habis ada naik tipis, saya tarik dan tidak nambah sesi.","Saya coba slot gacor di RJSLOT88 dengan taruhan kecil dulu. Pola yang tampil saya anggap catatan, bukan jaminan. Sesi itu cukup buat ngerasain mejanya, lalu saya tutup.","Saya lihat info jackpot di RJSLOT88 sebelum spin. Bukan angka gila, tapi cukup buat nentuin mau lanjut atau pindah. Slot gacor-nya terasa rapi, tidak berisik.","Rizky Pratama","Bayu Firmansyah","Alika Rahman","Dimas Kurniawan","Aulia Zahra","RJSLOT88 login","RJSLOT88 daftar","Alternatif RJSLOT88","RJSLOT88 slot gacor","RJSLOT88 terpercaya"
"customer-support","SLOT77","SLOT77 Game Online Teraman dan Terpercaya x Customer Support","SLOT77 menyediakan akses situs slot gacor dengan alur yang ringkas dengan katalog permainan yang tidak tercecer, ringkasan jackpot harian, dan catatan RTP yang jelas dengan sesi yang bisa ditutup kapan saja.","<a href=""#"">SLOT77</a> menyediakan akses situs slot gacor dengan alur yang ringkas dengan katalog permainan yang tidak tercecer, ringkasan jackpot harian, dan catatan RTP yang jelas dengan sesi yang bisa ditutup kapan saja.","Kabar slot gacor SLOT77 hari ini","SLOT77 merapikan info RTP dan jackpot slot gacor","Kabar pola maxwin 2026 di situs slot gacor SLOT77","SLOT77 hadirkan pilihan slot gacor dalam satu lobby","Update jackpot terkini slot gacor SLOT77","Bagaimana info jackpot di SLOT77 diperbarui?","Apakah pola maxwin di SLOT77 wajib diikuti?","Bisakah pindah permainan slot gacor tanpa daftar ulang di SLOT77?","Apakah slot gacor SLOT77 nyaman di HP?","Bagaimana kalau meja slot gacor di SLOT77 terasa dingin?","Informasi jackpot di SLOT77 disusun agar kebaca sebelum main. Angkanya jadi pantauan, bukan slogan di judul.","Tidak wajib. Pola di SLOT77 hanya referensi. Keputusan taruhan tetap di pemain, meja tetap bisa diganti kalau terasa sepi.","Bisa. Slot gacor SLOT77 ada di satu akun. Ganti permainan tidak perlu login baru.","Nyaman. Lobby slot gacor SLOT77 ringkas di HP, RTP dan jackpot tetap kebaca, sesi bisa dipotong kapan saja.","Pindah permainan di lobby yang sama. SLOT77 tidak memaksa bertahan di satu meja kalau ritmenya tidak nyambung.","Saya pindah permainan slot gacor di SLOT77 setelah yang pertama sepi. Lobby-nya satu pintu, gak logout. RTP meja kedua lebih nyambung, saya stop pas sudah plus tipis.","Saya main slot gacor SLOT77 di HP sambil nunggu. Grafiknya ringan, jackpot dan RTP tetap kelihatan. Sesi pendek, saya tidak dipaksa gas besar.","Saya sempat ragu pola maxwin di SLOT77. Setelah dicoba, itu hanya panduan. Yang saya pakai justru pilih meja pelan dan tarik begitu sudah cukup.","Saya daftar SLOT77 lalu langsung ke slot gacor, tidak muter halaman. Info jackpot 2026-nya kebaca. Saya kunci sesi sebelum jadi lama.","Saya banding RTP beberapa permainan di SLOT77. Yang lebih tinggi saya jajal dulu. Slot gacor-nya tidak janji menang terus, dan itu yang bikin saya tenang.","Eko Santoso","Ilham Ramadhan","Dimas Kurniawan","Putri Ayu","Nisa Fadilah","SLOT77 login","SLOT77 daftar","Alternatif SLOT77","SLOT77 link login","SLOT77 slot online"
"ticket-sales","MACAU303","MACAU303 Catat Game Online Bonus New Member x Ticket Sales","MACAU303 tampil sebagai situs slot gacor resmi yang gampang diikuti dengan jalur login yang tidak muter-muter, ringkasan jackpot harian, dan catatan RTP yang jelas supaya denah permainannya kebaca.","<a href=""#"">MACAU303</a> tampil sebagai situs slot gacor resmi yang gampang diikuti dengan jalur login yang tidak muter-muter, ringkasan jackpot harian, dan catatan RTP yang jelas supaya denah permainannya kebaca.","Update slot gacor MACAU303 hari ini","MACAU303 merapikan info RTP dan jackpot slot gacor","Kabar pola maxwin 2026 di situs slot gacor MACAU303","MACAU303 hadirkan pilihan slot gacor dalam satu lobby","Update jackpot terkini slot gacor MACAU303","Apakah pola maxwin di MACAU303 wajib diikuti?","Bisakah pindah permainan slot gacor tanpa daftar ulang di MACAU303?","Apakah slot gacor MACAU303 nyaman di HP?","Bagaimana kalau meja slot gacor di MACAU303 terasa dingin?","Apakah MACAU303 situs slot gacor yang bisa dicoba hari ini?","Tidak wajib. Pola di MACAU303 hanya referensi. Keputusan taruhan tetap di pemain, meja tetap bisa diganti kalau terasa sepi.","Bisa. Slot gacor MACAU303 ada di satu akun. Ganti permainan tidak perlu login baru.","Nyaman. Lobby slot gacor MACAU303 ringkas di HP, RTP dan jackpot tetap kebaca, sesi bisa dipotong kapan saja.","Pindah permainan di lobby yang sama. MACAU303 tidak memaksa bertahan di satu meja kalau ritmenya tidak nyambung.","Ya. MACAU303 menata slot gacor dalam satu lobby. Anda bisa cek RTP, pilih permainan, lalu main pelan tanpa pindah situs.","Saya tarik dari MACAU303 setelah sesi slot gacor malam ini. Prosesnya rapi, tidak banyak tanya. Besok saya tidak maksa balik kalau mood tidak pas.","Saya chat MACAU303 soal permainan yang RTP-nya tidak muncul. Dijawab singkat, lalu saya pilih slot gacor lain. Alurnya manusiawi, tidak bertele.","Saya bawa MACAU303 dari browser ke HP, slot gacor-nya tetap ada. Jackpot yang tadi saya lihat masih kebaca. Tidak perlu akun kedua.","Saya set limit sebelum buka slot gacor MACAU303. Pas nyentuh, saya berhenti meski masih ingin spin. Disiplin itu yang saya bawa dari sesi ini.","Saya buka MACAU303 karena cari situs slot gacor yang denahnya jelas. RTP-nya kebaca, saya pilih satu permainan lalu main pelan. Habis ada naik tipis, saya tarik dan tidak nambah sesi.","Ayu Rahma","Rizky Pratama","Mutiara Kartika","Aldi Salim","Yoga Prasetyo","MACAU303 login","MACAU303 daftar","Alternatif MACAU303","MACAU303 slot","MACAU303 rtp"
"upcoming-conferences","BANDIT4D","BANDIT4D Game Online Hadiah Fantastis, Gas Pelan x Upcoming Conferences","BANDIT4D menghadirkan situs slot gacor dengan pintu masuk yang pendek dengan jalur login yang tidak muter-muter, ringkasan jackpot harian, dan catatan RTP yang jelas biar gak nyasar pindah situs.","<a href=""#"">BANDIT4D</a> menghadirkan situs slot gacor dengan pintu masuk yang pendek dengan jalur login yang tidak muter-muter, ringkasan jackpot harian, dan catatan RTP yang jelas biar gak nyasar pindah situs.","Intip slot gacor BANDIT4D hari ini","BANDIT4D merapikan info RTP dan jackpot slot gacor","Kabar pola maxwin 2026 di situs slot gacor BANDIT4D","BANDIT4D hadirkan pilihan slot gacor dalam satu lobby","Update jackpot terkini slot gacor BANDIT4D","Bisakah pindah permainan slot gacor tanpa daftar ulang di BANDIT4D?","Apakah slot gacor BANDIT4D nyaman di HP?","Bagaimana kalau meja slot gacor di BANDIT4D terasa dingin?","Apakah BANDIT4D situs slot gacor yang bisa dicoba hari ini?","Bagaimana cara mulai main slot gacor di BANDIT4D?","Bisa. Slot gacor BANDIT4D ada di satu akun. Ganti permainan tidak perlu login baru.","Nyaman. Lobby slot gacor BANDIT4D ringkas di HP, RTP dan jackpot tetap kebaca, sesi bisa dipotong kapan saja.","Pindah permainan di lobby yang sama. BANDIT4D tidak memaksa bertahan di satu meja kalau ritmenya tidak nyambung.","Ya. BANDIT4D menata slot gacor dalam satu lobby. Anda bisa cek RTP, pilih permainan, lalu main pelan tanpa pindah situs.","Masuk BANDIT4D, pilih permainan slot gacor yang ingin dijajal, mulai dengan taruhan kecil. RTP dan info jackpot ada sebelum sesi berjalan.","Saya coba slot gacor di BANDIT4D dengan taruhan kecil dulu. Pola yang tampil saya anggap catatan, bukan jaminan. Sesi itu cukup buat ngerasain mejanya, lalu saya tutup.","Saya lihat info jackpot di BANDIT4D sebelum spin. Bukan angka gila, tapi cukup buat nentuin mau lanjut atau pindah. Slot gacor-nya terasa rapi, tidak berisik.","Saya pindah permainan slot gacor di BANDIT4D setelah yang pertama sepi. Lobby-nya satu pintu, gak logout. RTP meja kedua lebih nyambung, saya stop pas sudah plus tipis.","Saya main slot gacor BANDIT4D di HP sambil nunggu. Grafiknya ringan, jackpot dan RTP tetap kelihatan. Sesi pendek, saya tidak dipaksa gas besar.","Saya sempat ragu pola maxwin di BANDIT4D. Setelah dicoba, itu hanya panduan. Yang saya pakai justru pilih meja pelan dan tarik begitu sudah cukup.","Nadia Putri","Eko Santoso","Putri Ayu","Budi Hartono","Yoga Prasetyo","BANDIT4D login","BANDIT4D daftar","Alternatif BANDIT4D","BANDIT4D link","BANDIT4D masuk"
"why-attend","GACOR55","GACOR55 Kabar Slot Gacor Malam Ini Yuk Coba x Why Attend","GACOR55 siap dipakai sebagai situs slot gacor untuk main pelan hari ini dengan koleksi slot gacor dari beberapa provider, kabar jackpot terkini, dan RTP yang bisa dicek dengan bantuan yang tetap bisa dihubungi.","<a href=""#"">GACOR55</a> siap dipakai sebagai situs slot gacor untuk main pelan hari ini dengan koleksi slot gacor dari beberapa provider, kabar jackpot terkini, dan RTP yang bisa dicek dengan bantuan yang tetap bisa dihubungi.","Yuk cek slot gacor GACOR55 hari ini","GACOR55 merapikan info RTP dan jackpot slot gacor","Kabar pola maxwin 2026 di situs slot gacor GACOR55","GACOR55 hadirkan pilihan slot gacor dalam satu lobby","Update jackpot terkini slot gacor GACOR55","Apakah slot gacor GACOR55 nyaman di HP?","Bagaimana kalau meja slot gacor di GACOR55 terasa dingin?","Apakah GACOR55 situs slot gacor yang bisa dicoba hari ini?","Bagaimana cara mulai main slot gacor di GACOR55?","Apakah RTP slot gacor di GACOR55 bisa dilihat?","Nyaman. Lobby slot gacor GACOR55 ringkas di HP, RTP dan jackpot tetap kebaca, sesi bisa dipotong kapan saja.","Pindah permainan di lobby yang sama. GACOR55 tidak memaksa bertahan di satu meja kalau ritmenya tidak nyambung.","Ya. GACOR55 menata slot gacor dalam satu lobby. Anda bisa cek RTP, pilih permainan, lalu main pelan tanpa pindah situs.","Masuk GACOR55, pilih permainan slot gacor yang ingin dijajal, mulai dengan taruhan kecil. RTP dan info jackpot ada sebelum sesi berjalan.","Bisa. GACOR55 menampilkan ringkasan RTP supaya pemain punya acuan pilih meja, bukan janji menang terus.","Saya daftar GACOR55 lalu langsung ke slot gacor, tidak muter halaman. Info jackpot 2026-nya kebaca. Saya kunci sesi sebelum jadi lama.","Saya banding RTP beberapa permainan di GACOR55. Yang lebih tinggi saya jajal dulu. Slot gacor-nya tidak janji menang terus, dan itu yang bikin saya tenang.","Saya tarik dari GACOR55 setelah sesi slot gacor malam ini. Prosesnya rapi, tidak banyak tanya. Besok saya tidak maksa balik kalau mood tidak pas.","Saya chat GACOR55 soal permainan yang RTP-nya tidak muncul. Dijawab singkat, lalu saya pilih slot gacor lain. Alurnya manusiawi, tidak bertele.","Saya bawa GACOR55 dari browser ke HP, slot gacor-nya tetap ada. Jackpot yang tadi saya lihat masih kebaca. Tidak perlu akun kedua.","Putri Ayu","Bayu Firmansyah","Rina Wulandari","Arif Rahman","Fajar Nugroho","GACOR55 login","GACOR55 daftar","Alternatif GACOR55","GACOR55 official","GACOR55 apk"
"agenda","SUSTER123","SUSTER123 Update Link Main Jangan Lewatkan x Agenda","SUSTER123 berdiri sebagai situs slot gacor yang menata permainan dalam satu lobby dengan koleksi slot gacor dari beberapa provider, kabar jackpot terkini, dan RTP yang bisa dicek untuk main di HP maupun browser.","<a href=""#"">SUSTER123</a> berdiri sebagai situs slot gacor yang menata permainan dalam satu lobby dengan koleksi slot gacor dari beberapa provider, kabar jackpot terkini, dan RTP yang bisa dicek untuk main di HP maupun browser.","Jangan lewatkan slot gacor SUSTER123 hari ini","SUSTER123 merapikan info RTP dan jackpot slot gacor","Kabar pola maxwin 2026 di situs slot gacor SUSTER123","SUSTER123 hadirkan pilihan slot gacor dalam satu lobby","Update jackpot terkini slot gacor SUSTER123","Bagaimana kalau meja slot gacor di SUSTER123 terasa dingin?","Apakah SUSTER123 situs slot gacor yang bisa dicoba hari ini?","Bagaimana cara mulai main slot gacor di SUSTER123?","Apakah RTP slot gacor di SUSTER123 bisa dilihat?","Bagaimana info jackpot di SUSTER123 diperbarui?","Pindah permainan di lobby yang sama. SUSTER123 tidak memaksa bertahan di satu meja kalau ritmenya tidak nyambung.","Ya. SUSTER123 menata slot gacor dalam satu lobby. Anda bisa cek RTP, pilih permainan, lalu main pelan tanpa pindah situs.","Masuk SUSTER123, pilih permainan slot gacor yang ingin dijajal, mulai dengan taruhan kecil. RTP dan info jackpot ada sebelum sesi berjalan.","Bisa. SUSTER123 menampilkan ringkasan RTP supaya pemain punya acuan pilih meja, bukan janji menang terus.","Informasi jackpot di SUSTER123 disusun agar kebaca sebelum main. Angkanya jadi pantauan, bukan slogan di judul.","Saya set limit sebelum buka slot gacor SUSTER123. Pas nyentuh, saya berhenti meski masih ingin spin. Disiplin itu yang saya bawa dari sesi ini.","Saya buka SUSTER123 karena cari situs slot gacor yang denahnya jelas. RTP-nya kebaca, saya pilih satu permainan lalu main pelan. Habis ada naik tipis, saya tarik dan tidak nambah sesi.","Saya coba slot gacor di SUSTER123 dengan taruhan kecil dulu. Pola yang tampil saya anggap catatan, bukan jaminan. Sesi itu cukup buat ngerasain mejanya, lalu saya tutup.","Saya lihat info jackpot di SUSTER123 sebelum spin. Bukan angka gila, tapi cukup buat nentuin mau lanjut atau pindah. Slot gacor-nya terasa rapi, tidak berisik.","Saya pindah permainan slot gacor di SUSTER123 setelah yang pertama sepi. Lobby-nya satu pintu, gak logout. RTP meja kedua lebih nyambung, saya stop pas sudah plus tipis.","Budi Hartono","Dewi Anggraini","Yoga Prasetyo","Rina Wulandari","Rafi Maulana","SUSTER123 login","SUSTER123 daftar","Alternatif SUSTER123","link alternatif SUSTER123","SUSTER123 wap"
"venue","JIPAN288","JIPAN288 Hadir di Meja Gacor Weekend Ini x Venue","JIPAN288 hadir sebagai situs slot gacor gampang menang hari ini dengan link pola maxwin terbaru 2026, kabar jackpot terkini, dan RTP yang bisa dicek.","<a href=""#"">JIPAN288</a> hadir sebagai situs slot gacor gampang menang hari ini dengan link pola maxwin terbaru 2026, kabar jackpot terkini, dan RTP yang bisa dicek.","Kabar slot gacor JIPAN288 hari ini","JIPAN288 merapikan info RTP dan jackpot slot gacor","Kabar pola maxwin 2026 di situs slot gacor JIPAN288","JIPAN288 hadirkan pilihan slot gacor dalam satu lobby","Update jackpot terkini slot gacor JIPAN288","Apakah JIPAN288 situs slot gacor yang bisa dicoba hari ini?","Bagaimana cara mulai main slot gacor di JIPAN288?","Apakah RTP slot gacor di JIPAN288 bisa dilihat?","Bagaimana info jackpot di JIPAN288 diperbarui?","Apakah pola maxwin di JIPAN288 wajib diikuti?","Ya. JIPAN288 menata slot gacor dalam satu lobby. Anda bisa cek RTP, pilih permainan, lalu main pelan tanpa pindah situs.","Masuk JIPAN288, pilih permainan slot gacor yang ingin dijajal, mulai dengan taruhan kecil. RTP dan info jackpot ada sebelum sesi berjalan.","Bisa. JIPAN288 menampilkan ringkasan RTP supaya pemain punya acuan pilih meja, bukan janji menang terus.","Informasi jackpot di JIPAN288 disusun agar kebaca sebelum main. Angkanya jadi pantauan, bukan slogan di judul.","Tidak wajib. Pola di JIPAN288 hanya referensi. Keputusan taruhan tetap di pemain, meja tetap bisa diganti kalau terasa sepi.","Saya main slot gacor JIPAN288 di HP sambil nunggu. Grafiknya ringan, jackpot dan RTP tetap kelihatan. Sesi pendek, saya tidak dipaksa gas besar.","Saya sempat ragu pola maxwin di JIPAN288. Setelah dicoba, itu hanya panduan. Yang saya pakai justru pilih meja pelan dan tarik begitu sudah cukup.","Saya daftar JIPAN288 lalu langsung ke slot gacor, tidak muter halaman. Info jackpot 2026-nya kebaca. Saya kunci sesi sebelum jadi lama.","Saya banding RTP beberapa permainan di JIPAN288. Yang lebih tinggi saya jajal dulu. Slot gacor-nya tidak janji menang terus, dan itu yang bikin saya tenang.","Saya tarik dari JIPAN288 setelah sesi slot gacor malam ini. Prosesnya rapi, tidak banyak tanya. Besok saya tidak maksa balik kalau mood tidak pas.","Yoga Prasetyo","Alika Rahman","Dinda Lestari","Bayu Firmansyah","Budi Hartono","JIPAN288 login","JIPAN288 daftar","Alternatif JIPAN288","JIPAN288 gacor","situs JIPAN288"
"partners","MPONUSA","MPONUSA Bocoran Sesi Siang yang Lagi Ramai x Partners","MPONUSA dikenal sebagai situs slot gacor yang nyaman dijajal hari ini dengan link pola maxwin terbaru 2026, info jackpot yang diperbarui, dan RTP yang transparan tanpa banyak slogan.","<a href=""#"">MPONUSA</a> dikenal sebagai situs slot gacor yang nyaman dijajal hari ini dengan link pola maxwin terbaru 2026, info jackpot yang diperbarui, dan RTP yang transparan tanpa banyak slogan.","Update slot gacor MPONUSA hari ini","MPONUSA merapikan info RTP dan jackpot slot gacor","Kabar pola maxwin 2026 di situs slot gacor MPONUSA","MPONUSA hadirkan pilihan slot gacor dalam satu lobby","Update jackpot terkini slot gacor MPONUSA","Bagaimana cara mulai main slot gacor di MPONUSA?","Apakah RTP slot gacor di MPONUSA bisa dilihat?","Bagaimana info jackpot di MPONUSA diperbarui?","Apakah pola maxwin di MPONUSA wajib diikuti?","Bisakah pindah permainan slot gacor tanpa daftar ulang di MPONUSA?","Masuk MPONUSA, pilih permainan slot gacor yang ingin dijajal, mulai dengan taruhan kecil. RTP dan info jackpot ada sebelum sesi berjalan.","Bisa. MPONUSA menampilkan ringkasan RTP supaya pemain punya acuan pilih meja, bukan janji menang terus.","Informasi jackpot di MPONUSA disusun agar kebaca sebelum main. Angkanya jadi pantauan, bukan slogan di judul.","Tidak wajib. Pola di MPONUSA hanya referensi. Keputusan taruhan tetap di pemain, meja tetap bisa diganti kalau terasa sepi.","Bisa. Slot gacor MPONUSA ada di satu akun. Ganti permainan tidak perlu login baru.","Saya chat MPONUSA soal permainan yang RTP-nya tidak muncul. Dijawab singkat, lalu saya pilih slot gacor lain. Alurnya manusiawi, tidak bertele.","Saya bawa MPONUSA dari browser ke HP, slot gacor-nya tetap ada. Jackpot yang tadi saya lihat masih kebaca. Tidak perlu akun kedua.","Saya set limit sebelum buka slot gacor MPONUSA. Pas nyentuh, saya berhenti meski masih ingin spin. Disiplin itu yang saya bawa dari sesi ini.","Saya buka MPONUSA karena cari situs slot gacor yang denahnya jelas. RTP-nya kebaca, saya pilih satu permainan lalu main pelan. Habis ada naik tipis, saya tarik dan tidak nambah sesi.","Saya coba slot gacor di MPONUSA dengan taruhan kecil dulu. Pola yang tampil saya anggap catatan, bukan jaminan. Sesi itu cukup buat ngerasain mejanya, lalu saya tutup.","Eko Santoso","Sinta Dewi","Arif Rahman","Ayu Rahma","Ilham Ramadhan","MPONUSA login","MPONUSA daftar","Alternatif MPONUSA","MPONUSA slot gacor","MPONUSA terpercaya"
"sponsors","KPRWIN178","KPRWIN178 Coba Lobby Baru Biar Gak Ketinggalan x Sponsors","KPRWIN178 menjadi pilihan situs slot gacor buat sesi harian dengan pembaruan pola main yang dibahas tahun 2026, info jackpot yang diperbarui, dan RTP yang transparan untuk pemain yang mau coba dulu.","<a href=""#"">KPRWIN178</a> menjadi pilihan situs slot gacor buat sesi harian dengan pembaruan pola main yang dibahas tahun 2026, info jackpot yang diperbarui, dan RTP yang transparan untuk pemain yang mau coba dulu.","Intip slot gacor KPRWIN178 hari ini","KPRWIN178 merapikan info RTP dan jackpot slot gacor","Kabar pola maxwin 2026 di situs slot gacor KPRWIN178","KPRWIN178 hadirkan pilihan slot gacor dalam satu lobby","Update jackpot terkini slot gacor KPRWIN178","Apakah RTP slot gacor di KPRWIN178 bisa dilihat?","Bagaimana info jackpot di KPRWIN178 diperbarui?","Apakah pola maxwin di KPRWIN178 wajib diikuti?","Bisakah pindah permainan slot gacor tanpa daftar ulang di KPRWIN178?","Apakah slot gacor KPRWIN178 nyaman di HP?","Bisa. KPRWIN178 menampilkan ringkasan RTP supaya pemain punya acuan pilih meja, bukan janji menang terus.","Informasi jackpot di KPRWIN178 disusun agar kebaca sebelum main. Angkanya jadi pantauan, bukan slogan di judul.","Tidak wajib. Pola di KPRWIN178 hanya referensi. Keputusan taruhan tetap di pemain, meja tetap bisa diganti kalau terasa sepi.","Bisa. Slot gacor KPRWIN178 ada di satu akun. Ganti permainan tidak perlu login baru.","Nyaman. Lobby slot gacor KPRWIN178 ringkas di HP, RTP dan jackpot tetap kebaca, sesi bisa dipotong kapan saja.","Saya lihat info jackpot di KPRWIN178 sebelum spin. Bukan angka gila, tapi cukup buat nentuin mau lanjut atau pindah. Slot gacor-nya terasa rapi, tidak berisik.","Saya pindah permainan slot gacor di KPRWIN178 setelah yang pertama sepi. Lobby-nya satu pintu, gak logout. RTP meja kedua lebih nyambung, saya stop pas sudah plus tipis.","Saya main slot gacor KPRWIN178 di HP sambil nunggu. Grafiknya ringan, jackpot dan RTP tetap kelihatan. Sesi pendek, saya tidak dipaksa gas besar.","Saya sempat ragu pola maxwin di KPRWIN178. Setelah dicoba, itu hanya panduan. Yang saya pakai justru pilih meja pelan dan tarik begitu sudah cukup.","Saya daftar KPRWIN178 lalu langsung ke slot gacor, tidak muter halaman. Info jackpot 2026-nya kebaca. Saya kunci sesi sebelum jadi lama.","Hendra Gunawan","Yoga Prasetyo","Sinta Dewi","Putri Ayu","Dimas Kurniawan","KPRWIN178 login","KPRWIN178 daftar","Alternatif KPRWIN178","KPRWIN178 link login","KPRWIN178 slot online"
"networking","RUMAHPLAY","RUMAHPLAY Sesi Kilat Buat yang Baru Pulang Kerja x Networking","RUMAHPLAY menyediakan akses situs slot gacor dengan alur yang ringkas dengan pembaruan pola main yang dibahas tahun 2026, info jackpot yang diperbarui, dan RTP yang transparan dengan sesi yang bisa ditutup kapan saja.","<a href=""#"">RUMAHPLAY</a> menyediakan akses situs slot gacor dengan alur yang ringkas dengan pembaruan pola main yang dibahas tahun 2026, info jackpot yang diperbarui, dan RTP yang transparan dengan sesi yang bisa ditutup kapan saja.","Yuk cek slot gacor RUMAHPLAY hari ini","RUMAHPLAY merapikan info RTP dan jackpot slot gacor","Kabar pola maxwin 2026 di situs slot gacor RUMAHPLAY","RUMAHPLAY hadirkan pilihan slot gacor dalam satu lobby","Update jackpot terkini slot gacor RUMAHPLAY","Bagaimana info jackpot di RUMAHPLAY diperbarui?","Apakah pola maxwin di RUMAHPLAY wajib diikuti?","Bisakah pindah permainan slot gacor tanpa daftar ulang di RUMAHPLAY?","Apakah slot gacor RUMAHPLAY nyaman di HP?","Bagaimana kalau meja slot gacor di RUMAHPLAY terasa dingin?","Informasi jackpot di RUMAHPLAY disusun agar kebaca sebelum main. Angkanya jadi pantauan, bukan slogan di judul.","Tidak wajib. Pola di RUMAHPLAY hanya referensi. Keputusan taruhan tetap di pemain, meja tetap bisa diganti kalau terasa sepi.","Bisa. Slot gacor RUMAHPLAY ada di satu akun. Ganti permainan tidak perlu login baru.","Nyaman. Lobby slot gacor RUMAHPLAY ringkas di HP, RTP dan jackpot tetap kebaca, sesi bisa dipotong kapan saja.","Pindah permainan di lobby yang sama. RUMAHPLAY tidak memaksa bertahan di satu meja kalau ritmenya tidak nyambung.","Saya banding RTP beberapa permainan di RUMAHPLAY. Yang lebih tinggi saya jajal dulu. Slot gacor-nya tidak janji menang terus, dan itu yang bikin saya tenang.","Saya tarik dari RUMAHPLAY setelah sesi slot gacor malam ini. Prosesnya rapi, tidak banyak tanya. Besok saya tidak maksa balik kalau mood tidak pas.","Saya chat RUMAHPLAY soal permainan yang RTP-nya tidak muncul. Dijawab singkat, lalu saya pilih slot gacor lain. Alurnya manusiawi, tidak bertele.","Saya bawa RUMAHPLAY dari browser ke HP, slot gacor-nya tetap ada. Jackpot yang tadi saya lihat masih kebaca. Tidak perlu akun kedua.","Saya set limit sebelum buka slot gacor RUMAHPLAY. Pas nyentuh, saya berhenti meski masih ingin spin. Disiplin itu yang saya bawa dari sesi ini.","Dinda Lestari","Putri Ayu","Dimas Kurniawan","Arif Rahman","Hendra Gunawan","RUMAHPLAY login","RUMAHPLAY daftar","Alternatif RUMAHPLAY","RUMAHPLAY slot","RUMAHPLAY rtp"
"best-practices","QQSTAR88","QQSTAR88 Pintu Masuk Game yang Lagi Dibahas x Best Practices","QQSTAR88 tampil sebagai situs slot gacor resmi yang gampang diikuti dengan akses permainan slot gacor yang dirapikan, data RTP terkini, dan pantauan jackpot yang rapi supaya denah permainannya kebaca.","<a href=""#"">QQSTAR88</a> tampil sebagai situs slot gacor resmi yang gampang diikuti dengan akses permainan slot gacor yang dirapikan, data RTP terkini, dan pantauan jackpot yang rapi supaya denah permainannya kebaca.","Jangan lewatkan slot gacor QQSTAR88 hari ini","QQSTAR88 merapikan info RTP dan jackpot slot gacor","Kabar pola maxwin 2026 di situs slot gacor QQSTAR88","QQSTAR88 hadirkan pilihan slot gacor dalam satu lobby","Update jackpot terkini slot gacor QQSTAR88","Apakah pola maxwin di QQSTAR88 wajib diikuti?","Bisakah pindah permainan slot gacor tanpa daftar ulang di QQSTAR88?","Apakah slot gacor QQSTAR88 nyaman di HP?","Bagaimana kalau meja slot gacor di QQSTAR88 terasa dingin?","Apakah QQSTAR88 situs slot gacor yang bisa dicoba hari ini?","Tidak wajib. Pola di QQSTAR88 hanya referensi. Keputusan taruhan tetap di pemain, meja tetap bisa diganti kalau terasa sepi.","Bisa. Slot gacor QQSTAR88 ada di satu akun. Ganti permainan tidak perlu login baru.","Nyaman. Lobby slot gacor QQSTAR88 ringkas di HP, RTP dan jackpot tetap kebaca, sesi bisa dipotong kapan saja.","Pindah permainan di lobby yang sama. QQSTAR88 tidak memaksa bertahan di satu meja kalau ritmenya tidak nyambung.","Ya. QQSTAR88 menata slot gacor dalam satu lobby. Anda bisa cek RTP, pilih permainan, lalu main pelan tanpa pindah situs.","Saya buka QQSTAR88 karena cari situs slot gacor yang denahnya jelas. RTP-nya kebaca, saya pilih satu permainan lalu main pelan. Habis ada naik tipis, saya tarik dan tidak nambah sesi.","Saya coba slot gacor di QQSTAR88 dengan taruhan kecil dulu. Pola yang tampil saya anggap catatan, bukan jaminan. Sesi itu cukup buat ngerasain mejanya, lalu saya tutup.","Saya lihat info jackpot di QQSTAR88 sebelum spin. Bukan angka gila, tapi cukup buat nentuin mau lanjut atau pindah. Slot gacor-nya terasa rapi, tidak berisik.","Saya pindah permainan slot gacor di QQSTAR88 setelah yang pertama sepi. Lobby-nya satu pintu, gak logout. RTP meja kedua lebih nyambung, saya stop pas sudah plus tipis.","Saya main slot gacor QQSTAR88 di HP sambil nunggu. Grafiknya ringan, jackpot dan RTP tetap kelihatan. Sesi pendek, saya tidak dipaksa gas besar.","Ayu Rahma","Rina Wulandari","Rizky Pratama","Andi Saputra","Bayu Firmansyah","QQSTAR88 login","QQSTAR88 daftar","Alternatif QQSTAR88","QQSTAR88 link","QQSTAR88 masuk"
"latest-trends","HOMEBET88","HOMEBET88 Ringkasan Meja Hidup Hari Ini x Latest Trends","HOMEBET88 menghadirkan situs slot gacor dengan pintu masuk yang pendek dengan akses permainan slot gacor yang dirapikan, data RTP terkini, dan pantauan jackpot yang rapi biar gak nyasar pindah situs.","<a href=""#"">HOMEBET88</a> menghadirkan situs slot gacor dengan pintu masuk yang pendek dengan akses permainan slot gacor yang dirapikan, data RTP terkini, dan pantauan jackpot yang rapi biar gak nyasar pindah situs.","Kabar slot gacor HOMEBET88 hari ini","HOMEBET88 merapikan info RTP dan jackpot slot gacor","Kabar pola maxwin 2026 di situs slot gacor HOMEBET88","HOMEBET88 hadirkan pilihan slot gacor dalam satu lobby","Update jackpot terkini slot gacor HOMEBET88","Bisakah pindah permainan slot gacor tanpa daftar ulang di HOMEBET88?","Apakah slot gacor HOMEBET88 nyaman di HP?","Bagaimana kalau meja slot gacor di HOMEBET88 terasa dingin?","Apakah HOMEBET88 situs slot gacor yang bisa dicoba hari ini?","Bagaimana cara mulai main slot gacor di HOMEBET88?","Bisa. Slot gacor HOMEBET88 ada di satu akun. Ganti permainan tidak perlu login baru.","Nyaman. Lobby slot gacor HOMEBET88 ringkas di HP, RTP dan jackpot tetap kebaca, sesi bisa dipotong kapan saja.","Pindah permainan di lobby yang sama. HOMEBET88 tidak memaksa bertahan di satu meja kalau ritmenya tidak nyambung.","Ya. HOMEBET88 menata slot gacor dalam satu lobby. Anda bisa cek RTP, pilih permainan, lalu main pelan tanpa pindah situs.","Masuk HOMEBET88, pilih permainan slot gacor yang ingin dijajal, mulai dengan taruhan kecil. RTP dan info jackpot ada sebelum sesi berjalan.","Saya sempat ragu pola maxwin di HOMEBET88. Setelah dicoba, itu hanya panduan. Yang saya pakai justru pilih meja pelan dan tarik begitu sudah cukup.","Saya daftar HOMEBET88 lalu langsung ke slot gacor, tidak muter halaman. Info jackpot 2026-nya kebaca. Saya kunci sesi sebelum jadi lama.","Saya banding RTP beberapa permainan di HOMEBET88. Yang lebih tinggi saya jajal dulu. Slot gacor-nya tidak janji menang terus, dan itu yang bikin saya tenang.","Saya tarik dari HOMEBET88 setelah sesi slot gacor malam ini. Prosesnya rapi, tidak banyak tanya. Besok saya tidak maksa balik kalau mood tidak pas.","Saya chat HOMEBET88 soal permainan yang RTP-nya tidak muncul. Dijawab singkat, lalu saya pilih slot gacor lain. Alurnya manusiawi, tidak bertele.","Arif Rahman","Bayu Firmansyah","Nisa Fadilah","Mutiara Kartika","Yoga Prasetyo","HOMEBET88 login","HOMEBET88 daftar","Alternatif HOMEBET88","HOMEBET88 official","HOMEBET88 apk"
"aarhus-branding-events","BIRUTOTO","BIRUTOTO Jalan Pintas ke Provider Favorit x Aarhus Branding Events","BIRUTOTO siap dipakai sebagai situs slot gacor untuk main pelan hari ini dengan pilihan meja yang gampang dicari, data RTP terkini, dan pantauan jackpot yang rapi dengan bantuan yang tetap bisa dihubungi.","<a href=""#"">BIRUTOTO</a> siap dipakai sebagai situs slot gacor untuk main pelan hari ini dengan pilihan meja yang gampang dicari, data RTP terkini, dan pantauan jackpot yang rapi dengan bantuan yang tetap bisa dihubungi.","Update slot gacor BIRUTOTO hari ini","BIRUTOTO merapikan info RTP dan jackpot slot gacor","Kabar pola maxwin 2026 di situs slot gacor BIRUTOTO","BIRUTOTO hadirkan pilihan slot gacor dalam satu lobby","Update jackpot terkini slot gacor BIRUTOTO","Apakah slot gacor BIRUTOTO nyaman di HP?","Bagaimana kalau meja slot gacor di BIRUTOTO terasa dingin?","Apakah BIRUTOTO situs slot gacor yang bisa dicoba hari ini?","Bagaimana cara mulai main slot gacor di BIRUTOTO?","Apakah RTP slot gacor di BIRUTOTO bisa dilihat?","Nyaman. Lobby slot gacor BIRUTOTO ringkas di HP, RTP dan jackpot tetap kebaca, sesi bisa dipotong kapan saja.","Pindah permainan di lobby yang sama. BIRUTOTO tidak memaksa bertahan di satu meja kalau ritmenya tidak nyambung.","Ya. BIRUTOTO menata slot gacor dalam satu lobby. Anda bisa cek RTP, pilih permainan, lalu main pelan tanpa pindah situs.","Masuk BIRUTOTO, pilih permainan slot gacor yang ingin dijajal, mulai dengan taruhan kecil. RTP dan info jackpot ada sebelum sesi berjalan.","Bisa. BIRUTOTO menampilkan ringkasan RTP supaya pemain punya acuan pilih meja, bukan janji menang terus.","Saya bawa BIRUTOTO dari browser ke HP, slot gacor-nya tetap ada. Jackpot yang tadi saya lihat masih kebaca. Tidak perlu akun kedua.","Saya set limit sebelum buka slot gacor BIRUTOTO. Pas nyentuh, saya berhenti meski masih ingin spin. Disiplin itu yang saya bawa dari sesi ini.","Saya buka BIRUTOTO karena cari situs slot gacor yang denahnya jelas. RTP-nya kebaca, saya pilih satu permainan lalu main pelan. Habis ada naik tipis, saya tarik dan tidak nambah sesi.","Saya coba slot gacor di BIRUTOTO dengan taruhan kecil dulu. Pola yang tampil saya anggap catatan, bukan jaminan. Sesi itu cukup buat ngerasain mejanya, lalu saya tutup.","Saya lihat info jackpot di BIRUTOTO sebelum spin. Bukan angka gila, tapi cukup buat nentuin mau lanjut atau pindah. Slot gacor-nya terasa rapi, tidak berisik.","Budi Hartono","Rina Wulandari","Ilham Ramadhan","Aulia Zahra","Andi Saputra","BIRUTOTO login","BIRUTOTO daftar","Alternatif BIRUTOTO","link alternatif BIRUTOTO","BIRUTOTO wap"
"aarhus-e-commerce-events","LAMPUNG123","LAMPUNG123 Sesi Santai Tanpa All-In x Aarhus E-Commerce Events","LAMPUNG123 berdiri sebagai situs slot gacor yang menata permainan dalam satu lobby dengan pilihan meja yang gampang dicari, update jackpot 2026, dan RTP yang tidak disembunyiin untuk main di HP maupun browser.","<a href=""#"">LAMPUNG123</a> berdiri sebagai situs slot gacor yang menata permainan dalam satu lobby dengan pilihan meja yang gampang dicari, update jackpot 2026, dan RTP yang tidak disembunyiin untuk main di HP maupun browser.","Intip slot gacor LAMPUNG123 hari ini","LAMPUNG123 merapikan info RTP dan jackpot slot gacor","Kabar pola maxwin 2026 di situs slot gacor LAMPUNG123","LAMPUNG123 hadirkan pilihan slot gacor dalam satu lobby","Update jackpot terkini slot gacor LAMPUNG123","Bagaimana kalau meja slot gacor di LAMPUNG123 terasa dingin?","Apakah LAMPUNG123 situs slot gacor yang bisa dicoba hari ini?","Bagaimana cara mulai main slot gacor di LAMPUNG123?","Apakah RTP slot gacor di LAMPUNG123 bisa dilihat?","Bagaimana info jackpot di LAMPUNG123 diperbarui?","Pindah permainan di lobby yang sama. LAMPUNG123 tidak memaksa bertahan di satu meja kalau ritmenya tidak nyambung.","Ya. LAMPUNG123 menata slot gacor dalam satu lobby. Anda bisa cek RTP, pilih permainan, lalu main pelan tanpa pindah situs.","Masuk LAMPUNG123, pilih permainan slot gacor yang ingin dijajal, mulai dengan taruhan kecil. RTP dan info jackpot ada sebelum sesi berjalan.","Bisa. LAMPUNG123 menampilkan ringkasan RTP supaya pemain punya acuan pilih meja, bukan janji menang terus.","Informasi jackpot di LAMPUNG123 disusun agar kebaca sebelum main. Angkanya jadi pantauan, bukan slogan di judul.","Saya pindah permainan slot gacor di LAMPUNG123 setelah yang pertama sepi. Lobby-nya satu pintu, gak logout. RTP meja kedua lebih nyambung, saya stop pas sudah plus tipis.","Saya main slot gacor LAMPUNG123 di HP sambil nunggu. Grafiknya ringan, jackpot dan RTP tetap kelihatan. Sesi pendek, saya tidak dipaksa gas besar.","Saya sempat ragu pola maxwin di LAMPUNG123. Setelah dicoba, itu hanya panduan. Yang saya pakai justru pilih meja pelan dan tarik begitu sudah cukup.","Saya daftar LAMPUNG123 lalu langsung ke slot gacor, tidak muter halaman. Info jackpot 2026-nya kebaca. Saya kunci sesi sebelum jadi lama.","Saya banding RTP beberapa permainan di LAMPUNG123. Yang lebih tinggi saya jajal dulu. Slot gacor-nya tidak janji menang terus, dan itu yang bikin saya tenang.","Bayu Firmansyah","Dinda Lestari","Aulia Zahra","Aldi Salim","Dimas Kurniawan","LAMPUNG123 login","LAMPUNG123 daftar","Alternatif LAMPUNG123","LAMPUNG123 gacor","situs LAMPUNG123"
"aarhus-digital-media-events","SAKAUTOTO","SAKAUTOTO Kabar Server yang Lagi Lancar x Aarhus Digital Media Events","SAKAUTOTO hadir sebagai situs slot gacor gampang menang hari ini dengan info RTP yang kebaca sebelum mulai, update jackpot 2026, dan RTP yang tidak disembunyiin.","<a href=""#"">SAKAUTOTO</a> hadir sebagai situs slot gacor gampang menang hari ini dengan info RTP yang kebaca sebelum mulai, update jackpot 2026, dan RTP yang tidak disembunyiin.","Yuk cek slot gacor SAKAUTOTO hari ini","SAKAUTOTO merapikan info RTP dan jackpot slot gacor","Kabar pola maxwin 2026 di situs slot gacor SAKAUTOTO","SAKAUTOTO hadirkan pilihan slot gacor dalam satu lobby","Update jackpot terkini slot gacor SAKAUTOTO","Apakah SAKAUTOTO situs slot gacor yang bisa dicoba hari ini?","Bagaimana cara mulai main slot gacor di SAKAUTOTO?","Apakah RTP slot gacor di SAKAUTOTO bisa dilihat?","Bagaimana info jackpot di SAKAUTOTO diperbarui?","Apakah pola maxwin di SAKAUTOTO wajib diikuti?","Ya. SAKAUTOTO menata slot gacor dalam satu lobby. Anda bisa cek RTP, pilih permainan, lalu main pelan tanpa pindah situs.","Masuk SAKAUTOTO, pilih permainan slot gacor yang ingin dijajal, mulai dengan taruhan kecil. RTP dan info jackpot ada sebelum sesi berjalan.","Bisa. SAKAUTOTO menampilkan ringkasan RTP supaya pemain punya acuan pilih meja, bukan janji menang terus.","Informasi jackpot di SAKAUTOTO disusun agar kebaca sebelum main. Angkanya jadi pantauan, bukan slogan di judul.","Tidak wajib. Pola di SAKAUTOTO hanya referensi. Keputusan taruhan tetap di pemain, meja tetap bisa diganti kalau terasa sepi.","Saya tarik dari SAKAUTOTO setelah sesi slot gacor malam ini. Prosesnya rapi, tidak banyak tanya. Besok saya tidak maksa balik kalau mood tidak pas.","Saya chat SAKAUTOTO soal permainan yang RTP-nya tidak muncul. Dijawab singkat, lalu saya pilih slot gacor lain. Alurnya manusiawi, tidak bertele.","Saya bawa SAKAUTOTO dari browser ke HP, slot gacor-nya tetap ada. Jackpot yang tadi saya lihat masih kebaca. Tidak perlu akun kedua.","Saya set limit sebelum buka slot gacor SAKAUTOTO. Pas nyentuh, saya berhenti meski masih ingin spin. Disiplin itu yang saya bawa dari sesi ini.","Saya buka SAKAUTOTO karena cari situs slot gacor yang denahnya jelas. RTP-nya kebaca, saya pilih satu permainan lalu main pelan. Habis ada naik tipis, saya tarik dan tidak nambah sesi.","Budi Hartono","Maya Sari","Bayu Firmansyah","Ilham Ramadhan","Putri Ayu","SAKAUTOTO login","SAKAUTOTO daftar","Alternatif SAKAUTOTO","SAKAUTOTO slot gacor","SAKAUTOTO terpercaya"
"aarhus-marketing-events","ANGSA4D","ANGSA4D Pilihan Meja buat Modal Receh x Aarhus Marketing Events","ANGSA4D dikenal sebagai situs slot gacor yang nyaman dijajal hari ini dengan info RTP yang kebaca sebelum mulai, update jackpot 2026, dan RTP yang tidak disembunyiin tanpa banyak slogan.","<a href=""#"">ANGSA4D</a> dikenal sebagai situs slot gacor yang nyaman dijajal hari ini dengan info RTP yang kebaca sebelum mulai, update jackpot 2026, dan RTP yang tidak disembunyiin tanpa banyak slogan.","Jangan lewatkan slot gacor ANGSA4D hari ini","ANGSA4D merapikan info RTP dan jackpot slot gacor","Kabar pola maxwin 2026 di situs slot gacor ANGSA4D","ANGSA4D hadirkan pilihan slot gacor dalam satu lobby","Update jackpot terkini slot gacor ANGSA4D","Bagaimana cara mulai main slot gacor di ANGSA4D?","Apakah RTP slot gacor di ANGSA4D bisa dilihat?","Bagaimana info jackpot di ANGSA4D diperbarui?","Apakah pola maxwin di ANGSA4D wajib diikuti?","Bisakah pindah permainan slot gacor tanpa daftar ulang di ANGSA4D?","Masuk ANGSA4D, pilih permainan slot gacor yang ingin dijajal, mulai dengan taruhan kecil. RTP dan info jackpot ada sebelum sesi berjalan.","Bisa. ANGSA4D menampilkan ringkasan RTP supaya pemain punya acuan pilih meja, bukan janji menang terus.","Informasi jackpot di ANGSA4D disusun agar kebaca sebelum main. Angkanya jadi pantauan, bukan slogan di judul.","Tidak wajib. Pola di ANGSA4D hanya referensi. Keputusan taruhan tetap di pemain, meja tetap bisa diganti kalau terasa sepi.","Bisa. Slot gacor ANGSA4D ada di satu akun. Ganti permainan tidak perlu login baru.","Saya coba slot gacor di ANGSA4D dengan taruhan kecil dulu. Pola yang tampil saya anggap catatan, bukan jaminan. Sesi itu cukup buat ngerasain mejanya, lalu saya tutup.","Saya lihat info jackpot di ANGSA4D sebelum spin. Bukan angka gila, tapi cukup buat nentuin mau lanjut atau pindah. Slot gacor-nya terasa rapi, tidak berisik.","Saya pindah permainan slot gacor di ANGSA4D setelah yang pertama sepi. Lobby-nya satu pintu, gak logout. RTP meja kedua lebih nyambung, saya stop pas sudah plus tipis.","Saya main slot gacor ANGSA4D di HP sambil nunggu. Grafiknya ringan, jackpot dan RTP tetap kelihatan. Sesi pendek, saya tidak dipaksa gas besar.","Saya sempat ragu pola maxwin di ANGSA4D. Setelah dicoba, itu hanya panduan. Yang saya pakai justru pilih meja pelan dan tarik begitu sudah cukup.","Nisa Fadilah","Ilham Ramadhan","Bayu Firmansyah","Alika Rahman","Budi Hartono","ANGSA4D login","ANGSA4D daftar","Alternatif ANGSA4D","ANGSA4D link login","ANGSA4D slot online"
"register-and-secure-your-seat","OLX100","OLX100 Update Katalog Game yang Baru Masuk x Register and Secure Your Seat","OLX100 menjadi pilihan situs slot gacor buat sesi harian dengan katalog permainan yang tidak tercecer, informasi jackpot yang mudah dibaca, dan RTP yang membantu pilih meja untuk pemain yang mau coba dulu.","<a href=""#"">OLX100</a> menjadi pilihan situs slot gacor buat sesi harian dengan katalog permainan yang tidak tercecer, informasi jackpot yang mudah dibaca, dan RTP yang membantu pilih meja untuk pemain yang mau coba dulu.","Kabar slot gacor OLX100 hari ini","OLX100 merapikan info RTP dan jackpot slot gacor","Kabar pola maxwin 2026 di situs slot gacor OLX100","OLX100 hadirkan pilihan slot gacor dalam satu lobby","Update jackpot terkini slot gacor OLX100","Apakah RTP slot gacor di OLX100 bisa dilihat?","Bagaimana info jackpot di OLX100 diperbarui?","Apakah pola maxwin di OLX100 wajib diikuti?","Bisakah pindah permainan slot gacor tanpa daftar ulang di OLX100?","Apakah slot gacor OLX100 nyaman di HP?","Bisa. OLX100 menampilkan ringkasan RTP supaya pemain punya acuan pilih meja, bukan janji menang terus.","Informasi jackpot di OLX100 disusun agar kebaca sebelum main. Angkanya jadi pantauan, bukan slogan di judul.","Tidak wajib. Pola di OLX100 hanya referensi. Keputusan taruhan tetap di pemain, meja tetap bisa diganti kalau terasa sepi.","Bisa. Slot gacor OLX100 ada di satu akun. Ganti permainan tidak perlu login baru.","Nyaman. Lobby slot gacor OLX100 ringkas di HP, RTP dan jackpot tetap kebaca, sesi bisa dipotong kapan saja.","Saya daftar OLX100 lalu langsung ke slot gacor, tidak muter halaman. Info jackpot 2026-nya kebaca. Saya kunci sesi sebelum jadi lama.","Saya banding RTP beberapa permainan di OLX100. Yang lebih tinggi saya jajal dulu. Slot gacor-nya tidak janji menang terus, dan itu yang bikin saya tenang.","Saya tarik dari OLX100 setelah sesi slot gacor malam ini. Prosesnya rapi, tidak banyak tanya. Besok saya tidak maksa balik kalau mood tidak pas.","Saya chat OLX100 soal permainan yang RTP-nya tidak muncul. Dijawab singkat, lalu saya pilih slot gacor lain. Alurnya manusiawi, tidak bertele.","Saya bawa OLX100 dari browser ke HP, slot gacor-nya tetap ada. Jackpot yang tadi saya lihat masih kebaca. Tidak perlu akun kedua.","Dinda Lestari","Eko Santoso","Alika Rahman","Arif Rahman","Rizky Pratama","OLX100 login","OLX100 daftar","Alternatif OLX100","OLX100 slot","OLX100 rtp"
"the-digimarcon-difference","KAISARJP","KAISARJP Yuk Main Pelan di Jam Sepi x The DigiMarCon Difference","KAISARJP menyediakan akses situs slot gacor dengan alur yang ringkas dengan katalog permainan yang tidak tercecer, informasi jackpot yang mudah dibaca, dan RTP yang membantu pilih meja dengan sesi yang bisa ditutup kapan saja.","<a href=""#"">KAISARJP</a> menyediakan akses situs slot gacor dengan alur yang ringkas dengan katalog permainan yang tidak tercecer, informasi jackpot yang mudah dibaca, dan RTP yang membantu pilih meja dengan sesi yang bisa ditutup kapan saja.","Update slot gacor KAISARJP hari ini","KAISARJP merapikan info RTP dan jackpot slot gacor","Kabar pola maxwin 2026 di situs slot gacor KAISARJP","KAISARJP hadirkan pilihan slot gacor dalam satu lobby","Update jackpot terkini slot gacor KAISARJP","Bagaimana info jackpot di KAISARJP diperbarui?","Apakah pola maxwin di KAISARJP wajib diikuti?","Bisakah pindah permainan slot gacor tanpa daftar ulang di KAISARJP?","Apakah slot gacor KAISARJP nyaman di HP?","Bagaimana kalau meja slot gacor di KAISARJP terasa dingin?","Informasi jackpot di KAISARJP disusun agar kebaca sebelum main. Angkanya jadi pantauan, bukan slogan di judul.","Tidak wajib. Pola di KAISARJP hanya referensi. Keputusan taruhan tetap di pemain, meja tetap bisa diganti kalau terasa sepi.","Bisa. Slot gacor KAISARJP ada di satu akun. Ganti permainan tidak perlu login baru.","Nyaman. Lobby slot gacor KAISARJP ringkas di HP, RTP dan jackpot tetap kebaca, sesi bisa dipotong kapan saja.","Pindah permainan di lobby yang sama. KAISARJP tidak memaksa bertahan di satu meja kalau ritmenya tidak nyambung.","Saya set limit sebelum buka slot gacor KAISARJP. Pas nyentuh, saya berhenti meski masih ingin spin. Disiplin itu yang saya bawa dari sesi ini.","Saya buka KAISARJP karena cari situs slot gacor yang denahnya jelas. RTP-nya kebaca, saya pilih satu permainan lalu main pelan. Habis ada naik tipis, saya tarik dan tidak nambah sesi.","Saya coba slot gacor di KAISARJP dengan taruhan kecil dulu. Pola yang tampil saya anggap catatan, bukan jaminan. Sesi itu cukup buat ngerasain mejanya, lalu saya tutup.","Saya lihat info jackpot di KAISARJP sebelum spin. Bukan angka gila, tapi cukup buat nentuin mau lanjut atau pindah. Slot gacor-nya terasa rapi, tidak berisik.","Saya pindah permainan slot gacor di KAISARJP setelah yang pertama sepi. Lobby-nya satu pintu, gak logout. RTP meja kedua lebih nyambung, saya stop pas sudah plus tipis.","Bayu Firmansyah","Lina Kartika","Yoga Prasetyo","Agus Wijaya","Citra Melati","KAISARJP login","KAISARJP daftar","Alternatif KAISARJP","KAISARJP link","KAISARJP masuk"
"stay-tuned","BPJS777","BPJS777 Jangan Lewatkan Sesi Malam yang Basah x Stay Tuned","BPJS777 tampil sebagai situs slot gacor resmi yang gampang diikuti dengan jalur login yang tidak muter-muter, informasi jackpot yang mudah dibaca, dan RTP yang membantu pilih meja supaya denah permainannya kebaca.","<a href=""#"">BPJS777</a> tampil sebagai situs slot gacor resmi yang gampang diikuti dengan jalur login yang tidak muter-muter, informasi jackpot yang mudah dibaca, dan RTP yang membantu pilih meja supaya denah permainannya kebaca.","Intip slot gacor BPJS777 hari ini","BPJS777 merapikan info RTP dan jackpot slot gacor","Kabar pola maxwin 2026 di situs slot gacor BPJS777","BPJS777 hadirkan pilihan slot gacor dalam satu lobby","Update jackpot terkini slot gacor BPJS777","Apakah pola maxwin di BPJS777 wajib diikuti?","Bisakah pindah permainan slot gacor tanpa daftar ulang di BPJS777?","Apakah slot gacor BPJS777 nyaman di HP?","Bagaimana kalau meja slot gacor di BPJS777 terasa dingin?","Apakah BPJS777 situs slot gacor yang bisa dicoba hari ini?","Tidak wajib. Pola di BPJS777 hanya referensi. Keputusan taruhan tetap di pemain, meja tetap bisa diganti kalau terasa sepi.","Bisa. Slot gacor BPJS777 ada di satu akun. Ganti permainan tidak perlu login baru.","Nyaman. Lobby slot gacor BPJS777 ringkas di HP, RTP dan jackpot tetap kebaca, sesi bisa dipotong kapan saja.","Pindah permainan di lobby yang sama. BPJS777 tidak memaksa bertahan di satu meja kalau ritmenya tidak nyambung.","Ya. BPJS777 menata slot gacor dalam satu lobby. Anda bisa cek RTP, pilih permainan, lalu main pelan tanpa pindah situs.","Saya main slot gacor BPJS777 di HP sambil nunggu. Grafiknya ringan, jackpot dan RTP tetap kelihatan. Sesi pendek, saya tidak dipaksa gas besar.","Saya sempat ragu pola maxwin di BPJS777. Setelah dicoba, itu hanya panduan. Yang saya pakai justru pilih meja pelan dan tarik begitu sudah cukup.","Saya daftar BPJS777 lalu langsung ke slot gacor, tidak muter halaman. Info jackpot 2026-nya kebaca. Saya kunci sesi sebelum jadi lama.","Saya banding RTP beberapa permainan di BPJS777. Yang lebih tinggi saya jajal dulu. Slot gacor-nya tidak janji menang terus, dan itu yang bikin saya tenang.","Saya tarik dari BPJS777 setelah sesi slot gacor malam ini. Prosesnya rapi, tidak banyak tanya. Besok saya tidak maksa balik kalau mood tidak pas.","Andi Saputra","Yoga Prasetyo","Ilham Ramadhan","Dewi Anggraini","Nadia Putri","BPJS777 login","BPJS777 daftar","Alternatif BPJS777","BPJS777 official","BPJS777 apk"
"online-live","NAGARP","NAGARP Hadiah Kecil yang Worth Ditutup x Online Live","NAGARP menghadirkan situs slot gacor dengan pintu masuk yang pendek dengan jalur login yang tidak muter-muter, pantauan RTP, dan kabar jackpot yang tidak berlebihan biar gak nyasar pindah situs.","<a href=""#"">NAGARP</a> menghadirkan situs slot gacor dengan pintu masuk yang pendek dengan jalur login yang tidak muter-muter, pantauan RTP, dan kabar jackpot yang tidak berlebihan biar gak nyasar pindah situs.","Yuk cek slot gacor NAGARP hari ini","NAGARP merapikan info RTP dan jackpot slot gacor","Kabar pola maxwin 2026 di situs slot gacor NAGARP","NAGARP hadirkan pilihan slot gacor dalam satu lobby","Update jackpot terkini slot gacor NAGARP","Bisakah pindah permainan slot gacor tanpa daftar ulang di NAGARP?","Apakah slot gacor NAGARP nyaman di HP?","Bagaimana kalau meja slot gacor di NAGARP terasa dingin?","Apakah NAGARP situs slot gacor yang bisa dicoba hari ini?","Bagaimana cara mulai main slot gacor di NAGARP?","Bisa. Slot gacor NAGARP ada di satu akun. Ganti permainan tidak perlu login baru.","Nyaman. Lobby slot gacor NAGARP ringkas di HP, RTP dan jackpot tetap kebaca, sesi bisa dipotong kapan saja.","Pindah permainan di lobby yang sama. NAGARP tidak memaksa bertahan di satu meja kalau ritmenya tidak nyambung.","Ya. NAGARP menata slot gacor dalam satu lobby. Anda bisa cek RTP, pilih permainan, lalu main pelan tanpa pindah situs.","Masuk NAGARP, pilih permainan slot gacor yang ingin dijajal, mulai dengan taruhan kecil. RTP dan info jackpot ada sebelum sesi berjalan.","Saya chat NAGARP soal permainan yang RTP-nya tidak muncul. Dijawab singkat, lalu saya pilih slot gacor lain. Alurnya manusiawi, tidak bertele.","Saya bawa NAGARP dari browser ke HP, slot gacor-nya tetap ada. Jackpot yang tadi saya lihat masih kebaca. Tidak perlu akun kedua.","Saya set limit sebelum buka slot gacor NAGARP. Pas nyentuh, saya berhenti meski masih ingin spin. Disiplin itu yang saya bawa dari sesi ini.","Saya buka NAGARP karena cari situs slot gacor yang denahnya jelas. RTP-nya kebaca, saya pilih satu permainan lalu main pelan. Habis ada naik tipis, saya tarik dan tidak nambah sesi.","Saya coba slot gacor di NAGARP dengan taruhan kecil dulu. Pola yang tampil saya anggap catatan, bukan jaminan. Sesi itu cukup buat ngerasain mejanya, lalu saya tutup.","Eko Santoso","Aulia Zahra","Putri Ayu","Dimas Kurniawan","Rizky Pratama","NAGARP login","NAGARP daftar","Alternatif NAGARP","link alternatif NAGARP","NAGARP wap"
"conference-exhibition","IMBASLOT","IMBASLOT Alur Deposit Main Tarik yang Rapi x Conference & Exhibition","IMBASLOT siap dipakai sebagai situs slot gacor untuk main pelan hari ini dengan koleksi slot gacor dari beberapa provider, pantauan RTP, dan kabar jackpot yang tidak berlebihan dengan bantuan yang tetap bisa dihubungi.","<a href=""#"">IMBASLOT</a> siap dipakai sebagai situs slot gacor untuk main pelan hari ini dengan koleksi slot gacor dari beberapa provider, pantauan RTP, dan kabar jackpot yang tidak berlebihan dengan bantuan yang tetap bisa dihubungi.","Jangan lewatkan slot gacor IMBASLOT hari ini","IMBASLOT merapikan info RTP dan jackpot slot gacor","Kabar pola maxwin 2026 di situs slot gacor IMBASLOT","IMBASLOT hadirkan pilihan slot gacor dalam satu lobby","Update jackpot terkini slot gacor IMBASLOT","Apakah slot gacor IMBASLOT nyaman di HP?","Bagaimana kalau meja slot gacor di IMBASLOT terasa dingin?","Apakah IMBASLOT situs slot gacor yang bisa dicoba hari ini?","Bagaimana cara mulai main slot gacor di IMBASLOT?","Apakah RTP slot gacor di IMBASLOT bisa dilihat?","Nyaman. Lobby slot gacor IMBASLOT ringkas di HP, RTP dan jackpot tetap kebaca, sesi bisa dipotong kapan saja.","Pindah permainan di lobby yang sama. IMBASLOT tidak memaksa bertahan di satu meja kalau ritmenya tidak nyambung.","Ya. IMBASLOT menata slot gacor dalam satu lobby. Anda bisa cek RTP, pilih permainan, lalu main pelan tanpa pindah situs.","Masuk IMBASLOT, pilih permainan slot gacor yang ingin dijajal, mulai dengan taruhan kecil. RTP dan info jackpot ada sebelum sesi berjalan.","Bisa. IMBASLOT menampilkan ringkasan RTP supaya pemain punya acuan pilih meja, bukan janji menang terus.","Saya lihat info jackpot di IMBASLOT sebelum spin. Bukan angka gila, tapi cukup buat nentuin mau lanjut atau pindah. Slot gacor-nya terasa rapi, tidak berisik.","Saya pindah permainan slot gacor di IMBASLOT setelah yang pertama sepi. Lobby-nya satu pintu, gak logout. RTP meja kedua lebih nyambung, saya stop pas sudah plus tipis.","Saya main slot gacor IMBASLOT di HP sambil nunggu. Grafiknya ringan, jackpot dan RTP tetap kelihatan. Sesi pendek, saya tidak dipaksa gas besar.","Saya sempat ragu pola maxwin di IMBASLOT. Setelah dicoba, itu hanya panduan. Yang saya pakai justru pilih meja pelan dan tarik begitu sudah cukup.","Saya daftar IMBASLOT lalu langsung ke slot gacor, tidak muter halaman. Info jackpot 2026-nya kebaca. Saya kunci sesi sebelum jadi lama.","Ayu Rahma","Budi Hartono","Rafi Maulana","Nisa Fadilah","Andi Saputra","IMBASLOT login","IMBASLOT daftar","Alternatif IMBASLOT","IMBASLOT gacor","situs IMBASLOT"
"attendee-info","MELATI188","MELATI188 Kabar CS Malam yang Masih Online x Attendee Info","MELATI188 berdiri sebagai situs slot gacor yang menata permainan dalam satu lobby dengan koleksi slot gacor dari beberapa provider, pantauan RTP, dan kabar jackpot yang tidak berlebihan untuk main di HP maupun browser.","<a href=""#"">MELATI188</a> berdiri sebagai situs slot gacor yang menata permainan dalam satu lobby dengan koleksi slot gacor dari beberapa provider, pantauan RTP, dan kabar jackpot yang tidak berlebihan untuk main di HP maupun browser.","Kabar slot gacor MELATI188 hari ini","MELATI188 merapikan info RTP dan jackpot slot gacor","Kabar pola maxwin 2026 di situs slot gacor MELATI188","MELATI188 hadirkan pilihan slot gacor dalam satu lobby","Update jackpot terkini slot gacor MELATI188","Bagaimana kalau meja slot gacor di MELATI188 terasa dingin?","Apakah MELATI188 situs slot gacor yang bisa dicoba hari ini?","Bagaimana cara mulai main slot gacor di MELATI188?","Apakah RTP slot gacor di MELATI188 bisa dilihat?","Bagaimana info jackpot di MELATI188 diperbarui?","Pindah permainan di lobby yang sama. MELATI188 tidak memaksa bertahan di satu meja kalau ritmenya tidak nyambung.","Ya. MELATI188 menata slot gacor dalam satu lobby. Anda bisa cek RTP, pilih permainan, lalu main pelan tanpa pindah situs.","Masuk MELATI188, pilih permainan slot gacor yang ingin dijajal, mulai dengan taruhan kecil. RTP dan info jackpot ada sebelum sesi berjalan.","Bisa. MELATI188 menampilkan ringkasan RTP supaya pemain punya acuan pilih meja, bukan janji menang terus.","Informasi jackpot di MELATI188 disusun agar kebaca sebelum main. Angkanya jadi pantauan, bukan slogan di judul.","Saya banding RTP beberapa permainan di MELATI188. Yang lebih tinggi saya jajal dulu. Slot gacor-nya tidak janji menang terus, dan itu yang bikin saya tenang.","Saya tarik dari MELATI188 setelah sesi slot gacor malam ini. Prosesnya rapi, tidak banyak tanya. Besok saya tidak maksa balik kalau mood tidak pas.","Saya chat MELATI188 soal permainan yang RTP-nya tidak muncul. Dijawab singkat, lalu saya pilih slot gacor lain. Alurnya manusiawi, tidak bertele.","Saya bawa MELATI188 dari browser ke HP, slot gacor-nya tetap ada. Jackpot yang tadi saya lihat masih kebaca. Tidak perlu akun kedua.","Saya set limit sebelum buka slot gacor MELATI188. Pas nyentuh, saya berhenti meski masih ingin spin. Disiplin itu yang saya bawa dari sesi ini.","Alika Rahman","Ilham Ramadhan","Putri Ayu","Rizky Pratama","Aldi Salim","MELATI188 login","MELATI188 daftar","Alternatif MELATI188","MELATI188 slot gacor","MELATI188 terpercaya"
"agenda-at-a-glance","MULTIBET88","MULTIBET88 Sesi HP Buat yang Lagi di Jalan x Agenda at a Glance","MULTIBET88 hadir sebagai situs slot gacor gampang menang hari ini dengan link pola maxwin terbaru 2026, RTP tinggi, dan informasi jackpot terkini.","<a href=""#"">MULTIBET88</a> hadir sebagai situs slot gacor gampang menang hari ini dengan link pola maxwin terbaru 2026, RTP tinggi, dan informasi jackpot terkini.","Update slot gacor MULTIBET88 hari ini","MULTIBET88 merapikan info RTP dan jackpot slot gacor","Kabar pola maxwin 2026 di situs slot gacor MULTIBET88","MULTIBET88 hadirkan pilihan slot gacor dalam satu lobby","Update jackpot terkini slot gacor MULTIBET88","Apakah MULTIBET88 situs slot gacor yang bisa dicoba hari ini?","Bagaimana cara mulai main slot gacor di MULTIBET88?","Apakah RTP slot gacor di MULTIBET88 bisa dilihat?","Bagaimana info jackpot di MULTIBET88 diperbarui?","Apakah pola maxwin di MULTIBET88 wajib diikuti?","Ya. MULTIBET88 menata slot gacor dalam satu lobby. Anda bisa cek RTP, pilih permainan, lalu main pelan tanpa pindah situs.","Masuk MULTIBET88, pilih permainan slot gacor yang ingin dijajal, mulai dengan taruhan kecil. RTP dan info jackpot ada sebelum sesi berjalan.","Bisa. MULTIBET88 menampilkan ringkasan RTP supaya pemain punya acuan pilih meja, bukan janji menang terus.","Informasi jackpot di MULTIBET88 disusun agar kebaca sebelum main. Angkanya jadi pantauan, bukan slogan di judul.","Tidak wajib. Pola di MULTIBET88 hanya referensi. Keputusan taruhan tetap di pemain, meja tetap bisa diganti kalau terasa sepi.","Saya buka MULTIBET88 karena cari situs slot gacor yang denahnya jelas. RTP-nya kebaca, saya pilih satu permainan lalu main pelan. Habis ada naik tipis, saya tarik dan tidak nambah sesi.","Saya coba slot gacor di MULTIBET88 dengan taruhan kecil dulu. Pola yang tampil saya anggap catatan, bukan jaminan. Sesi itu cukup buat ngerasain mejanya, lalu saya tutup.","Saya lihat info jackpot di MULTIBET88 sebelum spin. Bukan angka gila, tapi cukup buat nentuin mau lanjut atau pindah. Slot gacor-nya terasa rapi, tidak berisik.","Saya pindah permainan slot gacor di MULTIBET88 setelah yang pertama sepi. Lobby-nya satu pintu, gak logout. RTP meja kedua lebih nyambung, saya stop pas sudah plus tipis.","Saya main slot gacor MULTIBET88 di HP sambil nunggu. Grafiknya ringan, jackpot dan RTP tetap kelihatan. Sesi pendek, saya tidak dipaksa gas besar.","Nadia Putri","Ilham Ramadhan","Andi Saputra","Citra Melati","Aldi Salim","MULTIBET88 login","MULTIBET88 daftar","Alternatif MULTIBET88","MULTIBET88 link login","MULTIBET88 slot online"
"contact-us-aarhus","BOLA16","BOLA16 Update RTP yang Kebaca Jelas x Contact Us Aarhus","BOLA16 dikenal sebagai situs slot gacor yang nyaman dijajal hari ini dengan link pola maxwin terbaru 2026, RTP tinggi, dan informasi jackpot terkini tanpa banyak slogan.","<a href=""#"">BOLA16</a> dikenal sebagai situs slot gacor yang nyaman dijajal hari ini dengan link pola maxwin terbaru 2026, RTP tinggi, dan informasi jackpot terkini tanpa banyak slogan.","Intip slot gacor BOLA16 hari ini","BOLA16 merapikan info RTP dan jackpot slot gacor","Kabar pola maxwin 2026 di situs slot gacor BOLA16","BOLA16 hadirkan pilihan slot gacor dalam satu lobby","Update jackpot terkini slot gacor BOLA16","Bagaimana cara mulai main slot gacor di BOLA16?","Apakah RTP slot gacor di BOLA16 bisa dilihat?","Bagaimana info jackpot di BOLA16 diperbarui?","Apakah pola maxwin di BOLA16 wajib diikuti?","Bisakah pindah permainan slot gacor tanpa daftar ulang di BOLA16?","Masuk BOLA16, pilih permainan slot gacor yang ingin dijajal, mulai dengan taruhan kecil. RTP dan info jackpot ada sebelum sesi berjalan.","Bisa. BOLA16 menampilkan ringkasan RTP supaya pemain punya acuan pilih meja, bukan janji menang terus.","Informasi jackpot di BOLA16 disusun agar kebaca sebelum main. Angkanya jadi pantauan, bukan slogan di judul.","Tidak wajib. Pola di BOLA16 hanya referensi. Keputusan taruhan tetap di pemain, meja tetap bisa diganti kalau terasa sepi.","Bisa. Slot gacor BOLA16 ada di satu akun. Ganti permainan tidak perlu login baru.","Saya sempat ragu pola maxwin di BOLA16. Setelah dicoba, itu hanya panduan. Yang saya pakai justru pilih meja pelan dan tarik begitu sudah cukup.","Saya daftar BOLA16 lalu langsung ke slot gacor, tidak muter halaman. Info jackpot 2026-nya kebaca. Saya kunci sesi sebelum jadi lama.","Saya banding RTP beberapa permainan di BOLA16. Yang lebih tinggi saya jajal dulu. Slot gacor-nya tidak janji menang terus, dan itu yang bikin saya tenang.","Saya tarik dari BOLA16 setelah sesi slot gacor malam ini. Prosesnya rapi, tidak banyak tanya. Besok saya tidak maksa balik kalau mood tidak pas.","Saya chat BOLA16 soal permainan yang RTP-nya tidak muncul. Dijawab singkat, lalu saya pilih slot gacor lain. Alurnya manusiawi, tidak bertele.","Dewi Anggraini","Alika Rahman","Rizky Pratama","Arif Rahman","Ilham Ramadhan","BOLA16 login","BOLA16 daftar","Alternatif BOLA16","BOLA16 slot","BOLA16 rtp"
"speakers-aarhus","368MEGA","368MEGA Coba Provider yang Biasanya Kering x Speakers Aarhus","368MEGA menjadi pilihan situs slot gacor buat sesi harian dengan pembaruan pola main yang dibahas tahun 2026, RTP tinggi, dan informasi jackpot terkini untuk pemain yang mau coba dulu.","<a href=""#"">368MEGA</a> menjadi pilihan situs slot gacor buat sesi harian dengan pembaruan pola main yang dibahas tahun 2026, RTP tinggi, dan informasi jackpot terkini untuk pemain yang mau coba dulu.","Yuk cek slot gacor 368MEGA hari ini","368MEGA merapikan info RTP dan jackpot slot gacor","Kabar pola maxwin 2026 di situs slot gacor 368MEGA","368MEGA hadirkan pilihan slot gacor dalam satu lobby","Update jackpot terkini slot gacor 368MEGA","Apakah RTP slot gacor di 368MEGA bisa dilihat?","Bagaimana info jackpot di 368MEGA diperbarui?","Apakah pola maxwin di 368MEGA wajib diikuti?","Bisakah pindah permainan slot gacor tanpa daftar ulang di 368MEGA?","Apakah slot gacor 368MEGA nyaman di HP?","Bisa. 368MEGA menampilkan ringkasan RTP supaya pemain punya acuan pilih meja, bukan janji menang terus.","Informasi jackpot di 368MEGA disusun agar kebaca sebelum main. Angkanya jadi pantauan, bukan slogan di judul.","Tidak wajib. Pola di 368MEGA hanya referensi. Keputusan taruhan tetap di pemain, meja tetap bisa diganti kalau terasa sepi.","Bisa. Slot gacor 368MEGA ada di satu akun. Ganti permainan tidak perlu login baru.","Nyaman. Lobby slot gacor 368MEGA ringkas di HP, RTP dan jackpot tetap kebaca, sesi bisa dipotong kapan saja.","Saya bawa 368MEGA dari browser ke HP, slot gacor-nya tetap ada. Jackpot yang tadi saya lihat masih kebaca. Tidak perlu akun kedua.","Saya set limit sebelum buka slot gacor 368MEGA. Pas nyentuh, saya berhenti meski masih ingin spin. Disiplin itu yang saya bawa dari sesi ini.","Saya buka 368MEGA karena cari situs slot gacor yang denahnya jelas. RTP-nya kebaca, saya pilih satu permainan lalu main pelan. Habis ada naik tipis, saya tarik dan tidak nambah sesi.","Saya coba slot gacor di 368MEGA dengan taruhan kecil dulu. Pola yang tampil saya anggap catatan, bukan jaminan. Sesi itu cukup buat ngerasain mejanya, lalu saya tutup.","Saya lihat info jackpot di 368MEGA sebelum spin. Bukan angka gila, tapi cukup buat nentuin mau lanjut atau pindah. Slot gacor-nya terasa rapi, tidak berisik.","Lina Kartika","Budi Hartono","Mutiara Kartika","Rafi Maulana","Eko Santoso","368MEGA login","368MEGA daftar","Alternatif 368MEGA","368MEGA link","368MEGA masuk"
"sessions-aarhus","BOLA11","BOLA11 Lobby Ringkas buat Sesi 20 Menit x Sessions Aarhus","BOLA11 menyediakan akses situs slot gacor dengan alur yang ringkas dengan pembaruan pola main yang dibahas tahun 2026, ringkasan jackpot harian, dan catatan RTP yang jelas dengan sesi yang bisa ditutup kapan saja.","<a href=""#"">BOLA11</a> menyediakan akses situs slot gacor dengan alur yang ringkas dengan pembaruan pola main yang dibahas tahun 2026, ringkasan jackpot harian, dan catatan RTP yang jelas dengan sesi yang bisa ditutup kapan saja.","Jangan lewatkan slot gacor BOLA11 hari ini","BOLA11 merapikan info RTP dan jackpot slot gacor","Kabar pola maxwin 2026 di situs slot gacor BOLA11","BOLA11 hadirkan pilihan slot gacor dalam satu lobby","Update jackpot terkini slot gacor BOLA11","Bagaimana info jackpot di BOLA11 diperbarui?","Apakah pola maxwin di BOLA11 wajib diikuti?","Bisakah pindah permainan slot gacor tanpa daftar ulang di BOLA11?","Apakah slot gacor BOLA11 nyaman di HP?","Bagaimana kalau meja slot gacor di BOLA11 terasa dingin?","Informasi jackpot di BOLA11 disusun agar kebaca sebelum main. Angkanya jadi pantauan, bukan slogan di judul.","Tidak wajib. Pola di BOLA11 hanya referensi. Keputusan taruhan tetap di pemain, meja tetap bisa diganti kalau terasa sepi.","Bisa. Slot gacor BOLA11 ada di satu akun. Ganti permainan tidak perlu login baru.","Nyaman. Lobby slot gacor BOLA11 ringkas di HP, RTP dan jackpot tetap kebaca, sesi bisa dipotong kapan saja.","Pindah permainan di lobby yang sama. BOLA11 tidak memaksa bertahan di satu meja kalau ritmenya tidak nyambung.","Saya pindah permainan slot gacor di BOLA11 setelah yang pertama sepi. Lobby-nya satu pintu, gak logout. RTP meja kedua lebih nyambung, saya stop pas sudah plus tipis.","Saya main slot gacor BOLA11 di HP sambil nunggu. Grafiknya ringan, jackpot dan RTP tetap kelihatan. Sesi pendek, saya tidak dipaksa gas besar.","Saya sempat ragu pola maxwin di BOLA11. Setelah dicoba, itu hanya panduan. Yang saya pakai justru pilih meja pelan dan tarik begitu sudah cukup.","Saya daftar BOLA11 lalu langsung ke slot gacor, tidak muter halaman. Info jackpot 2026-nya kebaca. Saya kunci sesi sebelum jadi lama.","Saya banding RTP beberapa permainan di BOLA11. Yang lebih tinggi saya jajal dulu. Slot gacor-nya tidak janji menang terus, dan itu yang bikin saya tenang.","Nisa Fadilah","Yoga Prasetyo","Dimas Kurniawan","Mutiara Kartika","Rafi Maulana","BOLA11 login","BOLA11 daftar","Alternatif BOLA11","BOLA11 official","BOLA11 apk"
"buy-passes-aarhus","GACORKU168","GACORKU168 Kabar Event Mini yang Cair x Buy Passes Aarhus","GACORKU168 tampil sebagai situs slot gacor resmi yang gampang diikuti dengan akses permainan slot gacor yang dirapikan, ringkasan jackpot harian, dan catatan RTP yang jelas supaya denah permainannya kebaca.","<a href=""#"">GACORKU168</a> tampil sebagai situs slot gacor resmi yang gampang diikuti dengan akses permainan slot gacor yang dirapikan, ringkasan jackpot harian, dan catatan RTP yang jelas supaya denah permainannya kebaca.","Kabar slot gacor GACORKU168 hari ini","GACORKU168 merapikan info RTP dan jackpot slot gacor","Kabar pola maxwin 2026 di situs slot gacor GACORKU168","GACORKU168 hadirkan pilihan slot gacor dalam satu lobby","Update jackpot terkini slot gacor GACORKU168","Apakah pola maxwin di GACORKU168 wajib diikuti?","Bisakah pindah permainan slot gacor tanpa daftar ulang di GACORKU168?","Apakah slot gacor GACORKU168 nyaman di HP?","Bagaimana kalau meja slot gacor di GACORKU168 terasa dingin?","Apakah GACORKU168 situs slot gacor yang bisa dicoba hari ini?","Tidak wajib. Pola di GACORKU168 hanya referensi. Keputusan taruhan tetap di pemain, meja tetap bisa diganti kalau terasa sepi.","Bisa. Slot gacor GACORKU168 ada di satu akun. Ganti permainan tidak perlu login baru.","Nyaman. Lobby slot gacor GACORKU168 ringkas di HP, RTP dan jackpot tetap kebaca, sesi bisa dipotong kapan saja.","Pindah permainan di lobby yang sama. GACORKU168 tidak memaksa bertahan di satu meja kalau ritmenya tidak nyambung.","Ya. GACORKU168 menata slot gacor dalam satu lobby. Anda bisa cek RTP, pilih permainan, lalu main pelan tanpa pindah situs.","Saya tarik dari GACORKU168 setelah sesi slot gacor malam ini. Prosesnya rapi, tidak banyak tanya. Besok saya tidak maksa balik kalau mood tidak pas.","Saya chat GACORKU168 soal permainan yang RTP-nya tidak muncul. Dijawab singkat, lalu saya pilih slot gacor lain. Alurnya manusiawi, tidak bertele.","Saya bawa GACORKU168 dari browser ke HP, slot gacor-nya tetap ada. Jackpot yang tadi saya lihat masih kebaca. Tidak perlu akun kedua.","Saya set limit sebelum buka slot gacor GACORKU168. Pas nyentuh, saya berhenti meski masih ingin spin. Disiplin itu yang saya bawa dari sesi ini.","Saya buka GACORKU168 karena cari situs slot gacor yang denahnya jelas. RTP-nya kebaca, saya pilih satu permainan lalu main pelan. Habis ada naik tipis, saya tarik dan tidak nambah sesi.","Bayu Firmansyah","Lina Kartika","Nadia Putri","Aldi Salim","Rizky Pratama","GACORKU168 login","GACORKU168 daftar","Alternatif GACORKU168","link alternatif GACORKU168","GACORKU168 wap"
"workshops-aarhus","SINS88","SINS88 Jangan Skip Meja yang Lagi Hidup x Workshops Aarhus","SINS88 menghadirkan situs slot gacor dengan pintu masuk yang pendek dengan akses permainan slot gacor yang dirapikan, ringkasan jackpot harian, dan catatan RTP yang jelas biar gak nyasar pindah situs.","<a href=""#"">SINS88</a> menghadirkan situs slot gacor dengan pintu masuk yang pendek dengan akses permainan slot gacor yang dirapikan, ringkasan jackpot harian, dan catatan RTP yang jelas biar gak nyasar pindah situs.","Update slot gacor SINS88 hari ini","SINS88 merapikan info RTP dan jackpot slot gacor","Kabar pola maxwin 2026 di situs slot gacor SINS88","SINS88 hadirkan pilihan slot gacor dalam satu lobby","Update jackpot terkini slot gacor SINS88","Bisakah pindah permainan slot gacor tanpa daftar ulang di SINS88?","Apakah slot gacor SINS88 nyaman di HP?","Bagaimana kalau meja slot gacor di SINS88 terasa dingin?","Apakah SINS88 situs slot gacor yang bisa dicoba hari ini?","Bagaimana cara mulai main slot gacor di SINS88?","Bisa. Slot gacor SINS88 ada di satu akun. Ganti permainan tidak perlu login baru.","Nyaman. Lobby slot gacor SINS88 ringkas di HP, RTP dan jackpot tetap kebaca, sesi bisa dipotong kapan saja.","Pindah permainan di lobby yang sama. SINS88 tidak memaksa bertahan di satu meja kalau ritmenya tidak nyambung.","Ya. SINS88 menata slot gacor dalam satu lobby. Anda bisa cek RTP, pilih permainan, lalu main pelan tanpa pindah situs.","Masuk SINS88, pilih permainan slot gacor yang ingin dijajal, mulai dengan taruhan kecil. RTP dan info jackpot ada sebelum sesi berjalan.","Saya coba slot gacor di SINS88 dengan taruhan kecil dulu. Pola yang tampil saya anggap catatan, bukan jaminan. Sesi itu cukup buat ngerasain mejanya, lalu saya tutup.","Saya lihat info jackpot di SINS88 sebelum spin. Bukan angka gila, tapi cukup buat nentuin mau lanjut atau pindah. Slot gacor-nya terasa rapi, tidak berisik.","Saya pindah permainan slot gacor di SINS88 setelah yang pertama sepi. Lobby-nya satu pintu, gak logout. RTP meja kedua lebih nyambung, saya stop pas sudah plus tipis.","Saya main slot gacor SINS88 di HP sambil nunggu. Grafiknya ringan, jackpot dan RTP tetap kelihatan. Sesi pendek, saya tidak dipaksa gas besar.","Saya sempat ragu pola maxwin di SINS88. Setelah dicoba, itu hanya panduan. Yang saya pakai justru pilih meja pelan dan tarik begitu sudah cukup.","Rafi Maulana","Ayu Rahma","Nisa Fadilah","Bayu Firmansyah","Budi Hartono","SINS88 login","SINS88 daftar","Alternatif SINS88","SINS88 gacor","situs SINS88"
"business-events-aarhus","SENGTOTO","SENGTOTO Sesi Kopi Pagi Tanpa Gas Besar x Business Events Aarhus","SENGTOTO siap dipakai sebagai situs slot gacor untuk main pelan hari ini dengan pilihan meja yang gampang dicari, kabar jackpot terkini, dan RTP yang bisa dicek dengan bantuan yang tetap bisa dihubungi.","<a href=""#"">SENGTOTO</a> siap dipakai sebagai situs slot gacor untuk main pelan hari ini dengan pilihan meja yang gampang dicari, kabar jackpot terkini, dan RTP yang bisa dicek dengan bantuan yang tetap bisa dihubungi.","Intip slot gacor SENGTOTO hari ini","SENGTOTO merapikan info RTP dan jackpot slot gacor","Kabar pola maxwin 2026 di situs slot gacor SENGTOTO","SENGTOTO hadirkan pilihan slot gacor dalam satu lobby","Update jackpot terkini slot gacor SENGTOTO","Apakah slot gacor SENGTOTO nyaman di HP?","Bagaimana kalau meja slot gacor di SENGTOTO terasa dingin?","Apakah SENGTOTO situs slot gacor yang bisa dicoba hari ini?","Bagaimana cara mulai main slot gacor di SENGTOTO?","Apakah RTP slot gacor di SENGTOTO bisa dilihat?","Nyaman. Lobby slot gacor SENGTOTO ringkas di HP, RTP dan jackpot tetap kebaca, sesi bisa dipotong kapan saja.","Pindah permainan di lobby yang sama. SENGTOTO tidak memaksa bertahan di satu meja kalau ritmenya tidak nyambung.","Ya. SENGTOTO menata slot gacor dalam satu lobby. Anda bisa cek RTP, pilih permainan, lalu main pelan tanpa pindah situs.","Masuk SENGTOTO, pilih permainan slot gacor yang ingin dijajal, mulai dengan taruhan kecil. RTP dan info jackpot ada sebelum sesi berjalan.","Bisa. SENGTOTO menampilkan ringkasan RTP supaya pemain punya acuan pilih meja, bukan janji menang terus.","Saya daftar SENGTOTO lalu langsung ke slot gacor, tidak muter halaman. Info jackpot 2026-nya kebaca. Saya kunci sesi sebelum jadi lama.","Saya banding RTP beberapa permainan di SENGTOTO. Yang lebih tinggi saya jajal dulu. Slot gacor-nya tidak janji menang terus, dan itu yang bikin saya tenang.","Saya tarik dari SENGTOTO setelah sesi slot gacor malam ini. Prosesnya rapi, tidak banyak tanya. Besok saya tidak maksa balik kalau mood tidak pas.","Saya chat SENGTOTO soal permainan yang RTP-nya tidak muncul. Dijawab singkat, lalu saya pilih slot gacor lain. Alurnya manusiawi, tidak bertele.","Saya bawa SENGTOTO dari browser ke HP, slot gacor-nya tetap ada. Jackpot yang tadi saya lihat masih kebaca. Tidak perlu akun kedua.","Andi Saputra","Dimas Kurniawan","Arif Rahman","Nadia Putri","Mutiara Kartika","SENGTOTO login","SENGTOTO daftar","Alternatif SENGTOTO","SENGTOTO slot gacor","SENGTOTO terpercaya"
"video-marketing-events-aarhus","QQEMAS","QQEMAS Update Bonus yang Gak Muter Syarat x Video Marketing Events Aarhus","QQEMAS berdiri sebagai situs slot gacor yang menata permainan dalam satu lobby dengan pilihan meja yang gampang dicari, kabar jackpot terkini, dan RTP yang bisa dicek untuk main di HP maupun browser.","<a href=""#"">QQEMAS</a> berdiri sebagai situs slot gacor yang menata permainan dalam satu lobby dengan pilihan meja yang gampang dicari, kabar jackpot terkini, dan RTP yang bisa dicek untuk main di HP maupun browser.","Yuk cek slot gacor QQEMAS hari ini","QQEMAS merapikan info RTP dan jackpot slot gacor","Kabar pola maxwin 2026 di situs slot gacor QQEMAS","QQEMAS hadirkan pilihan slot gacor dalam satu lobby","Update jackpot terkini slot gacor QQEMAS","Bagaimana kalau meja slot gacor di QQEMAS terasa dingin?","Apakah QQEMAS situs slot gacor yang bisa dicoba hari ini?","Bagaimana cara mulai main slot gacor di QQEMAS?","Apakah RTP slot gacor di QQEMAS bisa dilihat?","Bagaimana info jackpot di QQEMAS diperbarui?","Pindah permainan di lobby yang sama. QQEMAS tidak memaksa bertahan di satu meja kalau ritmenya tidak nyambung.","Ya. QQEMAS menata slot gacor dalam satu lobby. Anda bisa cek RTP, pilih permainan, lalu main pelan tanpa pindah situs.","Masuk QQEMAS, pilih permainan slot gacor yang ingin dijajal, mulai dengan taruhan kecil. RTP dan info jackpot ada sebelum sesi berjalan.","Bisa. QQEMAS menampilkan ringkasan RTP supaya pemain punya acuan pilih meja, bukan janji menang terus.","Informasi jackpot di QQEMAS disusun agar kebaca sebelum main. Angkanya jadi pantauan, bukan slogan di judul.","Saya set limit sebelum buka slot gacor QQEMAS. Pas nyentuh, saya berhenti meski masih ingin spin. Disiplin itu yang saya bawa dari sesi ini.","Saya buka QQEMAS karena cari situs slot gacor yang denahnya jelas. RTP-nya kebaca, saya pilih satu permainan lalu main pelan. Habis ada naik tipis, saya tarik dan tidak nambah sesi.","Saya coba slot gacor di QQEMAS dengan taruhan kecil dulu. Pola yang tampil saya anggap catatan, bukan jaminan. Sesi itu cukup buat ngerasain mejanya, lalu saya tutup.","Saya lihat info jackpot di QQEMAS sebelum spin. Bukan angka gila, tapi cukup buat nentuin mau lanjut atau pindah. Slot gacor-nya terasa rapi, tidak berisik.","Saya pindah permainan slot gacor di QQEMAS setelah yang pertama sepi. Lobby-nya satu pintu, gak logout. RTP meja kedua lebih nyambung, saya stop pas sudah plus tipis.","Rizky Pratama","Arif Rahman","Lina Kartika","Ilham Ramadhan","Ayu Rahma","QQEMAS login","QQEMAS daftar","Alternatif QQEMAS","QQEMAS link login","QQEMAS slot online"
"exhibition-aarhus","DANATOTO","DANATOTO Hadir di Turnamen Kecil Hari Ini x Exhibition Aarhus","DANATOTO hadir sebagai situs slot gacor gampang menang hari ini dengan info RTP yang kebaca sebelum mulai, kabar jackpot terkini, dan RTP yang bisa dicek.","<a href=""#"">DANATOTO</a> hadir sebagai situs slot gacor gampang menang hari ini dengan info RTP yang kebaca sebelum mulai, kabar jackpot terkini, dan RTP yang bisa dicek.","Jangan lewatkan slot gacor DANATOTO hari ini","DANATOTO merapikan info RTP dan jackpot slot gacor","Kabar pola maxwin 2026 di situs slot gacor DANATOTO","DANATOTO hadirkan pilihan slot gacor dalam satu lobby","Update jackpot terkini slot gacor DANATOTO","Apakah DANATOTO situs slot gacor yang bisa dicoba hari ini?","Bagaimana cara mulai main slot gacor di DANATOTO?","Apakah RTP slot gacor di DANATOTO bisa dilihat?","Bagaimana info jackpot di DANATOTO diperbarui?","Apakah pola maxwin di DANATOTO wajib diikuti?","Ya. DANATOTO menata slot gacor dalam satu lobby. Anda bisa cek RTP, pilih permainan, lalu main pelan tanpa pindah situs.","Masuk DANATOTO, pilih permainan slot gacor yang ingin dijajal, mulai dengan taruhan kecil. RTP dan info jackpot ada sebelum sesi berjalan.","Bisa. DANATOTO menampilkan ringkasan RTP supaya pemain punya acuan pilih meja, bukan janji menang terus.","Informasi jackpot di DANATOTO disusun agar kebaca sebelum main. Angkanya jadi pantauan, bukan slogan di judul.","Tidak wajib. Pola di DANATOTO hanya referensi. Keputusan taruhan tetap di pemain, meja tetap bisa diganti kalau terasa sepi.","Saya main slot gacor DANATOTO di HP sambil nunggu. Grafiknya ringan, jackpot dan RTP tetap kelihatan. Sesi pendek, saya tidak dipaksa gas besar.","Saya sempat ragu pola maxwin di DANATOTO. Setelah dicoba, itu hanya panduan. Yang saya pakai justru pilih meja pelan dan tarik begitu sudah cukup.","Saya daftar DANATOTO lalu langsung ke slot gacor, tidak muter halaman. Info jackpot 2026-nya kebaca. Saya kunci sesi sebelum jadi lama.","Saya banding RTP beberapa permainan di DANATOTO. Yang lebih tinggi saya jajal dulu. Slot gacor-nya tidak janji menang terus, dan itu yang bikin saya tenang.","Saya tarik dari DANATOTO setelah sesi slot gacor malam ini. Prosesnya rapi, tidak banyak tanya. Besok saya tidak maksa balik kalau mood tidak pas.","Nadia Putri","Rafi Maulana","Rizky Pratama","Ayu Rahma","Hendra Gunawan","DANATOTO login","DANATOTO daftar","Alternatif DANATOTO","DANATOTO slot","DANATOTO rtp"
"register-now-aarhus","ANDARA888","ANDARA888 Peta Game buat Pemain Baru x Register Now Aarhus","ANDARA888 dikenal sebagai situs slot gacor yang nyaman dijajal hari ini dengan info RTP yang kebaca sebelum mulai, info jackpot yang diperbarui, dan RTP yang transparan tanpa banyak slogan.","<a href=""#"">ANDARA888</a> dikenal sebagai situs slot gacor yang nyaman dijajal hari ini dengan info RTP yang kebaca sebelum mulai, info jackpot yang diperbarui, dan RTP yang transparan tanpa banyak slogan.","Kabar slot gacor ANDARA888 hari ini","ANDARA888 merapikan info RTP dan jackpot slot gacor","Kabar pola maxwin 2026 di situs slot gacor ANDARA888","ANDARA888 hadirkan pilihan slot gacor dalam satu lobby","Update jackpot terkini slot gacor ANDARA888","Bagaimana cara mulai main slot gacor di ANDARA888?","Apakah RTP slot gacor di ANDARA888 bisa dilihat?","Bagaimana info jackpot di ANDARA888 diperbarui?","Apakah pola maxwin di ANDARA888 wajib diikuti?","Bisakah pindah permainan slot gacor tanpa daftar ulang di ANDARA888?","Masuk ANDARA888, pilih permainan slot gacor yang ingin dijajal, mulai dengan taruhan kecil. RTP dan info jackpot ada sebelum sesi berjalan.","Bisa. ANDARA888 menampilkan ringkasan RTP supaya pemain punya acuan pilih meja, bukan janji menang terus.","Informasi jackpot di ANDARA888 disusun agar kebaca sebelum main. Angkanya jadi pantauan, bukan slogan di judul.","Tidak wajib. Pola di ANDARA888 hanya referensi. Keputusan taruhan tetap di pemain, meja tetap bisa diganti kalau terasa sepi.","Bisa. Slot gacor ANDARA888 ada di satu akun. Ganti permainan tidak perlu login baru.","Saya chat ANDARA888 soal permainan yang RTP-nya tidak muncul. Dijawab singkat, lalu saya pilih slot gacor lain. Alurnya manusiawi, tidak bertele.","Saya bawa ANDARA888 dari browser ke HP, slot gacor-nya tetap ada. Jackpot yang tadi saya lihat masih kebaca. Tidak perlu akun kedua.","Saya set limit sebelum buka slot gacor ANDARA888. Pas nyentuh, saya berhenti meski masih ingin spin. Disiplin itu yang saya bawa dari sesi ini.","Saya buka ANDARA888 karena cari situs slot gacor yang denahnya jelas. RTP-nya kebaca, saya pilih satu permainan lalu main pelan. Habis ada naik tipis, saya tarik dan tidak nambah sesi.","Saya coba slot gacor di ANDARA888 dengan taruhan kecil dulu. Pola yang tampil saya anggap catatan, bukan jaminan. Sesi itu cukup buat ngerasain mejanya, lalu saya tutup.","Andi Saputra","Fajar Nugroho","Nadia Putri","Nisa Fadilah","Rizky Pratama","ANDARA888 login","ANDARA888 daftar","Alternatif ANDARA888","ANDARA888 link","ANDARA888 masuk"
"buy-tickets-aarhus","CERI188","CERI188 Kabar WD yang Gak Banyak Tanya x Buy Tickets Aarhus","CERI188 menjadi pilihan situs slot gacor buat sesi harian dengan katalog permainan yang tidak tercecer, info jackpot yang diperbarui, dan RTP yang transparan untuk pemain yang mau coba dulu.","<a href=""#"">CERI188</a> menjadi pilihan situs slot gacor buat sesi harian dengan katalog permainan yang tidak tercecer, info jackpot yang diperbarui, dan RTP yang transparan untuk pemain yang mau coba dulu.","Update slot gacor CERI188 hari ini","CERI188 merapikan info RTP dan jackpot slot gacor","Kabar pola maxwin 2026 di situs slot gacor CERI188","CERI188 hadirkan pilihan slot gacor dalam satu lobby","Update jackpot terkini slot gacor CERI188","Apakah RTP slot gacor di CERI188 bisa dilihat?","Bagaimana info jackpot di CERI188 diperbarui?","Apakah pola maxwin di CERI188 wajib diikuti?","Bisakah pindah permainan slot gacor tanpa daftar ulang di CERI188?","Apakah slot gacor CERI188 nyaman di HP?","Bisa. CERI188 menampilkan ringkasan RTP supaya pemain punya acuan pilih meja, bukan janji menang terus.","Informasi jackpot di CERI188 disusun agar kebaca sebelum main. Angkanya jadi pantauan, bukan slogan di judul.","Tidak wajib. Pola di CERI188 hanya referensi. Keputusan taruhan tetap di pemain, meja tetap bisa diganti kalau terasa sepi.","Bisa. Slot gacor CERI188 ada di satu akun. Ganti permainan tidak perlu login baru.","Nyaman. Lobby slot gacor CERI188 ringkas di HP, RTP dan jackpot tetap kebaca, sesi bisa dipotong kapan saja.","Saya lihat info jackpot di CERI188 sebelum spin. Bukan angka gila, tapi cukup buat nentuin mau lanjut atau pindah. Slot gacor-nya terasa rapi, tidak berisik.","Saya pindah permainan slot gacor di CERI188 setelah yang pertama sepi. Lobby-nya satu pintu, gak logout. RTP meja kedua lebih nyambung, saya stop pas sudah plus tipis.","Saya main slot gacor CERI188 di HP sambil nunggu. Grafiknya ringan, jackpot dan RTP tetap kelihatan. Sesi pendek, saya tidak dipaksa gas besar.","Saya sempat ragu pola maxwin di CERI188. Setelah dicoba, itu hanya panduan. Yang saya pakai justru pilih meja pelan dan tarik begitu sudah cukup.","Saya daftar CERI188 lalu langsung ke slot gacor, tidak muter halaman. Info jackpot 2026-nya kebaca. Saya kunci sesi sebelum jadi lama.","Aulia Zahra","Yoga Prasetyo","Fajar Nugroho","Lina Kartika","Arif Rahman","CERI188 login","CERI188 daftar","Alternatif CERI188","CERI188 official","CERI188 apk"
"about-digimarcon-aarhus","PALU4D","PALU4D Sesi Hujan di Rumah Yuk Lanjut x About DigiMarCon Aarhus","PALU4D menyediakan akses situs slot gacor dengan alur yang ringkas dengan katalog permainan yang tidak tercecer, info jackpot yang diperbarui, dan RTP yang transparan dengan sesi yang bisa ditutup kapan saja.","<a href=""#"">PALU4D</a> menyediakan akses situs slot gacor dengan alur yang ringkas dengan katalog permainan yang tidak tercecer, info jackpot yang diperbarui, dan RTP yang transparan dengan sesi yang bisa ditutup kapan saja.","Intip slot gacor PALU4D hari ini","PALU4D merapikan info RTP dan jackpot slot gacor","Kabar pola maxwin 2026 di situs slot gacor PALU4D","PALU4D hadirkan pilihan slot gacor dalam satu lobby","Update jackpot terkini slot gacor PALU4D","Bagaimana info jackpot di PALU4D diperbarui?","Apakah pola maxwin di PALU4D wajib diikuti?","Bisakah pindah permainan slot gacor tanpa daftar ulang di PALU4D?","Apakah slot gacor PALU4D nyaman di HP?","Bagaimana kalau meja slot gacor di PALU4D terasa dingin?","Informasi jackpot di PALU4D disusun agar kebaca sebelum main. Angkanya jadi pantauan, bukan slogan di judul.","Tidak wajib. Pola di PALU4D hanya referensi. Keputusan taruhan tetap di pemain, meja tetap bisa diganti kalau terasa sepi.","Bisa. Slot gacor PALU4D ada di satu akun. Ganti permainan tidak perlu login baru.","Nyaman. Lobby slot gacor PALU4D ringkas di HP, RTP dan jackpot tetap kebaca, sesi bisa dipotong kapan saja.","Pindah permainan di lobby yang sama. PALU4D tidak memaksa bertahan di satu meja kalau ritmenya tidak nyambung.","Saya banding RTP beberapa permainan di PALU4D. Yang lebih tinggi saya jajal dulu. Slot gacor-nya tidak janji menang terus, dan itu yang bikin saya tenang.","Saya tarik dari PALU4D setelah sesi slot gacor malam ini. Prosesnya rapi, tidak banyak tanya. Besok saya tidak maksa balik kalau mood tidak pas.","Saya chat PALU4D soal permainan yang RTP-nya tidak muncul. Dijawab singkat, lalu saya pilih slot gacor lain. Alurnya manusiawi, tidak bertele.","Saya bawa PALU4D dari browser ke HP, slot gacor-nya tetap ada. Jackpot yang tadi saya lihat masih kebaca. Tidak perlu akun kedua.","Saya set limit sebelum buka slot gacor PALU4D. Pas nyentuh, saya berhenti meski masih ingin spin. Disiplin itu yang saya bawa dari sesi ini.","Ilham Ramadhan","Rafi Maulana","Fajar Nugroho","Lina Kartika","Rina Wulandari","PALU4D login","PALU4D daftar","Alternatif PALU4D","link alternatif PALU4D","PALU4D wap"
"sponsorship-inquiries-aarhus","SOJU88","SOJU88 Update Pola yang Gak Dipaksa x Sponsorship Inquiries Aarhus","SOJU88 tampil sebagai situs slot gacor resmi yang gampang diikuti dengan jalur login yang tidak muter-muter, data RTP terkini, dan pantauan jackpot yang rapi supaya denah permainannya kebaca.","<a href=""#"">SOJU88</a> tampil sebagai situs slot gacor resmi yang gampang diikuti dengan jalur login yang tidak muter-muter, data RTP terkini, dan pantauan jackpot yang rapi supaya denah permainannya kebaca.","Yuk cek slot gacor SOJU88 hari ini","SOJU88 merapikan info RTP dan jackpot slot gacor","Kabar pola maxwin 2026 di situs slot gacor SOJU88","SOJU88 hadirkan pilihan slot gacor dalam satu lobby","Update jackpot terkini slot gacor SOJU88","Apakah pola maxwin di SOJU88 wajib diikuti?","Bisakah pindah permainan slot gacor tanpa daftar ulang di SOJU88?","Apakah slot gacor SOJU88 nyaman di HP?","Bagaimana kalau meja slot gacor di SOJU88 terasa dingin?","Apakah SOJU88 situs slot gacor yang bisa dicoba hari ini?","Tidak wajib. Pola di SOJU88 hanya referensi. Keputusan taruhan tetap di pemain, meja tetap bisa diganti kalau terasa sepi.","Bisa. Slot gacor SOJU88 ada di satu akun. Ganti permainan tidak perlu login baru.","Nyaman. Lobby slot gacor SOJU88 ringkas di HP, RTP dan jackpot tetap kebaca, sesi bisa dipotong kapan saja.","Pindah permainan di lobby yang sama. SOJU88 tidak memaksa bertahan di satu meja kalau ritmenya tidak nyambung.","Ya. SOJU88 menata slot gacor dalam satu lobby. Anda bisa cek RTP, pilih permainan, lalu main pelan tanpa pindah situs.","Saya buka SOJU88 karena cari situs slot gacor yang denahnya jelas. RTP-nya kebaca, saya pilih satu permainan lalu main pelan. Habis ada naik tipis, saya tarik dan tidak nambah sesi.","Saya coba slot gacor di SOJU88 dengan taruhan kecil dulu. Pola yang tampil saya anggap catatan, bukan jaminan. Sesi itu cukup buat ngerasain mejanya, lalu saya tutup.","Saya lihat info jackpot di SOJU88 sebelum spin. Bukan angka gila, tapi cukup buat nentuin mau lanjut atau pindah. Slot gacor-nya terasa rapi, tidak berisik.","Saya pindah permainan slot gacor di SOJU88 setelah yang pertama sepi. Lobby-nya satu pintu, gak logout. RTP meja kedua lebih nyambung, saya stop pas sudah plus tipis.","Saya main slot gacor SOJU88 di HP sambil nunggu. Grafiknya ringan, jackpot dan RTP tetap kelihatan. Sesi pendek, saya tidak dipaksa gas besar.","Budi Hartono","Maya Sari","Rizky Pratama","Aldi Salim","Lina Kartika","SOJU88 login","SOJU88 daftar","Alternatif SOJU88","SOJU88 gacor","situs SOJU88"
"speaker-requests-aarhus","GACOR200","GACOR200 Coba Meja Kedua Kalau yang Pertama Sepi x Speaker Requests Aarhus","GACOR200 menghadirkan situs slot gacor dengan pintu masuk yang pendek dengan jalur login yang tidak muter-muter, data RTP terkini, dan pantauan jackpot yang rapi biar gak nyasar pindah situs.","<a href=""#"">GACOR200</a> menghadirkan situs slot gacor dengan pintu masuk yang pendek dengan jalur login yang tidak muter-muter, data RTP terkini, dan pantauan jackpot yang rapi biar gak nyasar pindah situs.","Jangan lewatkan slot gacor GACOR200 hari ini","GACOR200 merapikan info RTP dan jackpot slot gacor","Kabar pola maxwin 2026 di situs slot gacor GACOR200","GACOR200 hadirkan pilihan slot gacor dalam satu lobby","Update jackpot terkini slot gacor GACOR200","Bisakah pindah permainan slot gacor tanpa daftar ulang di GACOR200?","Apakah slot gacor GACOR200 nyaman di HP?","Bagaimana kalau meja slot gacor di GACOR200 terasa dingin?","Apakah GACOR200 situs slot gacor yang bisa dicoba hari ini?","Bagaimana cara mulai main slot gacor di GACOR200?","Bisa. Slot gacor GACOR200 ada di satu akun. Ganti permainan tidak perlu login baru.","Nyaman. Lobby slot gacor GACOR200 ringkas di HP, RTP dan jackpot tetap kebaca, sesi bisa dipotong kapan saja.","Pindah permainan di lobby yang sama. GACOR200 tidak memaksa bertahan di satu meja kalau ritmenya tidak nyambung.","Ya. GACOR200 menata slot gacor dalam satu lobby. Anda bisa cek RTP, pilih permainan, lalu main pelan tanpa pindah situs.","Masuk GACOR200, pilih permainan slot gacor yang ingin dijajal, mulai dengan taruhan kecil. RTP dan info jackpot ada sebelum sesi berjalan.","Saya sempat ragu pola maxwin di GACOR200. Setelah dicoba, itu hanya panduan. Yang saya pakai justru pilih meja pelan dan tarik begitu sudah cukup.","Saya daftar GACOR200 lalu langsung ke slot gacor, tidak muter halaman. Info jackpot 2026-nya kebaca. Saya kunci sesi sebelum jadi lama.","Saya banding RTP beberapa permainan di GACOR200. Yang lebih tinggi saya jajal dulu. Slot gacor-nya tidak janji menang terus, dan itu yang bikin saya tenang.","Saya tarik dari GACOR200 setelah sesi slot gacor malam ini. Prosesnya rapi, tidak banyak tanya. Besok saya tidak maksa balik kalau mood tidak pas.","Saya chat GACOR200 soal permainan yang RTP-nya tidak muncul. Dijawab singkat, lalu saya pilih slot gacor lain. Alurnya manusiawi, tidak bertele.","Aldi Salim","Nadia Putri","Andi Saputra","Aulia Zahra","Agus Wijaya","GACOR200 login","GACOR200 daftar","Alternatif GACOR200","GACOR200 slot gacor","GACOR200 terpercaya"
"volunteer-applications-aarhus","NUSABET88","NUSABET88 Link Main yang Gak Nyasar x Volunteer Applications Aarhus","NUSABET88 siap dipakai sebagai situs slot gacor untuk main pelan hari ini dengan koleksi slot gacor dari beberapa provider, data RTP terkini, dan pantauan jackpot yang rapi dengan bantuan yang tetap bisa dihubungi.","<a href=""#"">NUSABET88</a> siap dipakai sebagai situs slot gacor untuk main pelan hari ini dengan koleksi slot gacor dari beberapa provider, data RTP terkini, dan pantauan jackpot yang rapi dengan bantuan yang tetap bisa dihubungi.","Kabar slot gacor NUSABET88 hari ini","NUSABET88 merapikan info RTP dan jackpot slot gacor","Kabar pola maxwin 2026 di situs slot gacor NUSABET88","NUSABET88 hadirkan pilihan slot gacor dalam satu lobby","Update jackpot terkini slot gacor NUSABET88","Apakah slot gacor NUSABET88 nyaman di HP?","Bagaimana kalau meja slot gacor di NUSABET88 terasa dingin?","Apakah NUSABET88 situs slot gacor yang bisa dicoba hari ini?","Bagaimana cara mulai main slot gacor di NUSABET88?","Apakah RTP slot gacor di NUSABET88 bisa dilihat?","Nyaman. Lobby slot gacor NUSABET88 ringkas di HP, RTP dan jackpot tetap kebaca, sesi bisa dipotong kapan saja.","Pindah permainan di lobby yang sama. NUSABET88 tidak memaksa bertahan di satu meja kalau ritmenya tidak nyambung.","Ya. NUSABET88 menata slot gacor dalam satu lobby. Anda bisa cek RTP, pilih permainan, lalu main pelan tanpa pindah situs.","Masuk NUSABET88, pilih permainan slot gacor yang ingin dijajal, mulai dengan taruhan kecil. RTP dan info jackpot ada sebelum sesi berjalan.","Bisa. NUSABET88 menampilkan ringkasan RTP supaya pemain punya acuan pilih meja, bukan janji menang terus.","Saya bawa NUSABET88 dari browser ke HP, slot gacor-nya tetap ada. Jackpot yang tadi saya lihat masih kebaca. Tidak perlu akun kedua.","Saya set limit sebelum buka slot gacor NUSABET88. Pas nyentuh, saya berhenti meski masih ingin spin. Disiplin itu yang saya bawa dari sesi ini.","Saya buka NUSABET88 karena cari situs slot gacor yang denahnya jelas. RTP-nya kebaca, saya pilih satu permainan lalu main pelan. Habis ada naik tipis, saya tarik dan tidak nambah sesi.","Saya coba slot gacor di NUSABET88 dengan taruhan kecil dulu. Pola yang tampil saya anggap catatan, bukan jaminan. Sesi itu cukup buat ngerasain mejanya, lalu saya tutup.","Saya lihat info jackpot di NUSABET88 sebelum spin. Bukan angka gila, tapi cukup buat nentuin mau lanjut atau pindah. Slot gacor-nya terasa rapi, tidak berisik.","Maya Sari","Rina Wulandari","Aldi Salim","Fajar Nugroho","Yoga Prasetyo","NUSABET88 login","NUSABET88 daftar","Alternatif NUSABET88","NUSABET88 link login","NUSABET88 slot online"
"faqs-aarhus","PANDA1001","PANDA1001 Kabar Saldo yang Nyambung antar Perangkat x FAQ's Aarhus","PANDA1001 berdiri sebagai situs slot gacor yang menata permainan dalam satu lobby dengan koleksi slot gacor dari beberapa provider, update jackpot 2026, dan RTP yang tidak disembunyiin untuk main di HP maupun browser.","<a href=""#"">PANDA1001</a> berdiri sebagai situs slot gacor yang menata permainan dalam satu lobby dengan koleksi slot gacor dari beberapa provider, update jackpot 2026, dan RTP yang tidak disembunyiin untuk main di HP maupun browser.","Update slot gacor PANDA1001 hari ini","PANDA1001 merapikan info RTP dan jackpot slot gacor","Kabar pola maxwin 2026 di situs slot gacor PANDA1001","PANDA1001 hadirkan pilihan slot gacor dalam satu lobby","Update jackpot terkini slot gacor PANDA1001","Bagaimana kalau meja slot gacor di PANDA1001 terasa dingin?","Apakah PANDA1001 situs slot gacor yang bisa dicoba hari ini?","Bagaimana cara mulai main slot gacor di PANDA1001?","Apakah RTP slot gacor di PANDA1001 bisa dilihat?","Bagaimana info jackpot di PANDA1001 diperbarui?","Pindah permainan di lobby yang sama. PANDA1001 tidak memaksa bertahan di satu meja kalau ritmenya tidak nyambung.","Ya. PANDA1001 menata slot gacor dalam satu lobby. Anda bisa cek RTP, pilih permainan, lalu main pelan tanpa pindah situs.","Masuk PANDA1001, pilih permainan slot gacor yang ingin dijajal, mulai dengan taruhan kecil. RTP dan info jackpot ada sebelum sesi berjalan.","Bisa. PANDA1001 menampilkan ringkasan RTP supaya pemain punya acuan pilih meja, bukan janji menang terus.","Informasi jackpot di PANDA1001 disusun agar kebaca sebelum main. Angkanya jadi pantauan, bukan slogan di judul.","Saya pindah permainan slot gacor di PANDA1001 setelah yang pertama sepi. Lobby-nya satu pintu, gak logout. RTP meja kedua lebih nyambung, saya stop pas sudah plus tipis.","Saya main slot gacor PANDA1001 di HP sambil nunggu. Grafiknya ringan, jackpot dan RTP tetap kelihatan. Sesi pendek, saya tidak dipaksa gas besar.","Saya sempat ragu pola maxwin di PANDA1001. Setelah dicoba, itu hanya panduan. Yang saya pakai justru pilih meja pelan dan tarik begitu sudah cukup.","Saya daftar PANDA1001 lalu langsung ke slot gacor, tidak muter halaman. Info jackpot 2026-nya kebaca. Saya kunci sesi sebelum jadi lama.","Saya banding RTP beberapa permainan di PANDA1001. Yang lebih tinggi saya jajal dulu. Slot gacor-nya tidak janji menang terus, dan itu yang bikin saya tenang.","Lina Kartika","Dimas Kurniawan","Rizky Pratama","Andi Saputra","Aulia Zahra","PANDA1001 login","PANDA1001 daftar","Alternatif PANDA1001","PANDA1001 slot","PANDA1001 rtp"
"press-passes-aarhus","HOKI138","HOKI138 Sesi Tablet biar Mata Lebih Santai x Press Passes Aarhus","HOKI138 hadir sebagai situs slot gacor gampang menang hari ini dengan link pola maxwin terbaru 2026, update jackpot 2026, dan RTP yang tidak disembunyiin.","<a href=""#"">HOKI138</a> hadir sebagai situs slot gacor gampang menang hari ini dengan link pola maxwin terbaru 2026, update jackpot 2026, dan RTP yang tidak disembunyiin.","Intip slot gacor HOKI138 hari ini","HOKI138 merapikan info RTP dan jackpot slot gacor","Kabar pola maxwin 2026 di situs slot gacor HOKI138","HOKI138 hadirkan pilihan slot gacor dalam satu lobby","Update jackpot terkini slot gacor HOKI138","Apakah HOKI138 situs slot gacor yang bisa dicoba hari ini?","Bagaimana cara mulai main slot gacor di HOKI138?","Apakah RTP slot gacor di HOKI138 bisa dilihat?","Bagaimana info jackpot di HOKI138 diperbarui?","Apakah pola maxwin di HOKI138 wajib diikuti?","Ya. HOKI138 menata slot gacor dalam satu lobby. Anda bisa cek RTP, pilih permainan, lalu main pelan tanpa pindah situs.","Masuk HOKI138, pilih permainan slot gacor yang ingin dijajal, mulai dengan taruhan kecil. RTP dan info jackpot ada sebelum sesi berjalan.","Bisa. HOKI138 menampilkan ringkasan RTP supaya pemain punya acuan pilih meja, bukan janji menang terus.","Informasi jackpot di HOKI138 disusun agar kebaca sebelum main. Angkanya jadi pantauan, bukan slogan di judul.","Tidak wajib. Pola di HOKI138 hanya referensi. Keputusan taruhan tetap di pemain, meja tetap bisa diganti kalau terasa sepi.","Saya tarik dari HOKI138 setelah sesi slot gacor malam ini. Prosesnya rapi, tidak banyak tanya. Besok saya tidak maksa balik kalau mood tidak pas.","Saya chat HOKI138 soal permainan yang RTP-nya tidak muncul. Dijawab singkat, lalu saya pilih slot gacor lain. Alurnya manusiawi, tidak bertele.","Saya bawa HOKI138 dari browser ke HP, slot gacor-nya tetap ada. Jackpot yang tadi saya lihat masih kebaca. Tidak perlu akun kedua.","Saya set limit sebelum buka slot gacor HOKI138. Pas nyentuh, saya berhenti meski masih ingin spin. Disiplin itu yang saya bawa dari sesi ini.","Saya buka HOKI138 karena cari situs slot gacor yang denahnya jelas. RTP-nya kebaca, saya pilih satu permainan lalu main pelan. Habis ada naik tipis, saya tarik dan tidak nambah sesi.","Yoga Prasetyo","Sinta Dewi","Budi Hartono","Nisa Fadilah","Bayu Firmansyah","HOKI138 login","HOKI138 daftar","Alternatif HOKI138","HOKI138 link","HOKI138 masuk"
"virtual-pass-aarhus","OMTOGEL","OMTOGEL Jangan Lewatkan Free Spin yang Ke-Hold x Virtual Pass Aarhus","OMTOGEL dikenal sebagai situs slot gacor yang nyaman dijajal hari ini dengan link pola maxwin terbaru 2026, update jackpot 2026, dan RTP yang tidak disembunyiin tanpa banyak slogan.","<a href=""#"">OMTOGEL</a> dikenal sebagai situs slot gacor yang nyaman dijajal hari ini dengan link pola maxwin terbaru 2026, update jackpot 2026, dan RTP yang tidak disembunyiin tanpa banyak slogan.","Yuk cek slot gacor OMTOGEL hari ini","OMTOGEL merapikan info RTP dan jackpot slot gacor","Kabar pola maxwin 2026 di situs slot gacor OMTOGEL","OMTOGEL hadirkan pilihan slot gacor dalam satu lobby","Update jackpot terkini slot gacor OMTOGEL","Bagaimana cara mulai main slot gacor di OMTOGEL?","Apakah RTP slot gacor di OMTOGEL bisa dilihat?","Bagaimana info jackpot di OMTOGEL diperbarui?","Apakah pola maxwin di OMTOGEL wajib diikuti?","Bisakah pindah permainan slot gacor tanpa daftar ulang di OMTOGEL?","Masuk OMTOGEL, pilih permainan slot gacor yang ingin dijajal, mulai dengan taruhan kecil. RTP dan info jackpot ada sebelum sesi berjalan.","Bisa. OMTOGEL menampilkan ringkasan RTP supaya pemain punya acuan pilih meja, bukan janji menang terus.","Informasi jackpot di OMTOGEL disusun agar kebaca sebelum main. Angkanya jadi pantauan, bukan slogan di judul.","Tidak wajib. Pola di OMTOGEL hanya referensi. Keputusan taruhan tetap di pemain, meja tetap bisa diganti kalau terasa sepi.","Bisa. Slot gacor OMTOGEL ada di satu akun. Ganti permainan tidak perlu login baru.","Saya coba slot gacor di OMTOGEL dengan taruhan kecil dulu. Pola yang tampil saya anggap catatan, bukan jaminan. Sesi itu cukup buat ngerasain mejanya, lalu saya tutup.","Saya lihat info jackpot di OMTOGEL sebelum spin. Bukan angka gila, tapi cukup buat nentuin mau lanjut atau pindah. Slot gacor-nya terasa rapi, tidak berisik.","Saya pindah permainan slot gacor di OMTOGEL setelah yang pertama sepi. Lobby-nya satu pintu, gak logout. RTP meja kedua lebih nyambung, saya stop pas sudah plus tipis.","Saya main slot gacor OMTOGEL di HP sambil nunggu. Grafiknya ringan, jackpot dan RTP tetap kelihatan. Sesi pendek, saya tidak dipaksa gas besar.","Saya sempat ragu pola maxwin di OMTOGEL. Setelah dicoba, itu hanya panduan. Yang saya pakai justru pilih meja pelan dan tarik begitu sudah cukup.","Dinda Lestari","Nadia Putri","Dimas Kurniawan","Ilham Ramadhan","Hendra Gunawan","OMTOGEL login","OMTOGEL daftar","Alternatif OMTOGEL","OMTOGEL official","OMTOGEL apk"
"group-rates-aarhus","MAXI188","MAXI188 Update Jam Main yang Lagi Nyambung x Group Rates Aarhus","MAXI188 menjadi pilihan situs slot gacor buat sesi harian dengan pembaruan pola main yang dibahas tahun 2026, informasi jackpot yang mudah dibaca, dan RTP yang membantu pilih meja untuk pemain yang mau coba dulu.","<a href=""#"">MAXI188</a> menjadi pilihan situs slot gacor buat sesi harian dengan pembaruan pola main yang dibahas tahun 2026, informasi jackpot yang mudah dibaca, dan RTP yang membantu pilih meja untuk pemain yang mau coba dulu.","Jangan lewatkan slot gacor MAXI188 hari ini","MAXI188 merapikan info RTP dan jackpot slot gacor","Kabar pola maxwin 2026 di situs slot gacor MAXI188","MAXI188 hadirkan pilihan slot gacor dalam satu lobby","Update jackpot terkini slot gacor MAXI188","Apakah RTP slot gacor di MAXI188 bisa dilihat?","Bagaimana info jackpot di MAXI188 diperbarui?","Apakah pola maxwin di MAXI188 wajib diikuti?","Bisakah pindah permainan slot gacor tanpa daftar ulang di MAXI188?","Apakah slot gacor MAXI188 nyaman di HP?","Bisa. MAXI188 menampilkan ringkasan RTP supaya pemain punya acuan pilih meja, bukan janji menang terus.","Informasi jackpot di MAXI188 disusun agar kebaca sebelum main. Angkanya jadi pantauan, bukan slogan di judul.","Tidak wajib. Pola di MAXI188 hanya referensi. Keputusan taruhan tetap di pemain, meja tetap bisa diganti kalau terasa sepi.","Bisa. Slot gacor MAXI188 ada di satu akun. Ganti permainan tidak perlu login baru.","Nyaman. Lobby slot gacor MAXI188 ringkas di HP, RTP dan jackpot tetap kebaca, sesi bisa dipotong kapan saja.","Saya daftar MAXI188 lalu langsung ke slot gacor, tidak muter halaman. Info jackpot 2026-nya kebaca. Saya kunci sesi sebelum jadi lama.","Saya banding RTP beberapa permainan di MAXI188. Yang lebih tinggi saya jajal dulu. Slot gacor-nya tidak janji menang terus, dan itu yang bikin saya tenang.","Saya tarik dari MAXI188 setelah sesi slot gacor malam ini. Prosesnya rapi, tidak banyak tanya. Besok saya tidak maksa balik kalau mood tidak pas.","Saya chat MAXI188 soal permainan yang RTP-nya tidak muncul. Dijawab singkat, lalu saya pilih slot gacor lain. Alurnya manusiawi, tidak bertele.","Saya bawa MAXI188 dari browser ke HP, slot gacor-nya tetap ada. Jackpot yang tadi saya lihat masih kebaca. Tidak perlu akun kedua.","Yoga Prasetyo","Arif Rahman","Nisa Fadilah","Rizky Pratama","Ayu Rahma","MAXI188 login","MAXI188 daftar","Alternatif MAXI188","link alternatif MAXI188","MAXI188 wap"
"student-rates-aarhus","GUDANG4D","GUDANG4D Hadir di Lobby tanpa Ribet Verifikasi x Student Rates Aarhus","GUDANG4D menyediakan akses situs slot gacor dengan alur yang ringkas dengan pembaruan pola main yang dibahas tahun 2026, informasi jackpot yang mudah dibaca, dan RTP yang membantu pilih meja dengan sesi yang bisa ditutup kapan saja.","<a href=""#"">GUDANG4D</a> menyediakan akses situs slot gacor dengan alur yang ringkas dengan pembaruan pola main yang dibahas tahun 2026, informasi jackpot yang mudah dibaca, dan RTP yang membantu pilih meja dengan sesi yang bisa ditutup kapan saja.","Kabar slot gacor GUDANG4D hari ini","GUDANG4D merapikan info RTP dan jackpot slot gacor","Kabar pola maxwin 2026 di situs slot gacor GUDANG4D","GUDANG4D hadirkan pilihan slot gacor dalam satu lobby","Update jackpot terkini slot gacor GUDANG4D","Bagaimana info jackpot di GUDANG4D diperbarui?","Apakah pola maxwin di GUDANG4D wajib diikuti?","Bisakah pindah permainan slot gacor tanpa daftar ulang di GUDANG4D?","Apakah slot gacor GUDANG4D nyaman di HP?","Bagaimana kalau meja slot gacor di GUDANG4D terasa dingin?","Informasi jackpot di GUDANG4D disusun agar kebaca sebelum main. Angkanya jadi pantauan, bukan slogan di judul.","Tidak wajib. Pola di GUDANG4D hanya referensi. Keputusan taruhan tetap di pemain, meja tetap bisa diganti kalau terasa sepi.","Bisa. Slot gacor GUDANG4D ada di satu akun. Ganti permainan tidak perlu login baru.","Nyaman. Lobby slot gacor GUDANG4D ringkas di HP, RTP dan jackpot tetap kebaca, sesi bisa dipotong kapan saja.","Pindah permainan di lobby yang sama. GUDANG4D tidak memaksa bertahan di satu meja kalau ritmenya tidak nyambung.","Saya set limit sebelum buka slot gacor GUDANG4D. Pas nyentuh, saya berhenti meski masih ingin spin. Disiplin itu yang saya bawa dari sesi ini.","Saya buka GUDANG4D karena cari situs slot gacor yang denahnya jelas. RTP-nya kebaca, saya pilih satu permainan lalu main pelan. Habis ada naik tipis, saya tarik dan tidak nambah sesi.","Saya coba slot gacor di GUDANG4D dengan taruhan kecil dulu. Pola yang tampil saya anggap catatan, bukan jaminan. Sesi itu cukup buat ngerasain mejanya, lalu saya tutup.","Saya lihat info jackpot di GUDANG4D sebelum spin. Bukan angka gila, tapi cukup buat nentuin mau lanjut atau pindah. Slot gacor-nya terasa rapi, tidak berisik.","Saya pindah permainan slot gacor di GUDANG4D setelah yang pertama sepi. Lobby-nya satu pintu, gak logout. RTP meja kedua lebih nyambung, saya stop pas sudah plus tipis.","Budi Hartono","Maya Sari","Agus Wijaya","Rina Wulandari","Dimas Kurniawan","GUDANG4D login","GUDANG4D daftar","Alternatif GUDANG4D","GUDANG4D gacor","situs GUDANG4D"
"rates-pass-details-aarhus","GACOR77","GACOR77 Sesi Receh yang Tetap Ada Naiknya x Rates & Pass Details Aarhus","GACOR77 tampil sebagai situs slot gacor resmi yang gampang diikuti dengan akses permainan slot gacor yang dirapikan, informasi jackpot yang mudah dibaca, dan RTP yang membantu pilih meja supaya denah permainannya kebaca.","<a href=""#"">GACOR77</a> tampil sebagai situs slot gacor resmi yang gampang diikuti dengan akses permainan slot gacor yang dirapikan, informasi jackpot yang mudah dibaca, dan RTP yang membantu pilih meja supaya denah permainannya kebaca.","Update slot gacor GACOR77 hari ini","GACOR77 merapikan info RTP dan jackpot slot gacor","Kabar pola maxwin 2026 di situs slot gacor GACOR77","GACOR77 hadirkan pilihan slot gacor dalam satu lobby","Update jackpot terkini slot gacor GACOR77","Apakah pola maxwin di GACOR77 wajib diikuti?","Bisakah pindah permainan slot gacor tanpa daftar ulang di GACOR77?","Apakah slot gacor GACOR77 nyaman di HP?","Bagaimana kalau meja slot gacor di GACOR77 terasa dingin?","Apakah GACOR77 situs slot gacor yang bisa dicoba hari ini?","Tidak wajib. Pola di GACOR77 hanya referensi. Keputusan taruhan tetap di pemain, meja tetap bisa diganti kalau terasa sepi.","Bisa. Slot gacor GACOR77 ada di satu akun. Ganti permainan tidak perlu login baru.","Nyaman. Lobby slot gacor GACOR77 ringkas di HP, RTP dan jackpot tetap kebaca, sesi bisa dipotong kapan saja.","Pindah permainan di lobby yang sama. GACOR77 tidak memaksa bertahan di satu meja kalau ritmenya tidak nyambung.","Ya. GACOR77 menata slot gacor dalam satu lobby. Anda bisa cek RTP, pilih permainan, lalu main pelan tanpa pindah situs.","Saya main slot gacor GACOR77 di HP sambil nunggu. Grafiknya ringan, jackpot dan RTP tetap kelihatan. Sesi pendek, saya tidak dipaksa gas besar.","Saya sempat ragu pola maxwin di GACOR77. Setelah dicoba, itu hanya panduan. Yang saya pakai justru pilih meja pelan dan tarik begitu sudah cukup.","Saya daftar GACOR77 lalu langsung ke slot gacor, tidak muter halaman. Info jackpot 2026-nya kebaca. Saya kunci sesi sebelum jadi lama.","Saya banding RTP beberapa permainan di GACOR77. Yang lebih tinggi saya jajal dulu. Slot gacor-nya tidak janji menang terus, dan itu yang bikin saya tenang.","Saya tarik dari GACOR77 setelah sesi slot gacor malam ini. Prosesnya rapi, tidak banyak tanya. Besok saya tidak maksa balik kalau mood tidak pas.","Nisa Fadilah","Rafi Maulana","Ayu Rahma","Aldi Salim","Agus Wijaya","GACOR77 login","GACOR77 daftar","Alternatif GACOR77","GACOR77 slot gacor","GACOR77 terpercaya"
"upgrades-add-ons-aarhus","MANSION77","MANSION77 Kabar Provider PG yang Lagi Rapi x Upgrades & Add-ons Aarhus","MANSION77 menghadirkan situs slot gacor dengan pintu masuk yang pendek dengan akses permainan slot gacor yang dirapikan, pantauan RTP, dan kabar jackpot yang tidak berlebihan biar gak nyasar pindah situs.","<a href=""#"">MANSION77</a> menghadirkan situs slot gacor dengan pintu masuk yang pendek dengan akses permainan slot gacor yang dirapikan, pantauan RTP, dan kabar jackpot yang tidak berlebihan biar gak nyasar pindah situs.","Intip slot gacor MANSION77 hari ini","MANSION77 merapikan info RTP dan jackpot slot gacor","Kabar pola maxwin 2026 di situs slot gacor MANSION77","MANSION77 hadirkan pilihan slot gacor dalam satu lobby","Update jackpot terkini slot gacor MANSION77","Bisakah pindah permainan slot gacor tanpa daftar ulang di MANSION77?","Apakah slot gacor MANSION77 nyaman di HP?","Bagaimana kalau meja slot gacor di MANSION77 terasa dingin?","Apakah MANSION77 situs slot gacor yang bisa dicoba hari ini?","Bagaimana cara mulai main slot gacor di MANSION77?","Bisa. Slot gacor MANSION77 ada di satu akun. Ganti permainan tidak perlu login baru.","Nyaman. Lobby slot gacor MANSION77 ringkas di HP, RTP dan jackpot tetap kebaca, sesi bisa dipotong kapan saja.","Pindah permainan di lobby yang sama. MANSION77 tidak memaksa bertahan di satu meja kalau ritmenya tidak nyambung.","Ya. MANSION77 menata slot gacor dalam satu lobby. Anda bisa cek RTP, pilih permainan, lalu main pelan tanpa pindah situs.","Masuk MANSION77, pilih permainan slot gacor yang ingin dijajal, mulai dengan taruhan kecil. RTP dan info jackpot ada sebelum sesi berjalan.","Saya chat MANSION77 soal permainan yang RTP-nya tidak muncul. Dijawab singkat, lalu saya pilih slot gacor lain. Alurnya manusiawi, tidak bertele.","Saya bawa MANSION77 dari browser ke HP, slot gacor-nya tetap ada. Jackpot yang tadi saya lihat masih kebaca. Tidak perlu akun kedua.","Saya set limit sebelum buka slot gacor MANSION77. Pas nyentuh, saya berhenti meski masih ingin spin. Disiplin itu yang saya bawa dari sesi ini.","Saya buka MANSION77 karena cari situs slot gacor yang denahnya jelas. RTP-nya kebaca, saya pilih satu permainan lalu main pelan. Habis ada naik tipis, saya tarik dan tidak nambah sesi.","Saya coba slot gacor di MANSION77 dengan taruhan kecil dulu. Pola yang tampil saya anggap catatan, bukan jaminan. Sesi itu cukup buat ngerasain mejanya, lalu saya tutup.","Rafi Maulana","Eko Santoso","Fajar Nugroho","Dinda Lestari","Lina Kartika","MANSION77 login","MANSION77 daftar","Alternatif MANSION77","MANSION77 link login","MANSION77 slot online"
"lets-connect-aarhus","TAMBANG1001","TAMBANG1001 Coba Slot88 tanpa Pindah Akun x Let's Connect Aarhus","TAMBANG1001 siap dipakai sebagai situs slot gacor untuk main pelan hari ini dengan pilihan meja yang gampang dicari, pantauan RTP, dan kabar jackpot yang tidak berlebihan dengan bantuan yang tetap bisa dihubungi.","<a href=""#"">TAMBANG1001</a> siap dipakai sebagai situs slot gacor untuk main pelan hari ini dengan pilihan meja yang gampang dicari, pantauan RTP, dan kabar jackpot yang tidak berlebihan dengan bantuan yang tetap bisa dihubungi.","Yuk cek slot gacor TAMBANG1001 hari ini","TAMBANG1001 merapikan info RTP dan jackpot slot gacor","Kabar pola maxwin 2026 di situs slot gacor TAMBANG1001","TAMBANG1001 hadirkan pilihan slot gacor dalam satu lobby","Update jackpot terkini slot gacor TAMBANG1001","Apakah slot gacor TAMBANG1001 nyaman di HP?","Bagaimana kalau meja slot gacor di TAMBANG1001 terasa dingin?","Apakah TAMBANG1001 situs slot gacor yang bisa dicoba hari ini?","Bagaimana cara mulai main slot gacor di TAMBANG1001?","Apakah RTP slot gacor di TAMBANG1001 bisa dilihat?","Nyaman. Lobby slot gacor TAMBANG1001 ringkas di HP, RTP dan jackpot tetap kebaca, sesi bisa dipotong kapan saja.","Pindah permainan di lobby yang sama. TAMBANG1001 tidak memaksa bertahan di satu meja kalau ritmenya tidak nyambung.","Ya. TAMBANG1001 menata slot gacor dalam satu lobby. Anda bisa cek RTP, pilih permainan, lalu main pelan tanpa pindah situs.","Masuk TAMBANG1001, pilih permainan slot gacor yang ingin dijajal, mulai dengan taruhan kecil. RTP dan info jackpot ada sebelum sesi berjalan.","Bisa. TAMBANG1001 menampilkan ringkasan RTP supaya pemain punya acuan pilih meja, bukan janji menang terus.","Saya lihat info jackpot di TAMBANG1001 sebelum spin. Bukan angka gila, tapi cukup buat nentuin mau lanjut atau pindah. Slot gacor-nya terasa rapi, tidak berisik.","Saya pindah permainan slot gacor di TAMBANG1001 setelah yang pertama sepi. Lobby-nya satu pintu, gak logout. RTP meja kedua lebih nyambung, saya stop pas sudah plus tipis.","Saya main slot gacor TAMBANG1001 di HP sambil nunggu. Grafiknya ringan, jackpot dan RTP tetap kelihatan. Sesi pendek, saya tidak dipaksa gas besar.","Saya sempat ragu pola maxwin di TAMBANG1001. Setelah dicoba, itu hanya panduan. Yang saya pakai justru pilih meja pelan dan tarik begitu sudah cukup.","Saya daftar TAMBANG1001 lalu langsung ke slot gacor, tidak muter halaman. Info jackpot 2026-nya kebaca. Saya kunci sesi sebelum jadi lama.","Citra Melati","Hendra Gunawan","Ilham Ramadhan","Sinta Dewi","Fajar Nugroho","TAMBANG1001 login","TAMBANG1001 daftar","Alternatif TAMBANG1001","TAMBANG1001 slot","TAMBANG1001 rtp"
"get-involved-aarhus","SULEBET","SULEBET Update APK yang Nyambung ke Web x Get Involved Aarhus","SULEBET berdiri sebagai situs slot gacor yang menata permainan dalam satu lobby dengan pilihan meja yang gampang dicari, pantauan RTP, dan kabar jackpot yang tidak berlebihan untuk main di HP maupun browser.","<a href=""#"">SULEBET</a> berdiri sebagai situs slot gacor yang menata permainan dalam satu lobby dengan pilihan meja yang gampang dicari, pantauan RTP, dan kabar jackpot yang tidak berlebihan untuk main di HP maupun browser.","Jangan lewatkan slot gacor SULEBET hari ini","SULEBET merapikan info RTP dan jackpot slot gacor","Kabar pola maxwin 2026 di situs slot gacor SULEBET","SULEBET hadirkan pilihan slot gacor dalam satu lobby","Update jackpot terkini slot gacor SULEBET","Bagaimana kalau meja slot gacor di SULEBET terasa dingin?","Apakah SULEBET situs slot gacor yang bisa dicoba hari ini?","Bagaimana cara mulai main slot gacor di SULEBET?","Apakah RTP slot gacor di SULEBET bisa dilihat?","Bagaimana info jackpot di SULEBET diperbarui?","Pindah permainan di lobby yang sama. SULEBET tidak memaksa bertahan di satu meja kalau ritmenya tidak nyambung.","Ya. SULEBET menata slot gacor dalam satu lobby. Anda bisa cek RTP, pilih permainan, lalu main pelan tanpa pindah situs.","Masuk SULEBET, pilih permainan slot gacor yang ingin dijajal, mulai dengan taruhan kecil. RTP dan info jackpot ada sebelum sesi berjalan.","Bisa. SULEBET menampilkan ringkasan RTP supaya pemain punya acuan pilih meja, bukan janji menang terus.","Informasi jackpot di SULEBET disusun agar kebaca sebelum main. Angkanya jadi pantauan, bukan slogan di judul.","Saya banding RTP beberapa permainan di SULEBET. Yang lebih tinggi saya jajal dulu. Slot gacor-nya tidak janji menang terus, dan itu yang bikin saya tenang.","Saya tarik dari SULEBET setelah sesi slot gacor malam ini. Prosesnya rapi, tidak banyak tanya. Besok saya tidak maksa balik kalau mood tidak pas.","Saya chat SULEBET soal permainan yang RTP-nya tidak muncul. Dijawab singkat, lalu saya pilih slot gacor lain. Alurnya manusiawi, tidak bertele.","Saya bawa SULEBET dari browser ke HP, slot gacor-nya tetap ada. Jackpot yang tadi saya lihat masih kebaca. Tidak perlu akun kedua.","Saya set limit sebelum buka slot gacor SULEBET. Pas nyentuh, saya berhenti meski masih ingin spin. Disiplin itu yang saya bawa dari sesi ini.","Nadia Putri","Budi Hartono","Dimas Kurniawan","Bayu Firmansyah","Rina Wulandari","SULEBET login","SULEBET daftar","Alternatif SULEBET","SULEBET link","SULEBET masuk"
"call-for-volunteers-aarhus","MPO777","MPO777 Yuk Tutup Sesi Pas Udah Plus x Call for Volunteers Aarhus","MPO777 hadir sebagai situs slot gacor gampang menang hari ini dengan info RTP yang kebaca sebelum mulai, RTP tinggi, dan informasi jackpot terkini.","<a href=""#"">MPO777</a> hadir sebagai situs slot gacor gampang menang hari ini dengan info RTP yang kebaca sebelum mulai, RTP tinggi, dan informasi jackpot terkini.","Kabar slot gacor MPO777 hari ini","MPO777 merapikan info RTP dan jackpot slot gacor","Kabar pola maxwin 2026 di situs slot gacor MPO777","MPO777 hadirkan pilihan slot gacor dalam satu lobby","Update jackpot terkini slot gacor MPO777","Apakah MPO777 situs slot gacor yang bisa dicoba hari ini?","Bagaimana cara mulai main slot gacor di MPO777?","Apakah RTP slot gacor di MPO777 bisa dilihat?","Bagaimana info jackpot di MPO777 diperbarui?","Apakah pola maxwin di MPO777 wajib diikuti?","Ya. MPO777 menata slot gacor dalam satu lobby. Anda bisa cek RTP, pilih permainan, lalu main pelan tanpa pindah situs.","Masuk MPO777, pilih permainan slot gacor yang ingin dijajal, mulai dengan taruhan kecil. RTP dan info jackpot ada sebelum sesi berjalan.","Bisa. MPO777 menampilkan ringkasan RTP supaya pemain punya acuan pilih meja, bukan janji menang terus.","Informasi jackpot di MPO777 disusun agar kebaca sebelum main. Angkanya jadi pantauan, bukan slogan di judul.","Tidak wajib. Pola di MPO777 hanya referensi. Keputusan taruhan tetap di pemain, meja tetap bisa diganti kalau terasa sepi.","Saya buka MPO777 karena cari situs slot gacor yang denahnya jelas. RTP-nya kebaca, saya pilih satu permainan lalu main pelan. Habis ada naik tipis, saya tarik dan tidak nambah sesi.","Saya coba slot gacor di MPO777 dengan taruhan kecil dulu. Pola yang tampil saya anggap catatan, bukan jaminan. Sesi itu cukup buat ngerasain mejanya, lalu saya tutup.","Saya lihat info jackpot di MPO777 sebelum spin. Bukan angka gila, tapi cukup buat nentuin mau lanjut atau pindah. Slot gacor-nya terasa rapi, tidak berisik.","Saya pindah permainan slot gacor di MPO777 setelah yang pertama sepi. Lobby-nya satu pintu, gak logout. RTP meja kedua lebih nyambung, saya stop pas sudah plus tipis.","Saya main slot gacor MPO777 di HP sambil nunggu. Grafiknya ringan, jackpot dan RTP tetap kelihatan. Sesi pendek, saya tidak dipaksa gas besar.","Dimas Kurniawan","Ilham Ramadhan","Fajar Nugroho","Nadia Putri","Dewi Anggraini","MPO777 login","MPO777 daftar","Alternatif MPO777","MPO777 official","MPO777 apk"
"live-on-demand-aarhus","DIANA4D","DIANA4D Jangan Ngejar Kalah Sesi Siang x Live & On Demand Aarhus","DIANA4D dikenal sebagai situs slot gacor yang nyaman dijajal hari ini dengan info RTP yang kebaca sebelum mulai, RTP tinggi, dan informasi jackpot terkini tanpa banyak slogan.","<a href=""#"">DIANA4D</a> dikenal sebagai situs slot gacor yang nyaman dijajal hari ini dengan info RTP yang kebaca sebelum mulai, RTP tinggi, dan informasi jackpot terkini tanpa banyak slogan.","Update slot gacor DIANA4D hari ini","DIANA4D merapikan info RTP dan jackpot slot gacor","Kabar pola maxwin 2026 di situs slot gacor DIANA4D","DIANA4D hadirkan pilihan slot gacor dalam satu lobby","Update jackpot terkini slot gacor DIANA4D","Bagaimana cara mulai main slot gacor di DIANA4D?","Apakah RTP slot gacor di DIANA4D bisa dilihat?","Bagaimana info jackpot di DIANA4D diperbarui?","Apakah pola maxwin di DIANA4D wajib diikuti?","Bisakah pindah permainan slot gacor tanpa daftar ulang di DIANA4D?","Masuk DIANA4D, pilih permainan slot gacor yang ingin dijajal, mulai dengan taruhan kecil. RTP dan info jackpot ada sebelum sesi berjalan.","Bisa. DIANA4D menampilkan ringkasan RTP supaya pemain punya acuan pilih meja, bukan janji menang terus.","Informasi jackpot di DIANA4D disusun agar kebaca sebelum main. Angkanya jadi pantauan, bukan slogan di judul.","Tidak wajib. Pola di DIANA4D hanya referensi. Keputusan taruhan tetap di pemain, meja tetap bisa diganti kalau terasa sepi.","Bisa. Slot gacor DIANA4D ada di satu akun. Ganti permainan tidak perlu login baru.","Saya sempat ragu pola maxwin di DIANA4D. Setelah dicoba, itu hanya panduan. Yang saya pakai justru pilih meja pelan dan tarik begitu sudah cukup.","Saya daftar DIANA4D lalu langsung ke slot gacor, tidak muter halaman. Info jackpot 2026-nya kebaca. Saya kunci sesi sebelum jadi lama.","Saya banding RTP beberapa permainan di DIANA4D. Yang lebih tinggi saya jajal dulu. Slot gacor-nya tidak janji menang terus, dan itu yang bikin saya tenang.","Saya tarik dari DIANA4D setelah sesi slot gacor malam ini. Prosesnya rapi, tidak banyak tanya. Besok saya tidak maksa balik kalau mood tidak pas.","Saya chat DIANA4D soal permainan yang RTP-nya tidak muncul. Dijawab singkat, lalu saya pilih slot gacor lain. Alurnya manusiawi, tidak bertele.","Rizky Pratama","Dimas Kurniawan","Lina Kartika","Nadia Putri","Ilham Ramadhan","DIANA4D login","DIANA4D daftar","Alternatif DIANA4D","link alternatif DIANA4D","DIANA4D wap"
"digital-marketing-conference-aarhus","BONASLOT","BONASLOT Hadiah Login Harian yang Masuk x Digital Marketing Conference Aarhus","BONASLOT menjadi pilihan situs slot gacor buat sesi harian dengan katalog permainan yang tidak tercecer, RTP tinggi, dan informasi jackpot terkini untuk pemain yang mau coba dulu.","<a href=""#"">BONASLOT</a> menjadi pilihan situs slot gacor buat sesi harian dengan katalog permainan yang tidak tercecer, RTP tinggi, dan informasi jackpot terkini untuk pemain yang mau coba dulu.","Intip slot gacor BONASLOT hari ini","BONASLOT merapikan info RTP dan jackpot slot gacor","Kabar pola maxwin 2026 di situs slot gacor BONASLOT","BONASLOT hadirkan pilihan slot gacor dalam satu lobby","Update jackpot terkini slot gacor BONASLOT","Apakah RTP slot gacor di BONASLOT bisa dilihat?","Bagaimana info jackpot di BONASLOT diperbarui?","Apakah pola maxwin di BONASLOT wajib diikuti?","Bisakah pindah permainan slot gacor tanpa daftar ulang di BONASLOT?","Apakah slot gacor BONASLOT nyaman di HP?","Bisa. BONASLOT menampilkan ringkasan RTP supaya pemain punya acuan pilih meja, bukan janji menang terus.","Informasi jackpot di BONASLOT disusun agar kebaca sebelum main. Angkanya jadi pantauan, bukan slogan di judul.","Tidak wajib. Pola di BONASLOT hanya referensi. Keputusan taruhan tetap di pemain, meja tetap bisa diganti kalau terasa sepi.","Bisa. Slot gacor BONASLOT ada di satu akun. Ganti permainan tidak perlu login baru.","Nyaman. Lobby slot gacor BONASLOT ringkas di HP, RTP dan jackpot tetap kebaca, sesi bisa dipotong kapan saja.","Saya bawa BONASLOT dari browser ke HP, slot gacor-nya tetap ada. Jackpot yang tadi saya lihat masih kebaca. Tidak perlu akun kedua.","Saya set limit sebelum buka slot gacor BONASLOT. Pas nyentuh, saya berhenti meski masih ingin spin. Disiplin itu yang saya bawa dari sesi ini.","Saya buka BONASLOT karena cari situs slot gacor yang denahnya jelas. RTP-nya kebaca, saya pilih satu permainan lalu main pelan. Habis ada naik tipis, saya tarik dan tidak nambah sesi.","Saya coba slot gacor di BONASLOT dengan taruhan kecil dulu. Pola yang tampil saya anggap catatan, bukan jaminan. Sesi itu cukup buat ngerasain mejanya, lalu saya tutup.","Saya lihat info jackpot di BONASLOT sebelum spin. Bukan angka gila, tapi cukup buat nentuin mau lanjut atau pindah. Slot gacor-nya terasa rapi, tidak berisik.","Alika Rahman","Andi Saputra","Rafi Maulana","Dimas Kurniawan","Putri Ayu","BONASLOT login","BONASLOT daftar","Alternatif BONASLOT","BONASLOT gacor","situs BONASLOT"
"media-and-advertising-conference-aarhus","SUNEO4D","SUNEO4D Kabar QRIS yang Cepet Beres x Media and Advertising Conference Aarhus","SUNEO4D menyediakan akses situs slot gacor dengan alur yang ringkas dengan katalog permainan yang tidak tercecer, ringkasan jackpot harian, dan catatan RTP yang jelas dengan sesi yang bisa ditutup kapan saja.","<a href=""#"">SUNEO4D</a> menyediakan akses situs slot gacor dengan alur yang ringkas dengan katalog permainan yang tidak tercecer, ringkasan jackpot harian, dan catatan RTP yang jelas dengan sesi yang bisa ditutup kapan saja.","Yuk cek slot gacor SUNEO4D hari ini","SUNEO4D merapikan info RTP dan jackpot slot gacor","Kabar pola maxwin 2026 di situs slot gacor SUNEO4D","SUNEO4D hadirkan pilihan slot gacor dalam satu lobby","Update jackpot terkini slot gacor SUNEO4D","Bagaimana info jackpot di SUNEO4D diperbarui?","Apakah pola maxwin di SUNEO4D wajib diikuti?","Bisakah pindah permainan slot gacor tanpa daftar ulang di SUNEO4D?","Apakah slot gacor SUNEO4D nyaman di HP?","Bagaimana kalau meja slot gacor di SUNEO4D terasa dingin?","Informasi jackpot di SUNEO4D disusun agar kebaca sebelum main. Angkanya jadi pantauan, bukan slogan di judul.","Tidak wajib. Pola di SUNEO4D hanya referensi. Keputusan taruhan tetap di pemain, meja tetap bisa diganti kalau terasa sepi.","Bisa. Slot gacor SUNEO4D ada di satu akun. Ganti permainan tidak perlu login baru.","Nyaman. Lobby slot gacor SUNEO4D ringkas di HP, RTP dan jackpot tetap kebaca, sesi bisa dipotong kapan saja.","Pindah permainan di lobby yang sama. SUNEO4D tidak memaksa bertahan di satu meja kalau ritmenya tidak nyambung.","Saya pindah permainan slot gacor di SUNEO4D setelah yang pertama sepi. Lobby-nya satu pintu, gak logout. RTP meja kedua lebih nyambung, saya stop pas sudah plus tipis.","Saya main slot gacor SUNEO4D di HP sambil nunggu. Grafiknya ringan, jackpot dan RTP tetap kelihatan. Sesi pendek, saya tidak dipaksa gas besar.","Saya sempat ragu pola maxwin di SUNEO4D. Setelah dicoba, itu hanya panduan. Yang saya pakai justru pilih meja pelan dan tarik begitu sudah cukup.","Saya daftar SUNEO4D lalu langsung ke slot gacor, tidak muter halaman. Info jackpot 2026-nya kebaca. Saya kunci sesi sebelum jadi lama.","Saya banding RTP beberapa permainan di SUNEO4D. Yang lebih tinggi saya jajal dulu. Slot gacor-nya tidak janji menang terus, dan itu yang bikin saya tenang.","Rizky Pratama","Yoga Prasetyo","Rafi Maulana","Putri Ayu","Ayu Rahma","SUNEO4D login","SUNEO4D daftar","Alternatif SUNEO4D","SUNEO4D slot gacor","SUNEO4D terpercaya"
"customer-support-aarhus","ANDARA777","ANDARA777 Sesi Subuh buat yang Gak Tidur x Customer Support Aarhus","ANDARA777 tampil sebagai situs slot gacor resmi yang gampang diikuti dengan jalur login yang tidak muter-muter, ringkasan jackpot harian, dan catatan RTP yang jelas supaya denah permainannya kebaca.","<a href=""#"">ANDARA777</a> tampil sebagai situs slot gacor resmi yang gampang diikuti dengan jalur login yang tidak muter-muter, ringkasan jackpot harian, dan catatan RTP yang jelas supaya denah permainannya kebaca.","Jangan lewatkan slot gacor ANDARA777 hari ini","ANDARA777 merapikan info RTP dan jackpot slot gacor","Kabar pola maxwin 2026 di situs slot gacor ANDARA777","ANDARA777 hadirkan pilihan slot gacor dalam satu lobby","Update jackpot terkini slot gacor ANDARA777","Apakah pola maxwin di ANDARA777 wajib diikuti?","Bisakah pindah permainan slot gacor tanpa daftar ulang di ANDARA777?","Apakah slot gacor ANDARA777 nyaman di HP?","Bagaimana kalau meja slot gacor di ANDARA777 terasa dingin?","Apakah ANDARA777 situs slot gacor yang bisa dicoba hari ini?","Tidak wajib. Pola di ANDARA777 hanya referensi. Keputusan taruhan tetap di pemain, meja tetap bisa diganti kalau terasa sepi.","Bisa. Slot gacor ANDARA777 ada di satu akun. Ganti permainan tidak perlu login baru.","Nyaman. Lobby slot gacor ANDARA777 ringkas di HP, RTP dan jackpot tetap kebaca, sesi bisa dipotong kapan saja.","Pindah permainan di lobby yang sama. ANDARA777 tidak memaksa bertahan di satu meja kalau ritmenya tidak nyambung.","Ya. ANDARA777 menata slot gacor dalam satu lobby. Anda bisa cek RTP, pilih permainan, lalu main pelan tanpa pindah situs.","Saya tarik dari ANDARA777 setelah sesi slot gacor malam ini. Prosesnya rapi, tidak banyak tanya. Besok saya tidak maksa balik kalau mood tidak pas.","Saya chat ANDARA777 soal permainan yang RTP-nya tidak muncul. Dijawab singkat, lalu saya pilih slot gacor lain. Alurnya manusiawi, tidak bertele.","Saya bawa ANDARA777 dari browser ke HP, slot gacor-nya tetap ada. Jackpot yang tadi saya lihat masih kebaca. Tidak perlu akun kedua.","Saya set limit sebelum buka slot gacor ANDARA777. Pas nyentuh, saya berhenti meski masih ingin spin. Disiplin itu yang saya bawa dari sesi ini.","Saya buka ANDARA777 karena cari situs slot gacor yang denahnya jelas. RTP-nya kebaca, saya pilih satu permainan lalu main pelan. Habis ada naik tipis, saya tarik dan tidak nambah sesi.","Lina Kartika","Arif Rahman","Aulia Zahra","Andi Saputra","Rizky Pratama","ANDARA777 login","ANDARA777 daftar","Alternatif ANDARA777","ANDARA777 link login","ANDARA777 slot online"
"ticket-sales-aarhus","WANGI288","WANGI288 Update Live Chat yang Manusiawi x Ticket Sales Aarhus","WANGI288 menghadirkan situs slot gacor dengan pintu masuk yang pendek dengan jalur login yang tidak muter-muter, ringkasan jackpot harian, dan catatan RTP yang jelas biar gak nyasar pindah situs.","<a href=""#"">WANGI288</a> menghadirkan situs slot gacor dengan pintu masuk yang pendek dengan jalur login yang tidak muter-muter, ringkasan jackpot harian, dan catatan RTP yang jelas biar gak nyasar pindah situs.","Kabar slot gacor WANGI288 hari ini","WANGI288 merapikan info RTP dan jackpot slot gacor","Kabar pola maxwin 2026 di situs slot gacor WANGI288","WANGI288 hadirkan pilihan slot gacor dalam satu lobby","Update jackpot terkini slot gacor WANGI288","Bisakah pindah permainan slot gacor tanpa daftar ulang di WANGI288?","Apakah slot gacor WANGI288 nyaman di HP?","Bagaimana kalau meja slot gacor di WANGI288 terasa dingin?","Apakah WANGI288 situs slot gacor yang bisa dicoba hari ini?","Bagaimana cara mulai main slot gacor di WANGI288?","Bisa. Slot gacor WANGI288 ada di satu akun. Ganti permainan tidak perlu login baru.","Nyaman. Lobby slot gacor WANGI288 ringkas di HP, RTP dan jackpot tetap kebaca, sesi bisa dipotong kapan saja.","Pindah permainan di lobby yang sama. WANGI288 tidak memaksa bertahan di satu meja kalau ritmenya tidak nyambung.","Ya. WANGI288 menata slot gacor dalam satu lobby. Anda bisa cek RTP, pilih permainan, lalu main pelan tanpa pindah situs.","Masuk WANGI288, pilih permainan slot gacor yang ingin dijajal, mulai dengan taruhan kecil. RTP dan info jackpot ada sebelum sesi berjalan.","Saya coba slot gacor di WANGI288 dengan taruhan kecil dulu. Pola yang tampil saya anggap catatan, bukan jaminan. Sesi itu cukup buat ngerasain mejanya, lalu saya tutup.","Saya lihat info jackpot di WANGI288 sebelum spin. Bukan angka gila, tapi cukup buat nentuin mau lanjut atau pindah. Slot gacor-nya terasa rapi, tidak berisik.","Saya pindah permainan slot gacor di WANGI288 setelah yang pertama sepi. Lobby-nya satu pintu, gak logout. RTP meja kedua lebih nyambung, saya stop pas sudah plus tipis.","Saya main slot gacor WANGI288 di HP sambil nunggu. Grafiknya ringan, jackpot dan RTP tetap kelihatan. Sesi pendek, saya tidak dipaksa gas besar.","Saya sempat ragu pola maxwin di WANGI288. Setelah dicoba, itu hanya panduan. Yang saya pakai justru pilih meja pelan dan tarik begitu sudah cukup.","Putri Ayu","Lina Kartika","Dimas Kurniawan","Aldi Salim","Eko Santoso","WANGI288 login","WANGI288 daftar","Alternatif WANGI288","WANGI288 slot","WANGI288 rtp"
"upcoming-conferences-aarhus","AGEN138","AGEN138 Coba Bet Kecil dulu Baru Naik x Upcoming Conferences Aarhus","AGEN138 siap dipakai sebagai situs slot gacor untuk main pelan hari ini dengan koleksi slot gacor dari beberapa provider, kabar jackpot terkini, dan RTP yang bisa dicek dengan bantuan yang tetap bisa dihubungi.","<a href=""#"">AGEN138</a> siap dipakai sebagai situs slot gacor untuk main pelan hari ini dengan koleksi slot gacor dari beberapa provider, kabar jackpot terkini, dan RTP yang bisa dicek dengan bantuan yang tetap bisa dihubungi.","Update slot gacor AGEN138 hari ini","AGEN138 merapikan info RTP dan jackpot slot gacor","Kabar pola maxwin 2026 di situs slot gacor AGEN138","AGEN138 hadirkan pilihan slot gacor dalam satu lobby","Update jackpot terkini slot gacor AGEN138","Apakah slot gacor AGEN138 nyaman di HP?","Bagaimana kalau meja slot gacor di AGEN138 terasa dingin?","Apakah AGEN138 situs slot gacor yang bisa dicoba hari ini?","Bagaimana cara mulai main slot gacor di AGEN138?","Apakah RTP slot gacor di AGEN138 bisa dilihat?","Nyaman. Lobby slot gacor AGEN138 ringkas di HP, RTP dan jackpot tetap kebaca, sesi bisa dipotong kapan saja.","Pindah permainan di lobby yang sama. AGEN138 tidak memaksa bertahan di satu meja kalau ritmenya tidak nyambung.","Ya. AGEN138 menata slot gacor dalam satu lobby. Anda bisa cek RTP, pilih permainan, lalu main pelan tanpa pindah situs.","Masuk AGEN138, pilih permainan slot gacor yang ingin dijajal, mulai dengan taruhan kecil. RTP dan info jackpot ada sebelum sesi berjalan.","Bisa. AGEN138 menampilkan ringkasan RTP supaya pemain punya acuan pilih meja, bukan janji menang terus.","Saya daftar AGEN138 lalu langsung ke slot gacor, tidak muter halaman. Info jackpot 2026-nya kebaca. Saya kunci sesi sebelum jadi lama.","Saya banding RTP beberapa permainan di AGEN138. Yang lebih tinggi saya jajal dulu. Slot gacor-nya tidak janji menang terus, dan itu yang bikin saya tenang.","Saya tarik dari AGEN138 setelah sesi slot gacor malam ini. Prosesnya rapi, tidak banyak tanya. Besok saya tidak maksa balik kalau mood tidak pas.","Saya chat AGEN138 soal permainan yang RTP-nya tidak muncul. Dijawab singkat, lalu saya pilih slot gacor lain. Alurnya manusiawi, tidak bertele.","Saya bawa AGEN138 dari browser ke HP, slot gacor-nya tetap ada. Jackpot yang tadi saya lihat masih kebaca. Tidak perlu akun kedua.","Agus Wijaya","Dinda Lestari","Aldi Salim","Dimas Kurniawan","Sinta Dewi","AGEN138 login","AGEN138 daftar","Alternatif AGEN138","AGEN138 link","AGEN138 masuk"
"why-attend-aarhus","DEWALANGIT77","DEWALANGIT77 Lobby yang Gak Nge-Push Deposit x Why Attend Aarhus","DEWALANGIT77 berdiri sebagai situs slot gacor yang menata permainan dalam satu lobby dengan koleksi slot gacor dari beberapa provider, kabar jackpot terkini, dan RTP yang bisa dicek untuk main di HP maupun browser.","<a href=""#"">DEWALANGIT77</a> berdiri sebagai situs slot gacor yang menata permainan dalam satu lobby dengan koleksi slot gacor dari beberapa provider, kabar jackpot terkini, dan RTP yang bisa dicek untuk main di HP maupun browser.","Intip slot gacor DEWALANGIT77 hari ini","DEWALANGIT77 merapikan info RTP dan jackpot slot gacor","Kabar pola maxwin 2026 di situs slot gacor DEWALANGIT77","DEWALANGIT77 hadirkan pilihan slot gacor dalam satu lobby","Update jackpot terkini slot gacor DEWALANGIT77","Bagaimana kalau meja slot gacor di DEWALANGIT77 terasa dingin?","Apakah DEWALANGIT77 situs slot gacor yang bisa dicoba hari ini?","Bagaimana cara mulai main slot gacor di DEWALANGIT77?","Apakah RTP slot gacor di DEWALANGIT77 bisa dilihat?","Bagaimana info jackpot di DEWALANGIT77 diperbarui?","Pindah permainan di lobby yang sama. DEWALANGIT77 tidak memaksa bertahan di satu meja kalau ritmenya tidak nyambung.","Ya. DEWALANGIT77 menata slot gacor dalam satu lobby. Anda bisa cek RTP, pilih permainan, lalu main pelan tanpa pindah situs.","Masuk DEWALANGIT77, pilih permainan slot gacor yang ingin dijajal, mulai dengan taruhan kecil. RTP dan info jackpot ada sebelum sesi berjalan.","Bisa. DEWALANGIT77 menampilkan ringkasan RTP supaya pemain punya acuan pilih meja, bukan janji menang terus.","Informasi jackpot di DEWALANGIT77 disusun agar kebaca sebelum main. Angkanya jadi pantauan, bukan slogan di judul.","Saya set limit sebelum buka slot gacor DEWALANGIT77. Pas nyentuh, saya berhenti meski masih ingin spin. Disiplin itu yang saya bawa dari sesi ini.","Saya buka DEWALANGIT77 karena cari situs slot gacor yang denahnya jelas. RTP-nya kebaca, saya pilih satu permainan lalu main pelan. Habis ada naik tipis, saya tarik dan tidak nambah sesi.","Saya coba slot gacor di DEWALANGIT77 dengan taruhan kecil dulu. Pola yang tampil saya anggap catatan, bukan jaminan. Sesi itu cukup buat ngerasain mejanya, lalu saya tutup.","Saya lihat info jackpot di DEWALANGIT77 sebelum spin. Bukan angka gila, tapi cukup buat nentuin mau lanjut atau pindah. Slot gacor-nya terasa rapi, tidak berisik.","Saya pindah permainan slot gacor di DEWALANGIT77 setelah yang pertama sepi. Lobby-nya satu pintu, gak logout. RTP meja kedua lebih nyambung, saya stop pas sudah plus tipis.","Agus Wijaya","Budi Hartono","Sinta Dewi","Ilham Ramadhan","Alika Rahman","DEWALANGIT77 login","DEWALANGIT77 daftar","Alternatif DEWALANGIT77","DEWALANGIT77 official","DEWALANGIT77 apk"
"agenda-aarhus","ORCA128","ORCA128 Kabar Maintenance yang Saldo Aman x Agenda Aarhus","ORCA128 hadir sebagai situs slot gacor gampang menang hari ini dengan link pola maxwin terbaru 2026, kabar jackpot terkini, dan RTP yang bisa dicek.","<a href=""#"">ORCA128</a> hadir sebagai situs slot gacor gampang menang hari ini dengan link pola maxwin terbaru 2026, kabar jackpot terkini, dan RTP yang bisa dicek.","Yuk cek slot gacor ORCA128 hari ini","ORCA128 merapikan info RTP dan jackpot slot gacor","Kabar pola maxwin 2026 di situs slot gacor ORCA128","ORCA128 hadirkan pilihan slot gacor dalam satu lobby","Update jackpot terkini slot gacor ORCA128","Apakah ORCA128 situs slot gacor yang bisa dicoba hari ini?","Bagaimana cara mulai main slot gacor di ORCA128?","Apakah RTP slot gacor di ORCA128 bisa dilihat?","Bagaimana info jackpot di ORCA128 diperbarui?","Apakah pola maxwin di ORCA128 wajib diikuti?","Ya. ORCA128 menata slot gacor dalam satu lobby. Anda bisa cek RTP, pilih permainan, lalu main pelan tanpa pindah situs.","Masuk ORCA128, pilih permainan slot gacor yang ingin dijajal, mulai dengan taruhan kecil. RTP dan info jackpot ada sebelum sesi berjalan.","Bisa. ORCA128 menampilkan ringkasan RTP supaya pemain punya acuan pilih meja, bukan janji menang terus.","Informasi jackpot di ORCA128 disusun agar kebaca sebelum main. Angkanya jadi pantauan, bukan slogan di judul.","Tidak wajib. Pola di ORCA128 hanya referensi. Keputusan taruhan tetap di pemain, meja tetap bisa diganti kalau terasa sepi.","Saya main slot gacor ORCA128 di HP sambil nunggu. Grafiknya ringan, jackpot dan RTP tetap kelihatan. Sesi pendek, saya tidak dipaksa gas besar.","Saya sempat ragu pola maxwin di ORCA128. Setelah dicoba, itu hanya panduan. Yang saya pakai justru pilih meja pelan dan tarik begitu sudah cukup.","Saya daftar ORCA128 lalu langsung ke slot gacor, tidak muter halaman. Info jackpot 2026-nya kebaca. Saya kunci sesi sebelum jadi lama.","Saya banding RTP beberapa permainan di ORCA128. Yang lebih tinggi saya jajal dulu. Slot gacor-nya tidak janji menang terus, dan itu yang bikin saya tenang.","Saya tarik dari ORCA128 setelah sesi slot gacor malam ini. Prosesnya rapi, tidak banyak tanya. Besok saya tidak maksa balik kalau mood tidak pas.","Hendra Gunawan","Putri Ayu","Lina Kartika","Arif Rahman","Eko Santoso","ORCA128 login","ORCA128 daftar","Alternatif ORCA128","link alternatif ORCA128","ORCA128 wap"
"venue-aarhus","ASIA200","ASIA200 Sesi Nunggu Makanan Tetap Sempet Tarik x Venue Aarhus","ASIA200 dikenal sebagai situs slot gacor yang nyaman dijajal hari ini dengan link pola maxwin terbaru 2026, info jackpot yang diperbarui, dan RTP yang transparan tanpa banyak slogan.","<a href=""#"">ASIA200</a> dikenal sebagai situs slot gacor yang nyaman dijajal hari ini dengan link pola maxwin terbaru 2026, info jackpot yang diperbarui, dan RTP yang transparan tanpa banyak slogan.","Jangan lewatkan slot gacor ASIA200 hari ini","ASIA200 merapikan info RTP dan jackpot slot gacor","Kabar pola maxwin 2026 di situs slot gacor ASIA200","ASIA200 hadirkan pilihan slot gacor dalam satu lobby","Update jackpot terkini slot gacor ASIA200","Bagaimana cara mulai main slot gacor di ASIA200?","Apakah RTP slot gacor di ASIA200 bisa dilihat?","Bagaimana info jackpot di ASIA200 diperbarui?","Apakah pola maxwin di ASIA200 wajib diikuti?","Bisakah pindah permainan slot gacor tanpa daftar ulang di ASIA200?","Masuk ASIA200, pilih permainan slot gacor yang ingin dijajal, mulai dengan taruhan kecil. RTP dan info jackpot ada sebelum sesi berjalan.","Bisa. ASIA200 menampilkan ringkasan RTP supaya pemain punya acuan pilih meja, bukan janji menang terus.","Informasi jackpot di ASIA200 disusun agar kebaca sebelum main. Angkanya jadi pantauan, bukan slogan di judul.","Tidak wajib. Pola di ASIA200 hanya referensi. Keputusan taruhan tetap di pemain, meja tetap bisa diganti kalau terasa sepi.","Bisa. Slot gacor ASIA200 ada di satu akun. Ganti permainan tidak perlu login baru.","Saya chat ASIA200 soal permainan yang RTP-nya tidak muncul. Dijawab singkat, lalu saya pilih slot gacor lain. Alurnya manusiawi, tidak bertele.","Saya bawa ASIA200 dari browser ke HP, slot gacor-nya tetap ada. Jackpot yang tadi saya lihat masih kebaca. Tidak perlu akun kedua.","Saya set limit sebelum buka slot gacor ASIA200. Pas nyentuh, saya berhenti meski masih ingin spin. Disiplin itu yang saya bawa dari sesi ini.","Saya buka ASIA200 karena cari situs slot gacor yang denahnya jelas. RTP-nya kebaca, saya pilih satu permainan lalu main pelan. Habis ada naik tipis, saya tarik dan tidak nambah sesi.","Saya coba slot gacor di ASIA200 dengan taruhan kecil dulu. Pola yang tampil saya anggap catatan, bukan jaminan. Sesi itu cukup buat ngerasain mejanya, lalu saya tutup.","Rina Wulandari","Yoga Prasetyo","Dewi Anggraini","Bayu Firmansyah","Aldi Salim","ASIA200 login","ASIA200 daftar","Alternatif ASIA200","ASIA200 gacor","situs ASIA200"
"partners-aarhus","JAMUSLOT","JAMUSLOT Jangan Lewatkan Scatter yang Dateng Pelan x Partners Aarhus","JAMUSLOT menjadi pilihan situs slot gacor buat sesi harian dengan pembaruan pola main yang dibahas tahun 2026, info jackpot yang diperbarui, dan RTP yang transparan untuk pemain yang mau coba dulu.","<a href=""#"">JAMUSLOT</a> menjadi pilihan situs slot gacor buat sesi harian dengan pembaruan pola main yang dibahas tahun 2026, info jackpot yang diperbarui, dan RTP yang transparan untuk pemain yang mau coba dulu.","Kabar slot gacor JAMUSLOT hari ini","JAMUSLOT merapikan info RTP dan jackpot slot gacor","Kabar pola maxwin 2026 di situs slot gacor JAMUSLOT","JAMUSLOT hadirkan pilihan slot gacor dalam satu lobby","Update jackpot terkini slot gacor JAMUSLOT","Apakah RTP slot gacor di JAMUSLOT bisa dilihat?","Bagaimana info jackpot di JAMUSLOT diperbarui?","Apakah pola maxwin di JAMUSLOT wajib diikuti?","Bisakah pindah permainan slot gacor tanpa daftar ulang di JAMUSLOT?","Apakah slot gacor JAMUSLOT nyaman di HP?","Bisa. JAMUSLOT menampilkan ringkasan RTP supaya pemain punya acuan pilih meja, bukan janji menang terus.","Informasi jackpot di JAMUSLOT disusun agar kebaca sebelum main. Angkanya jadi pantauan, bukan slogan di judul.","Tidak wajib. Pola di JAMUSLOT hanya referensi. Keputusan taruhan tetap di pemain, meja tetap bisa diganti kalau terasa sepi.","Bisa. Slot gacor JAMUSLOT ada di satu akun. Ganti permainan tidak perlu login baru.","Nyaman. Lobby slot gacor JAMUSLOT ringkas di HP, RTP dan jackpot tetap kebaca, sesi bisa dipotong kapan saja.","Saya lihat info jackpot di JAMUSLOT sebelum spin. Bukan angka gila, tapi cukup buat nentuin mau lanjut atau pindah. Slot gacor-nya terasa rapi, tidak berisik.","Saya pindah permainan slot gacor di JAMUSLOT setelah yang pertama sepi. Lobby-nya satu pintu, gak logout. RTP meja kedua lebih nyambung, saya stop pas sudah plus tipis.","Saya main slot gacor JAMUSLOT di HP sambil nunggu. Grafiknya ringan, jackpot dan RTP tetap kelihatan. Sesi pendek, saya tidak dipaksa gas besar.","Saya sempat ragu pola maxwin di JAMUSLOT. Setelah dicoba, itu hanya panduan. Yang saya pakai justru pilih meja pelan dan tarik begitu sudah cukup.","Saya daftar JAMUSLOT lalu langsung ke slot gacor, tidak muter halaman. Info jackpot 2026-nya kebaca. Saya kunci sesi sebelum jadi lama.","Eko Santoso","Aldi Salim","Putri Ayu","Budi Hartono","Nadia Putri","JAMUSLOT login","JAMUSLOT daftar","Alternatif JAMUSLOT","JAMUSLOT slot gacor","JAMUSLOT terpercaya"
"sponsors-aarhus","OVO88","OVO88 Update Katalog Spadegaming x Sponsors Aarhus","OVO88 menyediakan akses situs slot gacor dengan alur yang ringkas dengan pembaruan pola main yang dibahas tahun 2026, info jackpot yang diperbarui, dan RTP yang transparan dengan sesi yang bisa ditutup kapan saja.","<a href=""#"">OVO88</a> menyediakan akses situs slot gacor dengan alur yang ringkas dengan pembaruan pola main yang dibahas tahun 2026, info jackpot yang diperbarui, dan RTP yang transparan dengan sesi yang bisa ditutup kapan saja.","Update slot gacor OVO88 hari ini","OVO88 merapikan info RTP dan jackpot slot gacor","Kabar pola maxwin 2026 di situs slot gacor OVO88","OVO88 hadirkan pilihan slot gacor dalam satu lobby","Update jackpot terkini slot gacor OVO88","Bagaimana info jackpot di OVO88 diperbarui?","Apakah pola maxwin di OVO88 wajib diikuti?","Bisakah pindah permainan slot gacor tanpa daftar ulang di OVO88?","Apakah slot gacor OVO88 nyaman di HP?","Bagaimana kalau meja slot gacor di OVO88 terasa dingin?","Informasi jackpot di OVO88 disusun agar kebaca sebelum main. Angkanya jadi pantauan, bukan slogan di judul.","Tidak wajib. Pola di OVO88 hanya referensi. Keputusan taruhan tetap di pemain, meja tetap bisa diganti kalau terasa sepi.","Bisa. Slot gacor OVO88 ada di satu akun. Ganti permainan tidak perlu login baru.","Nyaman. Lobby slot gacor OVO88 ringkas di HP, RTP dan jackpot tetap kebaca, sesi bisa dipotong kapan saja.","Pindah permainan di lobby yang sama. OVO88 tidak memaksa bertahan di satu meja kalau ritmenya tidak nyambung.","Saya banding RTP beberapa permainan di OVO88. Yang lebih tinggi saya jajal dulu. Slot gacor-nya tidak janji menang terus, dan itu yang bikin saya tenang.","Saya tarik dari OVO88 setelah sesi slot gacor malam ini. Prosesnya rapi, tidak banyak tanya. Besok saya tidak maksa balik kalau mood tidak pas.","Saya chat OVO88 soal permainan yang RTP-nya tidak muncul. Dijawab singkat, lalu saya pilih slot gacor lain. Alurnya manusiawi, tidak bertele.","Saya bawa OVO88 dari browser ke HP, slot gacor-nya tetap ada. Jackpot yang tadi saya lihat masih kebaca. Tidak perlu akun kedua.","Saya set limit sebelum buka slot gacor OVO88. Pas nyentuh, saya berhenti meski masih ingin spin. Disiplin itu yang saya bawa dari sesi ini.","Eko Santoso","Dewi Anggraini","Alika Rahman","Hendra Gunawan","Arif Rahman","OVO88 login","OVO88 daftar","Alternatif OVO88","OVO88 link login","OVO88 slot online"
"networking-aarhus","DRAGON4D","DRAGON4D Hadir di Meja Mahjong yang Lagi Dibahas x Networking Aarhus","DRAGON4D tampil sebagai situs slot gacor resmi yang gampang diikuti dengan akses permainan slot gacor yang dirapikan, data RTP terkini, dan pantauan jackpot yang rapi supaya denah permainannya kebaca.","<a href=""#"">DRAGON4D</a> tampil sebagai situs slot gacor resmi yang gampang diikuti dengan akses permainan slot gacor yang dirapikan, data RTP terkini, dan pantauan jackpot yang rapi supaya denah permainannya kebaca.","Intip slot gacor DRAGON4D hari ini","DRAGON4D merapikan info RTP dan jackpot slot gacor","Kabar pola maxwin 2026 di situs slot gacor DRAGON4D","DRAGON4D hadirkan pilihan slot gacor dalam satu lobby","Update jackpot terkini slot gacor DRAGON4D","Apakah pola maxwin di DRAGON4D wajib diikuti?","Bisakah pindah permainan slot gacor tanpa daftar ulang di DRAGON4D?","Apakah slot gacor DRAGON4D nyaman di HP?","Bagaimana kalau meja slot gacor di DRAGON4D terasa dingin?","Apakah DRAGON4D situs slot gacor yang bisa dicoba hari ini?","Tidak wajib. Pola di DRAGON4D hanya referensi. Keputusan taruhan tetap di pemain, meja tetap bisa diganti kalau terasa sepi.","Bisa. Slot gacor DRAGON4D ada di satu akun. Ganti permainan tidak perlu login baru.","Nyaman. Lobby slot gacor DRAGON4D ringkas di HP, RTP dan jackpot tetap kebaca, sesi bisa dipotong kapan saja.","Pindah permainan di lobby yang sama. DRAGON4D tidak memaksa bertahan di satu meja kalau ritmenya tidak nyambung.","Ya. DRAGON4D menata slot gacor dalam satu lobby. Anda bisa cek RTP, pilih permainan, lalu main pelan tanpa pindah situs.","Saya buka DRAGON4D karena cari situs slot gacor yang denahnya jelas. RTP-nya kebaca, saya pilih satu permainan lalu main pelan. Habis ada naik tipis, saya tarik dan tidak nambah sesi.","Saya coba slot gacor di DRAGON4D dengan taruhan kecil dulu. Pola yang tampil saya anggap catatan, bukan jaminan. Sesi itu cukup buat ngerasain mejanya, lalu saya tutup.","Saya lihat info jackpot di DRAGON4D sebelum spin. Bukan angka gila, tapi cukup buat nentuin mau lanjut atau pindah. Slot gacor-nya terasa rapi, tidak berisik.","Saya pindah permainan slot gacor di DRAGON4D setelah yang pertama sepi. Lobby-nya satu pintu, gak logout. RTP meja kedua lebih nyambung, saya stop pas sudah plus tipis.","Saya main slot gacor DRAGON4D di HP sambil nunggu. Grafiknya ringan, jackpot dan RTP tetap kelihatan. Sesi pendek, saya tidak dipaksa gas besar.","Rizky Pratama","Rina Wulandari","Eko Santoso","Aldi Salim","Putri Ayu","DRAGON4D login","DRAGON4D daftar","Alternatif DRAGON4D","DRAGON4D slot","DRAGON4D rtp"
"best-practices-aarhus","CLICKBET88","CLICKBET88 Sesi Turbo yang Bisa Distop x Best Practices Aarhus","CLICKBET88 menghadirkan situs slot gacor dengan pintu masuk yang pendek dengan akses permainan slot gacor yang dirapikan, data RTP terkini, dan pantauan jackpot yang rapi biar gak nyasar pindah situs.","<a href=""#"">CLICKBET88</a> menghadirkan situs slot gacor dengan pintu masuk yang pendek dengan akses permainan slot gacor yang dirapikan, data RTP terkini, dan pantauan jackpot yang rapi biar gak nyasar pindah situs.","Yuk cek slot gacor CLICKBET88 hari ini","CLICKBET88 merapikan info RTP dan jackpot slot gacor","Kabar pola maxwin 2026 di situs slot gacor CLICKBET88","CLICKBET88 hadirkan pilihan slot gacor dalam satu lobby","Update jackpot terkini slot gacor CLICKBET88","Bisakah pindah permainan slot gacor tanpa daftar ulang di CLICKBET88?","Apakah slot gacor CLICKBET88 nyaman di HP?","Bagaimana kalau meja slot gacor di CLICKBET88 terasa dingin?","Apakah CLICKBET88 situs slot gacor yang bisa dicoba hari ini?","Bagaimana cara mulai main slot gacor di CLICKBET88?","Bisa. Slot gacor CLICKBET88 ada di satu akun. Ganti permainan tidak perlu login baru.","Nyaman. Lobby slot gacor CLICKBET88 ringkas di HP, RTP dan jackpot tetap kebaca, sesi bisa dipotong kapan saja.","Pindah permainan di lobby yang sama. CLICKBET88 tidak memaksa bertahan di satu meja kalau ritmenya tidak nyambung.","Ya. CLICKBET88 menata slot gacor dalam satu lobby. Anda bisa cek RTP, pilih permainan, lalu main pelan tanpa pindah situs.","Masuk CLICKBET88, pilih permainan slot gacor yang ingin dijajal, mulai dengan taruhan kecil. RTP dan info jackpot ada sebelum sesi berjalan.","Saya sempat ragu pola maxwin di CLICKBET88. Setelah dicoba, itu hanya panduan. Yang saya pakai justru pilih meja pelan dan tarik begitu sudah cukup.","Saya daftar CLICKBET88 lalu langsung ke slot gacor, tidak muter halaman. Info jackpot 2026-nya kebaca. Saya kunci sesi sebelum jadi lama.","Saya banding RTP beberapa permainan di CLICKBET88. Yang lebih tinggi saya jajal dulu. Slot gacor-nya tidak janji menang terus, dan itu yang bikin saya tenang.","Saya tarik dari CLICKBET88 setelah sesi slot gacor malam ini. Prosesnya rapi, tidak banyak tanya. Besok saya tidak maksa balik kalau mood tidak pas.","Saya chat CLICKBET88 soal permainan yang RTP-nya tidak muncul. Dijawab singkat, lalu saya pilih slot gacor lain. Alurnya manusiawi, tidak bertele.","Andi Saputra","Agus Wijaya","Aulia Zahra","Dimas Kurniawan","Sinta Dewi","CLICKBET88 login","CLICKBET88 daftar","Alternatif CLICKBET88","CLICKBET88 link","CLICKBET88 masuk"
"latest-trends-aarhus","JANJISLOT","JANJISLOT Kabar OTP WD yang Rapi x Latest Trends Aarhus","JANJISLOT siap dipakai sebagai situs slot gacor untuk main pelan hari ini dengan pilihan meja yang gampang dicari, data RTP terkini, dan pantauan jackpot yang rapi dengan bantuan yang tetap bisa dihubungi.","<a href=""#"">JANJISLOT</a> siap dipakai sebagai situs slot gacor untuk main pelan hari ini dengan pilihan meja yang gampang dicari, data RTP terkini, dan pantauan jackpot yang rapi dengan bantuan yang tetap bisa dihubungi.","Jangan lewatkan slot gacor JANJISLOT hari ini","JANJISLOT merapikan info RTP dan jackpot slot gacor","Kabar pola maxwin 2026 di situs slot gacor JANJISLOT","JANJISLOT hadirkan pilihan slot gacor dalam satu lobby","Update jackpot terkini slot gacor JANJISLOT","Apakah slot gacor JANJISLOT nyaman di HP?","Bagaimana kalau meja slot gacor di JANJISLOT terasa dingin?","Apakah JANJISLOT situs slot gacor yang bisa dicoba hari ini?","Bagaimana cara mulai main slot gacor di JANJISLOT?","Apakah RTP slot gacor di JANJISLOT bisa dilihat?","Nyaman. Lobby slot gacor JANJISLOT ringkas di HP, RTP dan jackpot tetap kebaca, sesi bisa dipotong kapan saja.","Pindah permainan di lobby yang sama. JANJISLOT tidak memaksa bertahan di satu meja kalau ritmenya tidak nyambung.","Ya. JANJISLOT menata slot gacor dalam satu lobby. Anda bisa cek RTP, pilih permainan, lalu main pelan tanpa pindah situs.","Masuk JANJISLOT, pilih permainan slot gacor yang ingin dijajal, mulai dengan taruhan kecil. RTP dan info jackpot ada sebelum sesi berjalan.","Bisa. JANJISLOT menampilkan ringkasan RTP supaya pemain punya acuan pilih meja, bukan janji menang terus.","Saya bawa JANJISLOT dari browser ke HP, slot gacor-nya tetap ada. Jackpot yang tadi saya lihat masih kebaca. Tidak perlu akun kedua.","Saya set limit sebelum buka slot gacor JANJISLOT. Pas nyentuh, saya berhenti meski masih ingin spin. Disiplin itu yang saya bawa dari sesi ini.","Saya buka JANJISLOT karena cari situs slot gacor yang denahnya jelas. RTP-nya kebaca, saya pilih satu permainan lalu main pelan. Habis ada naik tipis, saya tarik dan tidak nambah sesi.","Saya coba slot gacor di JANJISLOT dengan taruhan kecil dulu. Pola yang tampil saya anggap catatan, bukan jaminan. Sesi itu cukup buat ngerasain mejanya, lalu saya tutup.","Saya lihat info jackpot di JANJISLOT sebelum spin. Bukan angka gila, tapi cukup buat nentuin mau lanjut atau pindah. Slot gacor-nya terasa rapi, tidak berisik.","Andi Saputra","Ilham Ramadhan","Sinta Dewi","Mutiara Kartika","Dimas Kurniawan","JANJISLOT login","JANJISLOT daftar","Alternatif JANJISLOT","JANJISLOT official","JANJISLOT apk"
"aarhus-branding-events-aarhus","UNO4D","UNO4D Coba Ganti Meja bukan Naikin Ego x Aarhus Branding Events Aarhus","UNO4D berdiri sebagai situs slot gacor yang menata permainan dalam satu lobby dengan pilihan meja yang gampang dicari, update jackpot 2026, dan RTP yang tidak disembunyiin untuk main di HP maupun browser.","<a href=""#"">UNO4D</a> berdiri sebagai situs slot gacor yang menata permainan dalam satu lobby dengan pilihan meja yang gampang dicari, update jackpot 2026, dan RTP yang tidak disembunyiin untuk main di HP maupun browser.","Kabar slot gacor UNO4D hari ini","UNO4D merapikan info RTP dan jackpot slot gacor","Kabar pola maxwin 2026 di situs slot gacor UNO4D","UNO4D hadirkan pilihan slot gacor dalam satu lobby","Update jackpot terkini slot gacor UNO4D","Bagaimana kalau meja slot gacor di UNO4D terasa dingin?","Apakah UNO4D situs slot gacor yang bisa dicoba hari ini?","Bagaimana cara mulai main slot gacor di UNO4D?","Apakah RTP slot gacor di UNO4D bisa dilihat?","Bagaimana info jackpot di UNO4D diperbarui?","Pindah permainan di lobby yang sama. UNO4D tidak memaksa bertahan di satu meja kalau ritmenya tidak nyambung.","Ya. UNO4D menata slot gacor dalam satu lobby. Anda bisa cek RTP, pilih permainan, lalu main pelan tanpa pindah situs.","Masuk UNO4D, pilih permainan slot gacor yang ingin dijajal, mulai dengan taruhan kecil. RTP dan info jackpot ada sebelum sesi berjalan.","Bisa. UNO4D menampilkan ringkasan RTP supaya pemain punya acuan pilih meja, bukan janji menang terus.","Informasi jackpot di UNO4D disusun agar kebaca sebelum main. Angkanya jadi pantauan, bukan slogan di judul.","Saya pindah permainan slot gacor di UNO4D setelah yang pertama sepi. Lobby-nya satu pintu, gak logout. RTP meja kedua lebih nyambung, saya stop pas sudah plus tipis.","Saya main slot gacor UNO4D di HP sambil nunggu. Grafiknya ringan, jackpot dan RTP tetap kelihatan. Sesi pendek, saya tidak dipaksa gas besar.","Saya sempat ragu pola maxwin di UNO4D. Setelah dicoba, itu hanya panduan. Yang saya pakai justru pilih meja pelan dan tarik begitu sudah cukup.","Saya daftar UNO4D lalu langsung ke slot gacor, tidak muter halaman. Info jackpot 2026-nya kebaca. Saya kunci sesi sebelum jadi lama.","Saya banding RTP beberapa permainan di UNO4D. Yang lebih tinggi saya jajal dulu. Slot gacor-nya tidak janji menang terus, dan itu yang bikin saya tenang.","Andi Saputra","Budi Hartono","Citra Melati","Nadia Putri","Bayu Firmansyah","UNO4D login","UNO4D daftar","Alternatif UNO4D","link alternatif UNO4D","UNO4D wap"
"aarhus-e-commerce-events-aarhus","RAJAZEUS","RAJAZEUS Yuk Catat Jam yang Basah x Aarhus E-Commerce Events Aarhus","RAJAZEUS hadir sebagai situs slot gacor gampang menang hari ini dengan info RTP yang kebaca sebelum mulai, update jackpot 2026, dan RTP yang tidak disembunyiin.","<a href=""#"">RAJAZEUS</a> hadir sebagai situs slot gacor gampang menang hari ini dengan info RTP yang kebaca sebelum mulai, update jackpot 2026, dan RTP yang tidak disembunyiin.","Update slot gacor RAJAZEUS hari ini","RAJAZEUS merapikan info RTP dan jackpot slot gacor","Kabar pola maxwin 2026 di situs slot gacor RAJAZEUS","RAJAZEUS hadirkan pilihan slot gacor dalam satu lobby","Update jackpot terkini slot gacor RAJAZEUS","Apakah RAJAZEUS situs slot gacor yang bisa dicoba hari ini?","Bagaimana cara mulai main slot gacor di RAJAZEUS?","Apakah RTP slot gacor di RAJAZEUS bisa dilihat?","Bagaimana info jackpot di RAJAZEUS diperbarui?","Apakah pola maxwin di RAJAZEUS wajib diikuti?","Ya. RAJAZEUS menata slot gacor dalam satu lobby. Anda bisa cek RTP, pilih permainan, lalu main pelan tanpa pindah situs.","Masuk RAJAZEUS, pilih permainan slot gacor yang ingin dijajal, mulai dengan taruhan kecil. RTP dan info jackpot ada sebelum sesi berjalan.","Bisa. RAJAZEUS menampilkan ringkasan RTP supaya pemain punya acuan pilih meja, bukan janji menang terus.","Informasi jackpot di RAJAZEUS disusun agar kebaca sebelum main. Angkanya jadi pantauan, bukan slogan di judul.","Tidak wajib. Pola di RAJAZEUS hanya referensi. Keputusan taruhan tetap di pemain, meja tetap bisa diganti kalau terasa sepi.","Saya tarik dari RAJAZEUS setelah sesi slot gacor malam ini. Prosesnya rapi, tidak banyak tanya. Besok saya tidak maksa balik kalau mood tidak pas.","Saya chat RAJAZEUS soal permainan yang RTP-nya tidak muncul. Dijawab singkat, lalu saya pilih slot gacor lain. Alurnya manusiawi, tidak bertele.","Saya bawa RAJAZEUS dari browser ke HP, slot gacor-nya tetap ada. Jackpot yang tadi saya lihat masih kebaca. Tidak perlu akun kedua.","Saya set limit sebelum buka slot gacor RAJAZEUS. Pas nyentuh, saya berhenti meski masih ingin spin. Disiplin itu yang saya bawa dari sesi ini.","Saya buka RAJAZEUS karena cari situs slot gacor yang denahnya jelas. RTP-nya kebaca, saya pilih satu permainan lalu main pelan. Habis ada naik tipis, saya tarik dan tidak nambah sesi.","Agus Wijaya","Dewi Anggraini","Fajar Nugroho","Alika Rahman","Dimas Kurniawan","RAJAZEUS login","RAJAZEUS daftar","Alternatif RAJAZEUS","RAJAZEUS gacor","situs RAJAZEUS"
"aarhus-digital-media-events-aarhus","AJAIB88","AJAIB88 Jangan All-In Pas Kepala Capek x Aarhus Digital Media Events Aarhus","AJAIB88 dikenal sebagai situs slot gacor yang nyaman dijajal hari ini dengan info RTP yang kebaca sebelum mulai, update jackpot 2026, dan RTP yang tidak disembunyiin tanpa banyak slogan.","<a href=""#"">AJAIB88</a> dikenal sebagai situs slot gacor yang nyaman dijajal hari ini dengan info RTP yang kebaca sebelum mulai, update jackpot 2026, dan RTP yang tidak disembunyiin tanpa banyak slogan.","Intip slot gacor AJAIB88 hari ini","AJAIB88 merapikan info RTP dan jackpot slot gacor","Kabar pola maxwin 2026 di situs slot gacor AJAIB88","AJAIB88 hadirkan pilihan slot gacor dalam satu lobby","Update jackpot terkini slot gacor AJAIB88","Bagaimana cara mulai main slot gacor di AJAIB88?","Apakah RTP slot gacor di AJAIB88 bisa dilihat?","Bagaimana info jackpot di AJAIB88 diperbarui?","Apakah pola maxwin di AJAIB88 wajib diikuti?","Bisakah pindah permainan slot gacor tanpa daftar ulang di AJAIB88?","Masuk AJAIB88, pilih permainan slot gacor yang ingin dijajal, mulai dengan taruhan kecil. RTP dan info jackpot ada sebelum sesi berjalan.","Bisa. AJAIB88 menampilkan ringkasan RTP supaya pemain punya acuan pilih meja, bukan janji menang terus.","Informasi jackpot di AJAIB88 disusun agar kebaca sebelum main. Angkanya jadi pantauan, bukan slogan di judul.","Tidak wajib. Pola di AJAIB88 hanya referensi. Keputusan taruhan tetap di pemain, meja tetap bisa diganti kalau terasa sepi.","Bisa. Slot gacor AJAIB88 ada di satu akun. Ganti permainan tidak perlu login baru.","Saya coba slot gacor di AJAIB88 dengan taruhan kecil dulu. Pola yang tampil saya anggap catatan, bukan jaminan. Sesi itu cukup buat ngerasain mejanya, lalu saya tutup.","Saya lihat info jackpot di AJAIB88 sebelum spin. Bukan angka gila, tapi cukup buat nentuin mau lanjut atau pindah. Slot gacor-nya terasa rapi, tidak berisik.","Saya pindah permainan slot gacor di AJAIB88 setelah yang pertama sepi. Lobby-nya satu pintu, gak logout. RTP meja kedua lebih nyambung, saya stop pas sudah plus tipis.","Saya main slot gacor AJAIB88 di HP sambil nunggu. Grafiknya ringan, jackpot dan RTP tetap kelihatan. Sesi pendek, saya tidak dipaksa gas besar.","Saya sempat ragu pola maxwin di AJAIB88. Setelah dicoba, itu hanya panduan. Yang saya pakai justru pilih meja pelan dan tarik begitu sudah cukup.","Ilham Ramadhan","Sinta Dewi","Budi Hartono","Rina Wulandari","Rizky Pratama","AJAIB88 login","AJAIB88 daftar","Alternatif AJAIB88","AJAIB88 slot gacor","AJAIB88 terpercaya"
"aarhus-marketing-events-aarhus","NASA4D","NASA4D Update Akun yang Gak Disuruh Daftar Ulang x Aarhus Marketing Events Aarhus","NASA4D menjadi pilihan situs slot gacor buat sesi harian dengan katalog permainan yang tidak tercecer, informasi jackpot yang mudah dibaca, dan RTP yang membantu pilih meja untuk pemain yang mau coba dulu.","<a href=""#"">NASA4D</a> menjadi pilihan situs slot gacor buat sesi harian dengan katalog permainan yang tidak tercecer, informasi jackpot yang mudah dibaca, dan RTP yang membantu pilih meja untuk pemain yang mau coba dulu.","Yuk cek slot gacor NASA4D hari ini","NASA4D merapikan info RTP dan jackpot slot gacor","Kabar pola maxwin 2026 di situs slot gacor NASA4D","NASA4D hadirkan pilihan slot gacor dalam satu lobby","Update jackpot terkini slot gacor NASA4D","Apakah RTP slot gacor di NASA4D bisa dilihat?","Bagaimana info jackpot di NASA4D diperbarui?","Apakah pola maxwin di NASA4D wajib diikuti?","Bisakah pindah permainan slot gacor tanpa daftar ulang di NASA4D?","Apakah slot gacor NASA4D nyaman di HP?","Bisa. NASA4D menampilkan ringkasan RTP supaya pemain punya acuan pilih meja, bukan janji menang terus.","Informasi jackpot di NASA4D disusun agar kebaca sebelum main. Angkanya jadi pantauan, bukan slogan di judul.","Tidak wajib. Pola di NASA4D hanya referensi. Keputusan taruhan tetap di pemain, meja tetap bisa diganti kalau terasa sepi.","Bisa. Slot gacor NASA4D ada di satu akun. Ganti permainan tidak perlu login baru.","Nyaman. Lobby slot gacor NASA4D ringkas di HP, RTP dan jackpot tetap kebaca, sesi bisa dipotong kapan saja.","Saya daftar NASA4D lalu langsung ke slot gacor, tidak muter halaman. Info jackpot 2026-nya kebaca. Saya kunci sesi sebelum jadi lama.","Saya banding RTP beberapa permainan di NASA4D. Yang lebih tinggi saya jajal dulu. Slot gacor-nya tidak janji menang terus, dan itu yang bikin saya tenang.","Saya tarik dari NASA4D setelah sesi slot gacor malam ini. Prosesnya rapi, tidak banyak tanya. Besok saya tidak maksa balik kalau mood tidak pas.","Saya chat NASA4D soal permainan yang RTP-nya tidak muncul. Dijawab singkat, lalu saya pilih slot gacor lain. Alurnya manusiawi, tidak bertele.","Saya bawa NASA4D dari browser ke HP, slot gacor-nya tetap ada. Jackpot yang tadi saya lihat masih kebaca. Tidak perlu akun kedua.","Budi Hartono","Lina Kartika","Mutiara Kartika","Arif Rahman","Andi Saputra","NASA4D login","NASA4D daftar","Alternatif NASA4D","NASA4D link login","NASA4D slot online"
"register-and-secure-your-seat-aarhus","GACOR123","GACOR123 Hadir di Event Jackpot Mini x Register and Secure Your Seat Aarhus","GACOR123 menyediakan akses situs slot gacor dengan alur yang ringkas dengan katalog permainan yang tidak tercecer, informasi jackpot yang mudah dibaca, dan RTP yang membantu pilih meja dengan sesi yang bisa ditutup kapan saja.","<a href=""#"">GACOR123</a> menyediakan akses situs slot gacor dengan alur yang ringkas dengan katalog permainan yang tidak tercecer, informasi jackpot yang mudah dibaca, dan RTP yang membantu pilih meja dengan sesi yang bisa ditutup kapan saja.","Jangan lewatkan slot gacor GACOR123 hari ini","GACOR123 merapikan info RTP dan jackpot slot gacor","Kabar pola maxwin 2026 di situs slot gacor GACOR123","GACOR123 hadirkan pilihan slot gacor dalam satu lobby","Update jackpot terkini slot gacor GACOR123","Bagaimana info jackpot di GACOR123 diperbarui?","Apakah pola maxwin di GACOR123 wajib diikuti?","Bisakah pindah permainan slot gacor tanpa daftar ulang di GACOR123?","Apakah slot gacor GACOR123 nyaman di HP?","Bagaimana kalau meja slot gacor di GACOR123 terasa dingin?","Informasi jackpot di GACOR123 disusun agar kebaca sebelum main. Angkanya jadi pantauan, bukan slogan di judul.","Tidak wajib. Pola di GACOR123 hanya referensi. Keputusan taruhan tetap di pemain, meja tetap bisa diganti kalau terasa sepi.","Bisa. Slot gacor GACOR123 ada di satu akun. Ganti permainan tidak perlu login baru.","Nyaman. Lobby slot gacor GACOR123 ringkas di HP, RTP dan jackpot tetap kebaca, sesi bisa dipotong kapan saja.","Pindah permainan di lobby yang sama. GACOR123 tidak memaksa bertahan di satu meja kalau ritmenya tidak nyambung.","Saya set limit sebelum buka slot gacor GACOR123. Pas nyentuh, saya berhenti meski masih ingin spin. Disiplin itu yang saya bawa dari sesi ini.","Saya buka GACOR123 karena cari situs slot gacor yang denahnya jelas. RTP-nya kebaca, saya pilih satu permainan lalu main pelan. Habis ada naik tipis, saya tarik dan tidak nambah sesi.","Saya coba slot gacor di GACOR123 dengan taruhan kecil dulu. Pola yang tampil saya anggap catatan, bukan jaminan. Sesi itu cukup buat ngerasain mejanya, lalu saya tutup.","Saya lihat info jackpot di GACOR123 sebelum spin. Bukan angka gila, tapi cukup buat nentuin mau lanjut atau pindah. Slot gacor-nya terasa rapi, tidak berisik.","Saya pindah permainan slot gacor di GACOR123 setelah yang pertama sepi. Lobby-nya satu pintu, gak logout. RTP meja kedua lebih nyambung, saya stop pas sudah plus tipis.","Nadia Putri","Eko Santoso","Mutiara Kartika","Rafi Maulana","Budi Hartono","GACOR123 login","GACOR123 daftar","Alternatif GACOR123","GACOR123 slot","GACOR123 rtp"
"the-digimarcon-difference-aarhus","JPSLOT388","JPSLOT388 Sesi Diam-Diam di Volume Mati x The DigiMarCon Difference Aarhus","JPSLOT388 tampil sebagai situs slot gacor resmi yang gampang diikuti dengan jalur login yang tidak muter-muter, informasi jackpot yang mudah dibaca, dan RTP yang membantu pilih meja supaya denah permainannya kebaca.","<a href=""#"">JPSLOT388</a> tampil sebagai situs slot gacor resmi yang gampang diikuti dengan jalur login yang tidak muter-muter, informasi jackpot yang mudah dibaca, dan RTP yang membantu pilih meja supaya denah permainannya kebaca.","Kabar slot gacor JPSLOT388 hari ini","JPSLOT388 merapikan info RTP dan jackpot slot gacor","Kabar pola maxwin 2026 di situs slot gacor JPSLOT388","JPSLOT388 hadirkan pilihan slot gacor dalam satu lobby","Update jackpot terkini slot gacor JPSLOT388","Apakah pola maxwin di JPSLOT388 wajib diikuti?","Bisakah pindah permainan slot gacor tanpa daftar ulang di JPSLOT388?","Apakah slot gacor JPSLOT388 nyaman di HP?","Bagaimana kalau meja slot gacor di JPSLOT388 terasa dingin?","Apakah JPSLOT388 situs slot gacor yang bisa dicoba hari ini?","Tidak wajib. Pola di JPSLOT388 hanya referensi. Keputusan taruhan tetap di pemain, meja tetap bisa diganti kalau terasa sepi.","Bisa. Slot gacor JPSLOT388 ada di satu akun. Ganti permainan tidak perlu login baru.","Nyaman. Lobby slot gacor JPSLOT388 ringkas di HP, RTP dan jackpot tetap kebaca, sesi bisa dipotong kapan saja.","Pindah permainan di lobby yang sama. JPSLOT388 tidak memaksa bertahan di satu meja kalau ritmenya tidak nyambung.","Ya. JPSLOT388 menata slot gacor dalam satu lobby. Anda bisa cek RTP, pilih permainan, lalu main pelan tanpa pindah situs.","Saya main slot gacor JPSLOT388 di HP sambil nunggu. Grafiknya ringan, jackpot dan RTP tetap kelihatan. Sesi pendek, saya tidak dipaksa gas besar.","Saya sempat ragu pola maxwin di JPSLOT388. Setelah dicoba, itu hanya panduan. Yang saya pakai justru pilih meja pelan dan tarik begitu sudah cukup.","Saya daftar JPSLOT388 lalu langsung ke slot gacor, tidak muter halaman. Info jackpot 2026-nya kebaca. Saya kunci sesi sebelum jadi lama.","Saya banding RTP beberapa permainan di JPSLOT388. Yang lebih tinggi saya jajal dulu. Slot gacor-nya tidak janji menang terus, dan itu yang bikin saya tenang.","Saya tarik dari JPSLOT388 setelah sesi slot gacor malam ini. Prosesnya rapi, tidak banyak tanya. Besok saya tidak maksa balik kalau mood tidak pas.","Dinda Lestari","Rizky Pratama","Bayu Firmansyah","Alika Rahman","Dimas Kurniawan","JPSLOT388 login","JPSLOT388 daftar","Alternatif JPSLOT388","JPSLOT388 link","JPSLOT388 masuk"
"stay-tuned-aarhus","KONSOR303","KONSOR303 Kabar Grafik Ringan di HP x Stay Tuned Aarhus","KONSOR303 menghadirkan situs slot gacor dengan pintu masuk yang pendek dengan jalur login yang tidak muter-muter, pantauan RTP, dan kabar jackpot yang tidak berlebihan biar gak nyasar pindah situs.","<a href=""#"">KONSOR303</a> menghadirkan situs slot gacor dengan pintu masuk yang pendek dengan jalur login yang tidak muter-muter, pantauan RTP, dan kabar jackpot yang tidak berlebihan biar gak nyasar pindah situs.","Update slot gacor KONSOR303 hari ini","KONSOR303 merapikan info RTP dan jackpot slot gacor","Kabar pola maxwin 2026 di situs slot gacor KONSOR303","KONSOR303 hadirkan pilihan slot gacor dalam satu lobby","Update jackpot terkini slot gacor KONSOR303","Bisakah pindah permainan slot gacor tanpa daftar ulang di KONSOR303?","Apakah slot gacor KONSOR303 nyaman di HP?","Bagaimana kalau meja slot gacor di KONSOR303 terasa dingin?","Apakah KONSOR303 situs slot gacor yang bisa dicoba hari ini?","Bagaimana cara mulai main slot gacor di KONSOR303?","Bisa. Slot gacor KONSOR303 ada di satu akun. Ganti permainan tidak perlu login baru.","Nyaman. Lobby slot gacor KONSOR303 ringkas di HP, RTP dan jackpot tetap kebaca, sesi bisa dipotong kapan saja.","Pindah permainan di lobby yang sama. KONSOR303 tidak memaksa bertahan di satu meja kalau ritmenya tidak nyambung.","Ya. KONSOR303 menata slot gacor dalam satu lobby. Anda bisa cek RTP, pilih permainan, lalu main pelan tanpa pindah situs.","Masuk KONSOR303, pilih permainan slot gacor yang ingin dijajal, mulai dengan taruhan kecil. RTP dan info jackpot ada sebelum sesi berjalan.","Saya chat KONSOR303 soal permainan yang RTP-nya tidak muncul. Dijawab singkat, lalu saya pilih slot gacor lain. Alurnya manusiawi, tidak bertele.","Saya bawa KONSOR303 dari browser ke HP, slot gacor-nya tetap ada. Jackpot yang tadi saya lihat masih kebaca. Tidak perlu akun kedua.","Saya set limit sebelum buka slot gacor KONSOR303. Pas nyentuh, saya berhenti meski masih ingin spin. Disiplin itu yang saya bawa dari sesi ini.","Saya buka KONSOR303 karena cari situs slot gacor yang denahnya jelas. RTP-nya kebaca, saya pilih satu permainan lalu main pelan. Habis ada naik tipis, saya tarik dan tidak nambah sesi.","Saya coba slot gacor di KONSOR303 dengan taruhan kecil dulu. Pola yang tampil saya anggap catatan, bukan jaminan. Sesi itu cukup buat ngerasain mejanya, lalu saya tutup.","Citra Melati","Andi Saputra","Rina Wulandari","Aldi Salim","Hendra Gunawan","KONSOR303 login","KONSOR303 daftar","Alternatif KONSOR303","KONSOR303 official","KONSOR303 apk"
"online-live-aarhus","GENDUT188","GENDUT188 Coba Auto 10 Lalu Liat Dulu x Online Live Aarhus","GENDUT188 siap dipakai sebagai situs slot gacor untuk main pelan hari ini dengan koleksi slot gacor dari beberapa provider, pantauan RTP, dan kabar jackpot yang tidak berlebihan dengan bantuan yang tetap bisa dihubungi.","<a href=""#"">GENDUT188</a> siap dipakai sebagai situs slot gacor untuk main pelan hari ini dengan koleksi slot gacor dari beberapa provider, pantauan RTP, dan kabar jackpot yang tidak berlebihan dengan bantuan yang tetap bisa dihubungi.","Intip slot gacor GENDUT188 hari ini","GENDUT188 merapikan info RTP dan jackpot slot gacor","Kabar pola maxwin 2026 di situs slot gacor GENDUT188","GENDUT188 hadirkan pilihan slot gacor dalam satu lobby","Update jackpot terkini slot gacor GENDUT188","Apakah slot gacor GENDUT188 nyaman di HP?","Bagaimana kalau meja slot gacor di GENDUT188 terasa dingin?","Apakah GENDUT188 situs slot gacor yang bisa dicoba hari ini?","Bagaimana cara mulai main slot gacor di GENDUT188?","Apakah RTP slot gacor di GENDUT188 bisa dilihat?","Nyaman. Lobby slot gacor GENDUT188 ringkas di HP, RTP dan jackpot tetap kebaca, sesi bisa dipotong kapan saja.","Pindah permainan di lobby yang sama. GENDUT188 tidak memaksa bertahan di satu meja kalau ritmenya tidak nyambung.","Ya. GENDUT188 menata slot gacor dalam satu lobby. Anda bisa cek RTP, pilih permainan, lalu main pelan tanpa pindah situs.","Masuk GENDUT188, pilih permainan slot gacor yang ingin dijajal, mulai dengan taruhan kecil. RTP dan info jackpot ada sebelum sesi berjalan.","Bisa. GENDUT188 menampilkan ringkasan RTP supaya pemain punya acuan pilih meja, bukan janji menang terus.","Saya lihat info jackpot di GENDUT188 sebelum spin. Bukan angka gila, tapi cukup buat nentuin mau lanjut atau pindah. Slot gacor-nya terasa rapi, tidak berisik.","Saya pindah permainan slot gacor di GENDUT188 setelah yang pertama sepi. Lobby-nya satu pintu, gak logout. RTP meja kedua lebih nyambung, saya stop pas sudah plus tipis.","Saya main slot gacor GENDUT188 di HP sambil nunggu. Grafiknya ringan, jackpot dan RTP tetap kelihatan. Sesi pendek, saya tidak dipaksa gas besar.","Saya sempat ragu pola maxwin di GENDUT188. Setelah dicoba, itu hanya panduan. Yang saya pakai justru pilih meja pelan dan tarik begitu sudah cukup.","Saya daftar GENDUT188 lalu langsung ke slot gacor, tidak muter halaman. Info jackpot 2026-nya kebaca. Saya kunci sesi sebelum jadi lama.","Bayu Firmansyah","Maya Sari","Agus Wijaya","Dewi Anggraini","Rizky Pratama","GENDUT188 login","GENDUT188 daftar","Alternatif GENDUT188","link alternatif GENDUT188","GENDUT188 wap"
"conference-exhibition-aarhus","SURGA11","SURGA11 Lobby yang Tombol Tariknya Gak Disembunyiin x Conference & Exhibition Aarhus","SURGA11 berdiri sebagai situs slot gacor yang menata permainan dalam satu lobby dengan koleksi slot gacor dari beberapa provider, pantauan RTP, dan kabar jackpot yang tidak berlebihan untuk main di HP maupun browser.","<a href=""#"">SURGA11</a> berdiri sebagai situs slot gacor yang menata permainan dalam satu lobby dengan koleksi slot gacor dari beberapa provider, pantauan RTP, dan kabar jackpot yang tidak berlebihan untuk main di HP maupun browser.","Yuk cek slot gacor SURGA11 hari ini","SURGA11 merapikan info RTP dan jackpot slot gacor","Kabar pola maxwin 2026 di situs slot gacor SURGA11","SURGA11 hadirkan pilihan slot gacor dalam satu lobby","Update jackpot terkini slot gacor SURGA11","Bagaimana kalau meja slot gacor di SURGA11 terasa dingin?","Apakah SURGA11 situs slot gacor yang bisa dicoba hari ini?","Bagaimana cara mulai main slot gacor di SURGA11?","Apakah RTP slot gacor di SURGA11 bisa dilihat?","Bagaimana info jackpot di SURGA11 diperbarui?","Pindah permainan di lobby yang sama. SURGA11 tidak memaksa bertahan di satu meja kalau ritmenya tidak nyambung.","Ya. SURGA11 menata slot gacor dalam satu lobby. Anda bisa cek RTP, pilih permainan, lalu main pelan tanpa pindah situs.","Masuk SURGA11, pilih permainan slot gacor yang ingin dijajal, mulai dengan taruhan kecil. RTP dan info jackpot ada sebelum sesi berjalan.","Bisa. SURGA11 menampilkan ringkasan RTP supaya pemain punya acuan pilih meja, bukan janji menang terus.","Informasi jackpot di SURGA11 disusun agar kebaca sebelum main. Angkanya jadi pantauan, bukan slogan di judul.","Saya banding RTP beberapa permainan di SURGA11. Yang lebih tinggi saya jajal dulu. Slot gacor-nya tidak janji menang terus, dan itu yang bikin saya tenang.","Saya tarik dari SURGA11 setelah sesi slot gacor malam ini. Prosesnya rapi, tidak banyak tanya. Besok saya tidak maksa balik kalau mood tidak pas.","Saya chat SURGA11 soal permainan yang RTP-nya tidak muncul. Dijawab singkat, lalu saya pilih slot gacor lain. Alurnya manusiawi, tidak bertele.","Saya bawa SURGA11 dari browser ke HP, slot gacor-nya tetap ada. Jackpot yang tadi saya lihat masih kebaca. Tidak perlu akun kedua.","Saya set limit sebelum buka slot gacor SURGA11. Pas nyentuh, saya berhenti meski masih ingin spin. Disiplin itu yang saya bawa dari sesi ini.","Fajar Nugroho","Andi Saputra","Maya Sari","Lina Kartika","Arif Rahman","SURGA11 login","SURGA11 daftar","Alternatif SURGA11","SURGA11 gacor","situs SURGA11"
"attendee-info-aarhus","BANDARTARUHAN168","BANDARTARUHAN168 Update Riwayat Taruhan yang Ke-Log x Attendee Info Aarhus","BANDARTARUHAN168 hadir sebagai situs slot gacor gampang menang hari ini dengan link pola maxwin terbaru 2026, RTP tinggi, dan informasi jackpot terkini.","<a href=""#"">BANDARTARUHAN168</a> hadir sebagai situs slot gacor gampang menang hari ini dengan link pola maxwin terbaru 2026, RTP tinggi, dan informasi jackpot terkini.","Jangan lewatkan slot gacor BANDARTARUHAN168 hari ini","BANDARTARUHAN168 merapikan info RTP dan jackpot slot gacor","Kabar pola maxwin 2026 di situs slot gacor BANDARTARUHAN168","BANDARTARUHAN168 hadirkan pilihan slot gacor dalam satu lobby","Update jackpot terkini slot gacor BANDARTARUHAN168","Apakah BANDARTARUHAN168 situs slot gacor yang bisa dicoba hari ini?","Bagaimana cara mulai main slot gacor di BANDARTARUHAN168?","Apakah RTP slot gacor di BANDARTARUHAN168 bisa dilihat?","Bagaimana info jackpot di BANDARTARUHAN168 diperbarui?","Apakah pola maxwin di BANDARTARUHAN168 wajib diikuti?","Ya. BANDARTARUHAN168 menata slot gacor dalam satu lobby. Anda bisa cek RTP, pilih permainan, lalu main pelan tanpa pindah situs.","Masuk BANDARTARUHAN168, pilih permainan slot gacor yang ingin dijajal, mulai dengan taruhan kecil. RTP dan info jackpot ada sebelum sesi berjalan.","Bisa. BANDARTARUHAN168 menampilkan ringkasan RTP supaya pemain punya acuan pilih meja, bukan janji menang terus.","Informasi jackpot di BANDARTARUHAN168 disusun agar kebaca sebelum main. Angkanya jadi pantauan, bukan slogan di judul.","Tidak wajib. Pola di BANDARTARUHAN168 hanya referensi. Keputusan taruhan tetap di pemain, meja tetap bisa diganti kalau terasa sepi.","Saya buka BANDARTARUHAN168 karena cari situs slot gacor yang denahnya jelas. RTP-nya kebaca, saya pilih satu permainan lalu main pelan. Habis ada naik tipis, saya tarik dan tidak nambah sesi.","Saya coba slot gacor di BANDARTARUHAN168 dengan taruhan kecil dulu. Pola yang tampil saya anggap catatan, bukan jaminan. Sesi itu cukup buat ngerasain mejanya, lalu saya tutup.","Saya lihat info jackpot di BANDARTARUHAN168 sebelum spin. Bukan angka gila, tapi cukup buat nentuin mau lanjut atau pindah. Slot gacor-nya terasa rapi, tidak berisik.","Saya pindah permainan slot gacor di BANDARTARUHAN168 setelah yang pertama sepi. Lobby-nya satu pintu, gak logout. RTP meja kedua lebih nyambung, saya stop pas sudah plus tipis.","Saya main slot gacor BANDARTARUHAN168 di HP sambil nunggu. Grafiknya ringan, jackpot dan RTP tetap kelihatan. Sesi pendek, saya tidak dipaksa gas besar.","Dinda Lestari","Ayu Rahma","Fajar Nugroho","Andi Saputra","Rizky Pratama","BANDARTARUHAN168 login","BANDARTARUHAN168 daftar","Alternatif BANDARTARUHAN168","BANDARTARUHAN168 slot gacor","BANDARTARUHAN168 terpercaya"
"agenda-at-a-glance-aarhus","PADANGTOTO","PADANGTOTO Yuk Jeda Lima Menit Kalau Minus x Agenda at a Glance Aarhus","PADANGTOTO dikenal sebagai situs slot gacor yang nyaman dijajal hari ini dengan link pola maxwin terbaru 2026, RTP tinggi, dan informasi jackpot terkini tanpa banyak slogan.","<a href=""#"">PADANGTOTO</a> dikenal sebagai situs slot gacor yang nyaman dijajal hari ini dengan link pola maxwin terbaru 2026, RTP tinggi, dan informasi jackpot terkini tanpa banyak slogan.","Kabar slot gacor PADANGTOTO hari ini","PADANGTOTO merapikan info RTP dan jackpot slot gacor","Kabar pola maxwin 2026 di situs slot gacor PADANGTOTO","PADANGTOTO hadirkan pilihan slot gacor dalam satu lobby","Update jackpot terkini slot gacor PADANGTOTO","Bagaimana cara mulai main slot gacor di PADANGTOTO?","Apakah RTP slot gacor di PADANGTOTO bisa dilihat?","Bagaimana info jackpot di PADANGTOTO diperbarui?","Apakah pola maxwin di PADANGTOTO wajib diikuti?","Bisakah pindah permainan slot gacor tanpa daftar ulang di PADANGTOTO?","Masuk PADANGTOTO, pilih permainan slot gacor yang ingin dijajal, mulai dengan taruhan kecil. RTP dan info jackpot ada sebelum sesi berjalan.","Bisa. PADANGTOTO menampilkan ringkasan RTP supaya pemain punya acuan pilih meja, bukan janji menang terus.","Informasi jackpot di PADANGTOTO disusun agar kebaca sebelum main. Angkanya jadi pantauan, bukan slogan di judul.","Tidak wajib. Pola di PADANGTOTO hanya referensi. Keputusan taruhan tetap di pemain, meja tetap bisa diganti kalau terasa sepi.","Bisa. Slot gacor PADANGTOTO ada di satu akun. Ganti permainan tidak perlu login baru.","Saya sempat ragu pola maxwin di PADANGTOTO. Setelah dicoba, itu hanya panduan. Yang saya pakai justru pilih meja pelan dan tarik begitu sudah cukup.","Saya daftar PADANGTOTO lalu langsung ke slot gacor, tidak muter halaman. Info jackpot 2026-nya kebaca. Saya kunci sesi sebelum jadi lama.","Saya banding RTP beberapa permainan di PADANGTOTO. Yang lebih tinggi saya jajal dulu. Slot gacor-nya tidak janji menang terus, dan itu yang bikin saya tenang.","Saya tarik dari PADANGTOTO setelah sesi slot gacor malam ini. Prosesnya rapi, tidak banyak tanya. Besok saya tidak maksa balik kalau mood tidak pas.","Saya chat PADANGTOTO soal permainan yang RTP-nya tidak muncul. Dijawab singkat, lalu saya pilih slot gacor lain. Alurnya manusiawi, tidak bertele.","Rina Wulandari","Dimas Kurniawan","Nisa Fadilah","Andi Saputra","Agus Wijaya","PADANGTOTO login","PADANGTOTO daftar","Alternatif PADANGTOTO","PADANGTOTO link login","PADANGTOTO slot online"
"contact-us-denmark","MACANBET51","MACANBET51 Jangan Lewatkan Notif Bank yang Masuk x Contact Us Denmark","MACANBET51 menjadi pilihan situs slot gacor buat sesi harian dengan pembaruan pola main yang dibahas tahun 2026, RTP tinggi, dan informasi jackpot terkini untuk pemain yang mau coba dulu.","<a href=""#"">MACANBET51</a> menjadi pilihan situs slot gacor buat sesi harian dengan pembaruan pola main yang dibahas tahun 2026, RTP tinggi, dan informasi jackpot terkini untuk pemain yang mau coba dulu.","Update slot gacor MACANBET51 hari ini","MACANBET51 merapikan info RTP dan jackpot slot gacor","Kabar pola maxwin 2026 di situs slot gacor MACANBET51","MACANBET51 hadirkan pilihan slot gacor dalam satu lobby","Update jackpot terkini slot gacor MACANBET51","Apakah RTP slot gacor di MACANBET51 bisa dilihat?","Bagaimana info jackpot di MACANBET51 diperbarui?","Apakah pola maxwin di MACANBET51 wajib diikuti?","Bisakah pindah permainan slot gacor tanpa daftar ulang di MACANBET51?","Apakah slot gacor MACANBET51 nyaman di HP?","Bisa. MACANBET51 menampilkan ringkasan RTP supaya pemain punya acuan pilih meja, bukan janji menang terus.","Informasi jackpot di MACANBET51 disusun agar kebaca sebelum main. Angkanya jadi pantauan, bukan slogan di judul.","Tidak wajib. Pola di MACANBET51 hanya referensi. Keputusan taruhan tetap di pemain, meja tetap bisa diganti kalau terasa sepi.","Bisa. Slot gacor MACANBET51 ada di satu akun. Ganti permainan tidak perlu login baru.","Nyaman. Lobby slot gacor MACANBET51 ringkas di HP, RTP dan jackpot tetap kebaca, sesi bisa dipotong kapan saja.","Saya bawa MACANBET51 dari browser ke HP, slot gacor-nya tetap ada. Jackpot yang tadi saya lihat masih kebaca. Tidak perlu akun kedua.","Saya set limit sebelum buka slot gacor MACANBET51. Pas nyentuh, saya berhenti meski masih ingin spin. Disiplin itu yang saya bawa dari sesi ini.","Saya buka MACANBET51 karena cari situs slot gacor yang denahnya jelas. RTP-nya kebaca, saya pilih satu permainan lalu main pelan. Habis ada naik tipis, saya tarik dan tidak nambah sesi.","Saya coba slot gacor di MACANBET51 dengan taruhan kecil dulu. Pola yang tampil saya anggap catatan, bukan jaminan. Sesi itu cukup buat ngerasain mejanya, lalu saya tutup.","Saya lihat info jackpot di MACANBET51 sebelum spin. Bukan angka gila, tapi cukup buat nentuin mau lanjut atau pindah. Slot gacor-nya terasa rapi, tidak berisik.","Rafi Maulana","Eko Santoso","Citra Melati","Ilham Ramadhan","Rina Wulandari","MACANBET51 login","MACANBET51 daftar","Alternatif MACANBET51","MACANBET51 slot","MACANBET51 rtp"
"speakers-denmark","QQMAS","QQMAS Hadir di Sesi Weekend yang Lebih Rame x Speakers Denmark","QQMAS menyediakan akses situs slot gacor dengan alur yang ringkas dengan pembaruan pola main yang dibahas tahun 2026, ringkasan jackpot harian, dan catatan RTP yang jelas dengan sesi yang bisa ditutup kapan saja.","<a href=""#"">QQMAS</a> menyediakan akses situs slot gacor dengan alur yang ringkas dengan pembaruan pola main yang dibahas tahun 2026, ringkasan jackpot harian, dan catatan RTP yang jelas dengan sesi yang bisa ditutup kapan saja.","Intip slot gacor QQMAS hari ini","QQMAS merapikan info RTP dan jackpot slot gacor","Kabar pola maxwin 2026 di situs slot gacor QQMAS","QQMAS hadirkan pilihan slot gacor dalam satu lobby","Update jackpot terkini slot gacor QQMAS","Bagaimana info jackpot di QQMAS diperbarui?","Apakah pola maxwin di QQMAS wajib diikuti?","Bisakah pindah permainan slot gacor tanpa daftar ulang di QQMAS?","Apakah slot gacor QQMAS nyaman di HP?","Bagaimana kalau meja slot gacor di QQMAS terasa dingin?","Informasi jackpot di QQMAS disusun agar kebaca sebelum main. Angkanya jadi pantauan, bukan slogan di judul.","Tidak wajib. Pola di QQMAS hanya referensi. Keputusan taruhan tetap di pemain, meja tetap bisa diganti kalau terasa sepi.","Bisa. Slot gacor QQMAS ada di satu akun. Ganti permainan tidak perlu login baru.","Nyaman. Lobby slot gacor QQMAS ringkas di HP, RTP dan jackpot tetap kebaca, sesi bisa dipotong kapan saja.","Pindah permainan di lobby yang sama. QQMAS tidak memaksa bertahan di satu meja kalau ritmenya tidak nyambung.","Saya pindah permainan slot gacor di QQMAS setelah yang pertama sepi. Lobby-nya satu pintu, gak logout. RTP meja kedua lebih nyambung, saya stop pas sudah plus tipis.","Saya main slot gacor QQMAS di HP sambil nunggu. Grafiknya ringan, jackpot dan RTP tetap kelihatan. Sesi pendek, saya tidak dipaksa gas besar.","Saya sempat ragu pola maxwin di QQMAS. Setelah dicoba, itu hanya panduan. Yang saya pakai justru pilih meja pelan dan tarik begitu sudah cukup.","Saya daftar QQMAS lalu langsung ke slot gacor, tidak muter halaman. Info jackpot 2026-nya kebaca. Saya kunci sesi sebelum jadi lama.","Saya banding RTP beberapa permainan di QQMAS. Yang lebih tinggi saya jajal dulu. Slot gacor-nya tidak janji menang terus, dan itu yang bikin saya tenang.","Ilham Ramadhan","Citra Melati","Dinda Lestari","Fajar Nugroho","Rafi Maulana","QQMAS login","QQMAS daftar","Alternatif QQMAS","QQMAS link","QQMAS masuk"
"sessions-denmark","MANCINGDUIT","MANCINGDUIT Sesi Istirahat Kantor 10 Menit x Sessions Denmark","MANCINGDUIT tampil sebagai situs slot gacor resmi yang gampang diikuti dengan akses permainan slot gacor yang dirapikan, ringkasan jackpot harian, dan catatan RTP yang jelas supaya denah permainannya kebaca.","<a href=""#"">MANCINGDUIT</a> tampil sebagai situs slot gacor resmi yang gampang diikuti dengan akses permainan slot gacor yang dirapikan, ringkasan jackpot harian, dan catatan RTP yang jelas supaya denah permainannya kebaca.","Yuk cek slot gacor MANCINGDUIT hari ini","MANCINGDUIT merapikan info RTP dan jackpot slot gacor","Kabar pola maxwin 2026 di situs slot gacor MANCINGDUIT","MANCINGDUIT hadirkan pilihan slot gacor dalam satu lobby","Update jackpot terkini slot gacor MANCINGDUIT","Apakah pola maxwin di MANCINGDUIT wajib diikuti?","Bisakah pindah permainan slot gacor tanpa daftar ulang di MANCINGDUIT?","Apakah slot gacor MANCINGDUIT nyaman di HP?","Bagaimana kalau meja slot gacor di MANCINGDUIT terasa dingin?","Apakah MANCINGDUIT situs slot gacor yang bisa dicoba hari ini?","Tidak wajib. Pola di MANCINGDUIT hanya referensi. Keputusan taruhan tetap di pemain, meja tetap bisa diganti kalau terasa sepi.","Bisa. Slot gacor MANCINGDUIT ada di satu akun. Ganti permainan tidak perlu login baru.","Nyaman. Lobby slot gacor MANCINGDUIT ringkas di HP, RTP dan jackpot tetap kebaca, sesi bisa dipotong kapan saja.","Pindah permainan di lobby yang sama. MANCINGDUIT tidak memaksa bertahan di satu meja kalau ritmenya tidak nyambung.","Ya. MANCINGDUIT menata slot gacor dalam satu lobby. Anda bisa cek RTP, pilih permainan, lalu main pelan tanpa pindah situs.","Saya tarik dari MANCINGDUIT setelah sesi slot gacor malam ini. Prosesnya rapi, tidak banyak tanya. Besok saya tidak maksa balik kalau mood tidak pas.","Saya chat MANCINGDUIT soal permainan yang RTP-nya tidak muncul. Dijawab singkat, lalu saya pilih slot gacor lain. Alurnya manusiawi, tidak bertele.","Saya bawa MANCINGDUIT dari browser ke HP, slot gacor-nya tetap ada. Jackpot yang tadi saya lihat masih kebaca. Tidak perlu akun kedua.","Saya set limit sebelum buka slot gacor MANCINGDUIT. Pas nyentuh, saya berhenti meski masih ingin spin. Disiplin itu yang saya bawa dari sesi ini.","Saya buka MANCINGDUIT karena cari situs slot gacor yang denahnya jelas. RTP-nya kebaca, saya pilih satu permainan lalu main pelan. Habis ada naik tipis, saya tarik dan tidak nambah sesi.","Rafi Maulana","Alika Rahman","Maya Sari","Ilham Ramadhan","Yoga Prasetyo","MANCINGDUIT login","MANCINGDUIT daftar","Alternatif MANCINGDUIT","MANCINGDUIT official","MANCINGDUIT apk"
"buy-passes-denmark","PRADA188","PRADA188 Kabar E-Wallet yang Lebih Kenceng x Buy Passes Denmark","PRADA188 menghadirkan situs slot gacor dengan pintu masuk yang pendek dengan akses permainan slot gacor yang dirapikan, ringkasan jackpot harian, dan catatan RTP yang jelas biar gak nyasar pindah situs.","<a href=""#"">PRADA188</a> menghadirkan situs slot gacor dengan pintu masuk yang pendek dengan akses permainan slot gacor yang dirapikan, ringkasan jackpot harian, dan catatan RTP yang jelas biar gak nyasar pindah situs.","Jangan lewatkan slot gacor PRADA188 hari ini","PRADA188 merapikan info RTP dan jackpot slot gacor","Kabar pola maxwin 2026 di situs slot gacor PRADA188","PRADA188 hadirkan pilihan slot gacor dalam satu lobby","Update jackpot terkini slot gacor PRADA188","Bisakah pindah permainan slot gacor tanpa daftar ulang di PRADA188?","Apakah slot gacor PRADA188 nyaman di HP?","Bagaimana kalau meja slot gacor di PRADA188 terasa dingin?","Apakah PRADA188 situs slot gacor yang bisa dicoba hari ini?","Bagaimana cara mulai main slot gacor di PRADA188?","Bisa. Slot gacor PRADA188 ada di satu akun. Ganti permainan tidak perlu login baru.","Nyaman. Lobby slot gacor PRADA188 ringkas di HP, RTP dan jackpot tetap kebaca, sesi bisa dipotong kapan saja.","Pindah permainan di lobby yang sama. PRADA188 tidak memaksa bertahan di satu meja kalau ritmenya tidak nyambung.","Ya. PRADA188 menata slot gacor dalam satu lobby. Anda bisa cek RTP, pilih permainan, lalu main pelan tanpa pindah situs.","Masuk PRADA188, pilih permainan slot gacor yang ingin dijajal, mulai dengan taruhan kecil. RTP dan info jackpot ada sebelum sesi berjalan.","Saya coba slot gacor di PRADA188 dengan taruhan kecil dulu. Pola yang tampil saya anggap catatan, bukan jaminan. Sesi itu cukup buat ngerasain mejanya, lalu saya tutup.","Saya lihat info jackpot di PRADA188 sebelum spin. Bukan angka gila, tapi cukup buat nentuin mau lanjut atau pindah. Slot gacor-nya terasa rapi, tidak berisik.","Saya pindah permainan slot gacor di PRADA188 setelah yang pertama sepi. Lobby-nya satu pintu, gak logout. RTP meja kedua lebih nyambung, saya stop pas sudah plus tipis.","Saya main slot gacor PRADA188 di HP sambil nunggu. Grafiknya ringan, jackpot dan RTP tetap kelihatan. Sesi pendek, saya tidak dipaksa gas besar.","Saya sempat ragu pola maxwin di PRADA188. Setelah dicoba, itu hanya panduan. Yang saya pakai justru pilih meja pelan dan tarik begitu sudah cukup.","Bayu Firmansyah","Ilham Ramadhan","Arif Rahman","Ayu Rahma","Putri Ayu","PRADA188 login","PRADA188 daftar","Alternatif PRADA188","link alternatif PRADA188","PRADA188 wap"
"workshops-denmark","BOLAGACOR","BOLAGACOR Coba Provider Habanero yang Lagi Tenang x Workshops Denmark","BOLAGACOR siap dipakai sebagai situs slot gacor untuk main pelan hari ini dengan pilihan meja yang gampang dicari, kabar jackpot terkini, dan RTP yang bisa dicek dengan bantuan yang tetap bisa dihubungi.","<a href=""#"">BOLAGACOR</a> siap dipakai sebagai situs slot gacor untuk main pelan hari ini dengan pilihan meja yang gampang dicari, kabar jackpot terkini, dan RTP yang bisa dicek dengan bantuan yang tetap bisa dihubungi.","Kabar slot gacor BOLAGACOR hari ini","BOLAGACOR merapikan info RTP dan jackpot slot gacor","Kabar pola maxwin 2026 di situs slot gacor BOLAGACOR","BOLAGACOR hadirkan pilihan slot gacor dalam satu lobby","Update jackpot terkini slot gacor BOLAGACOR","Apakah slot gacor BOLAGACOR nyaman di HP?","Bagaimana kalau meja slot gacor di BOLAGACOR terasa dingin?","Apakah BOLAGACOR situs slot gacor yang bisa dicoba hari ini?","Bagaimana cara mulai main slot gacor di BOLAGACOR?","Apakah RTP slot gacor di BOLAGACOR bisa dilihat?","Nyaman. Lobby slot gacor BOLAGACOR ringkas di HP, RTP dan jackpot tetap kebaca, sesi bisa dipotong kapan saja.","Pindah permainan di lobby yang sama. BOLAGACOR tidak memaksa bertahan di satu meja kalau ritmenya tidak nyambung.","Ya. BOLAGACOR menata slot gacor dalam satu lobby. Anda bisa cek RTP, pilih permainan, lalu main pelan tanpa pindah situs.","Masuk BOLAGACOR, pilih permainan slot gacor yang ingin dijajal, mulai dengan taruhan kecil. RTP dan info jackpot ada sebelum sesi berjalan.","Bisa. BOLAGACOR menampilkan ringkasan RTP supaya pemain punya acuan pilih meja, bukan janji menang terus.","Saya daftar BOLAGACOR lalu langsung ke slot gacor, tidak muter halaman. Info jackpot 2026-nya kebaca. Saya kunci sesi sebelum jadi lama.","Saya banding RTP beberapa permainan di BOLAGACOR. Yang lebih tinggi saya jajal dulu. Slot gacor-nya tidak janji menang terus, dan itu yang bikin saya tenang.","Saya tarik dari BOLAGACOR setelah sesi slot gacor malam ini. Prosesnya rapi, tidak banyak tanya. Besok saya tidak maksa balik kalau mood tidak pas.","Saya chat BOLAGACOR soal permainan yang RTP-nya tidak muncul. Dijawab singkat, lalu saya pilih slot gacor lain. Alurnya manusiawi, tidak bertele.","Saya bawa BOLAGACOR dari browser ke HP, slot gacor-nya tetap ada. Jackpot yang tadi saya lihat masih kebaca. Tidak perlu akun kedua.","Fajar Nugroho","Mutiara Kartika","Maya Sari","Yoga Prasetyo","Rafi Maulana","BOLAGACOR login","BOLAGACOR daftar","Alternatif BOLAGACOR","BOLAGACOR gacor","situs BOLAGACOR"
"business-events-denmark","TOKYO77","TOKYO77 Update Link Kalau Domain Lagi Padat x Business Events Denmark","TOKYO77 berdiri sebagai situs slot gacor yang menata permainan dalam satu lobby dengan pilihan meja yang gampang dicari, kabar jackpot terkini, dan RTP yang bisa dicek untuk main di HP maupun browser.","<a href=""#"">TOKYO77</a> berdiri sebagai situs slot gacor yang menata permainan dalam satu lobby dengan pilihan meja yang gampang dicari, kabar jackpot terkini, dan RTP yang bisa dicek untuk main di HP maupun browser.","Update slot gacor TOKYO77 hari ini","TOKYO77 merapikan info RTP dan jackpot slot gacor","Kabar pola maxwin 2026 di situs slot gacor TOKYO77","TOKYO77 hadirkan pilihan slot gacor dalam satu lobby","Update jackpot terkini slot gacor TOKYO77","Bagaimana kalau meja slot gacor di TOKYO77 terasa dingin?","Apakah TOKYO77 situs slot gacor yang bisa dicoba hari ini?","Bagaimana cara mulai main slot gacor di TOKYO77?","Apakah RTP slot gacor di TOKYO77 bisa dilihat?","Bagaimana info jackpot di TOKYO77 diperbarui?","Pindah permainan di lobby yang sama. TOKYO77 tidak memaksa bertahan di satu meja kalau ritmenya tidak nyambung.","Ya. TOKYO77 menata slot gacor dalam satu lobby. Anda bisa cek RTP, pilih permainan, lalu main pelan tanpa pindah situs.","Masuk TOKYO77, pilih permainan slot gacor yang ingin dijajal, mulai dengan taruhan kecil. RTP dan info jackpot ada sebelum sesi berjalan.","Bisa. TOKYO77 menampilkan ringkasan RTP supaya pemain punya acuan pilih meja, bukan janji menang terus.","Informasi jackpot di TOKYO77 disusun agar kebaca sebelum main. Angkanya jadi pantauan, bukan slogan di judul.","Saya set limit sebelum buka slot gacor TOKYO77. Pas nyentuh, saya berhenti meski masih ingin spin. Disiplin itu yang saya bawa dari sesi ini.","Saya buka TOKYO77 karena cari situs slot gacor yang denahnya jelas. RTP-nya kebaca, saya pilih satu permainan lalu main pelan. Habis ada naik tipis, saya tarik dan tidak nambah sesi.","Saya coba slot gacor di TOKYO77 dengan taruhan kecil dulu. Pola yang tampil saya anggap catatan, bukan jaminan. Sesi itu cukup buat ngerasain mejanya, lalu saya tutup.","Saya lihat info jackpot di TOKYO77 sebelum spin. Bukan angka gila, tapi cukup buat nentuin mau lanjut atau pindah. Slot gacor-nya terasa rapi, tidak berisik.","Saya pindah permainan slot gacor di TOKYO77 setelah yang pertama sepi. Lobby-nya satu pintu, gak logout. RTP meja kedua lebih nyambung, saya stop pas sudah plus tipis.","Hendra Gunawan","Andi Saputra","Yoga Prasetyo","Maya Sari","Aulia Zahra","TOKYO77 login","TOKYO77 daftar","Alternatif TOKYO77","TOKYO77 slot gacor","TOKYO77 terpercaya"
"video-marketing-events-denmark","RAKATOTO","RAKATOTO Yuk Main dari Browser tanpa Paksa APK x Video Marketing Events Denmark","RAKATOTO hadir sebagai situs slot gacor gampang menang hari ini dengan info RTP yang kebaca sebelum mulai, kabar jackpot terkini, dan RTP yang bisa dicek.","<a href=""#"">RAKATOTO</a> hadir sebagai situs slot gacor gampang menang hari ini dengan info RTP yang kebaca sebelum mulai, kabar jackpot terkini, dan RTP yang bisa dicek.","Intip slot gacor RAKATOTO hari ini","RAKATOTO merapikan info RTP dan jackpot slot gacor","Kabar pola maxwin 2026 di situs slot gacor RAKATOTO","RAKATOTO hadirkan pilihan slot gacor dalam satu lobby","Update jackpot terkini slot gacor RAKATOTO","Apakah RAKATOTO situs slot gacor yang bisa dicoba hari ini?","Bagaimana cara mulai main slot gacor di RAKATOTO?","Apakah RTP slot gacor di RAKATOTO bisa dilihat?","Bagaimana info jackpot di RAKATOTO diperbarui?","Apakah pola maxwin di RAKATOTO wajib diikuti?","Ya. RAKATOTO menata slot gacor dalam satu lobby. Anda bisa cek RTP, pilih permainan, lalu main pelan tanpa pindah situs.","Masuk RAKATOTO, pilih permainan slot gacor yang ingin dijajal, mulai dengan taruhan kecil. RTP dan info jackpot ada sebelum sesi berjalan.","Bisa. RAKATOTO menampilkan ringkasan RTP supaya pemain punya acuan pilih meja, bukan janji menang terus.","Informasi jackpot di RAKATOTO disusun agar kebaca sebelum main. Angkanya jadi pantauan, bukan slogan di judul.","Tidak wajib. Pola di RAKATOTO hanya referensi. Keputusan taruhan tetap di pemain, meja tetap bisa diganti kalau terasa sepi.","Saya main slot gacor RAKATOTO di HP sambil nunggu. Grafiknya ringan, jackpot dan RTP tetap kelihatan. Sesi pendek, saya tidak dipaksa gas besar.","Saya sempat ragu pola maxwin di RAKATOTO. Setelah dicoba, itu hanya panduan. Yang saya pakai justru pilih meja pelan dan tarik begitu sudah cukup.","Saya daftar RAKATOTO lalu langsung ke slot gacor, tidak muter halaman. Info jackpot 2026-nya kebaca. Saya kunci sesi sebelum jadi lama.","Saya banding RTP beberapa permainan di RAKATOTO. Yang lebih tinggi saya jajal dulu. Slot gacor-nya tidak janji menang terus, dan itu yang bikin saya tenang.","Saya tarik dari RAKATOTO setelah sesi slot gacor malam ini. Prosesnya rapi, tidak banyak tanya. Besok saya tidak maksa balik kalau mood tidak pas.","Dewi Anggraini","Eko Santoso","Rafi Maulana","Maya Sari","Bayu Firmansyah","RAKATOTO login","RAKATOTO daftar","Alternatif RAKATOTO","RAKATOTO link login","RAKATOTO slot online"
"exhibition-denmark","INDIA303","INDIA303 Jangan Skip Verifikasi yang Sekali Doang x Exhibition Denmark","INDIA303 dikenal sebagai situs slot gacor yang nyaman dijajal hari ini dengan info RTP yang kebaca sebelum mulai, info jackpot yang diperbarui, dan RTP yang transparan tanpa banyak slogan.","<a href=""#"">INDIA303</a> dikenal sebagai situs slot gacor yang nyaman dijajal hari ini dengan info RTP yang kebaca sebelum mulai, info jackpot yang diperbarui, dan RTP yang transparan tanpa banyak slogan.","Yuk cek slot gacor INDIA303 hari ini","INDIA303 merapikan info RTP dan jackpot slot gacor","Kabar pola maxwin 2026 di situs slot gacor INDIA303","INDIA303 hadirkan pilihan slot gacor dalam satu lobby","Update jackpot terkini slot gacor INDIA303","Bagaimana cara mulai main slot gacor di INDIA303?","Apakah RTP slot gacor di INDIA303 bisa dilihat?","Bagaimana info jackpot di INDIA303 diperbarui?","Apakah pola maxwin di INDIA303 wajib diikuti?","Bisakah pindah permainan slot gacor tanpa daftar ulang di INDIA303?","Masuk INDIA303, pilih permainan slot gacor yang ingin dijajal, mulai dengan taruhan kecil. RTP dan info jackpot ada sebelum sesi berjalan.","Bisa. INDIA303 menampilkan ringkasan RTP supaya pemain punya acuan pilih meja, bukan janji menang terus.","Informasi jackpot di INDIA303 disusun agar kebaca sebelum main. Angkanya jadi pantauan, bukan slogan di judul.","Tidak wajib. Pola di INDIA303 hanya referensi. Keputusan taruhan tetap di pemain, meja tetap bisa diganti kalau terasa sepi.","Bisa. Slot gacor INDIA303 ada di satu akun. Ganti permainan tidak perlu login baru.","Saya chat INDIA303 soal permainan yang RTP-nya tidak muncul. Dijawab singkat, lalu saya pilih slot gacor lain. Alurnya manusiawi, tidak bertele.","Saya bawa INDIA303 dari browser ke HP, slot gacor-nya tetap ada. Jackpot yang tadi saya lihat masih kebaca. Tidak perlu akun kedua.","Saya set limit sebelum buka slot gacor INDIA303. Pas nyentuh, saya berhenti meski masih ingin spin. Disiplin itu yang saya bawa dari sesi ini.","Saya buka INDIA303 karena cari situs slot gacor yang denahnya jelas. RTP-nya kebaca, saya pilih satu permainan lalu main pelan. Habis ada naik tipis, saya tarik dan tidak nambah sesi.","Saya coba slot gacor di INDIA303 dengan taruhan kecil dulu. Pola yang tampil saya anggap catatan, bukan jaminan. Sesi itu cukup buat ngerasain mejanya, lalu saya tutup.","Rina Wulandari","Dinda Lestari","Yoga Prasetyo","Andi Saputra","Budi Hartono","INDIA303 login","INDIA303 daftar","Alternatif INDIA303","INDIA303 slot","INDIA303 rtp"
"register-now-denmark","MAXWIN88","MAXWIN88 Hadir di Meja Sweet Bonanza yang Hidup x Register Now Denmark","MAXWIN88 menjadi pilihan situs slot gacor buat sesi harian dengan katalog permainan yang tidak tercecer, info jackpot yang diperbarui, dan RTP yang transparan untuk pemain yang mau coba dulu.","<a href=""#"">MAXWIN88</a> menjadi pilihan situs slot gacor buat sesi harian dengan katalog permainan yang tidak tercecer, info jackpot yang diperbarui, dan RTP yang transparan untuk pemain yang mau coba dulu.","Jangan lewatkan slot gacor MAXWIN88 hari ini","MAXWIN88 merapikan info RTP dan jackpot slot gacor","Kabar pola maxwin 2026 di situs slot gacor MAXWIN88","MAXWIN88 hadirkan pilihan slot gacor dalam satu lobby","Update jackpot terkini slot gacor MAXWIN88","Apakah RTP slot gacor di MAXWIN88 bisa dilihat?","Bagaimana info jackpot di MAXWIN88 diperbarui?","Apakah pola maxwin di MAXWIN88 wajib diikuti?","Bisakah pindah permainan slot gacor tanpa daftar ulang di MAXWIN88?","Apakah slot gacor MAXWIN88 nyaman di HP?","Bisa. MAXWIN88 menampilkan ringkasan RTP supaya pemain punya acuan pilih meja, bukan janji menang terus.","Informasi jackpot di MAXWIN88 disusun agar kebaca sebelum main. Angkanya jadi pantauan, bukan slogan di judul.","Tidak wajib. Pola di MAXWIN88 hanya referensi. Keputusan taruhan tetap di pemain, meja tetap bisa diganti kalau terasa sepi.","Bisa. Slot gacor MAXWIN88 ada di satu akun. Ganti permainan tidak perlu login baru.","Nyaman. Lobby slot gacor MAXWIN88 ringkas di HP, RTP dan jackpot tetap kebaca, sesi bisa dipotong kapan saja.","Saya lihat info jackpot di MAXWIN88 sebelum spin. Bukan angka gila, tapi cukup buat nentuin mau lanjut atau pindah. Slot gacor-nya terasa rapi, tidak berisik.","Saya pindah permainan slot gacor di MAXWIN88 setelah yang pertama sepi. Lobby-nya satu pintu, gak logout. RTP meja kedua lebih nyambung, saya stop pas sudah plus tipis.","Saya main slot gacor MAXWIN88 di HP sambil nunggu. Grafiknya ringan, jackpot dan RTP tetap kelihatan. Sesi pendek, saya tidak dipaksa gas besar.","Saya sempat ragu pola maxwin di MAXWIN88. Setelah dicoba, itu hanya panduan. Yang saya pakai justru pilih meja pelan dan tarik begitu sudah cukup.","Saya daftar MAXWIN88 lalu langsung ke slot gacor, tidak muter halaman. Info jackpot 2026-nya kebaca. Saya kunci sesi sebelum jadi lama.","Maya Sari","Eko Santoso","Nisa Fadilah","Budi Hartono","Bayu Firmansyah","MAXWIN88 login","MAXWIN88 daftar","Alternatif MAXWIN88","MAXWIN88 link","MAXWIN88 masuk"
"buy-tickets-denmark","KINGBET188","KINGBET188 Sesi Kasur sebelum Tidur x Buy Tickets Denmark","KINGBET188 menyediakan akses situs slot gacor dengan alur yang ringkas dengan katalog permainan yang tidak tercecer, info jackpot yang diperbarui, dan RTP yang transparan dengan sesi yang bisa ditutup kapan saja.","<a href=""#"">KINGBET188</a> menyediakan akses situs slot gacor dengan alur yang ringkas dengan katalog permainan yang tidak tercecer, info jackpot yang diperbarui, dan RTP yang transparan dengan sesi yang bisa ditutup kapan saja.","Kabar slot gacor KINGBET188 hari ini","KINGBET188 merapikan info RTP dan jackpot slot gacor","Kabar pola maxwin 2026 di situs slot gacor KINGBET188","KINGBET188 hadirkan pilihan slot gacor dalam satu lobby","Update jackpot terkini slot gacor KINGBET188","Bagaimana info jackpot di KINGBET188 diperbarui?","Apakah pola maxwin di KINGBET188 wajib diikuti?","Bisakah pindah permainan slot gacor tanpa daftar ulang di KINGBET188?","Apakah slot gacor KINGBET188 nyaman di HP?","Bagaimana kalau meja slot gacor di KINGBET188 terasa dingin?","Informasi jackpot di KINGBET188 disusun agar kebaca sebelum main. Angkanya jadi pantauan, bukan slogan di judul.","Tidak wajib. Pola di KINGBET188 hanya referensi. Keputusan taruhan tetap di pemain, meja tetap bisa diganti kalau terasa sepi.","Bisa. Slot gacor KINGBET188 ada di satu akun. Ganti permainan tidak perlu login baru.","Nyaman. Lobby slot gacor KINGBET188 ringkas di HP, RTP dan jackpot tetap kebaca, sesi bisa dipotong kapan saja.","Pindah permainan di lobby yang sama. KINGBET188 tidak memaksa bertahan di satu meja kalau ritmenya tidak nyambung.","Saya banding RTP beberapa permainan di KINGBET188. Yang lebih tinggi saya jajal dulu. Slot gacor-nya tidak janji menang terus, dan itu yang bikin saya tenang.","Saya tarik dari KINGBET188 setelah sesi slot gacor malam ini. Prosesnya rapi, tidak banyak tanya. Besok saya tidak maksa balik kalau mood tidak pas.","Saya chat KINGBET188 soal permainan yang RTP-nya tidak muncul. Dijawab singkat, lalu saya pilih slot gacor lain. Alurnya manusiawi, tidak bertele.","Saya bawa KINGBET188 dari browser ke HP, slot gacor-nya tetap ada. Jackpot yang tadi saya lihat masih kebaca. Tidak perlu akun kedua.","Saya set limit sebelum buka slot gacor KINGBET188. Pas nyentuh, saya berhenti meski masih ingin spin. Disiplin itu yang saya bawa dari sesi ini.","Rafi Maulana","Hendra Gunawan","Rizky Pratama","Dewi Anggraini","Nisa Fadilah","KINGBET188 login","KINGBET188 daftar","Alternatif KINGBET188","KINGBET188 official","KINGBET188 apk"
"about-digimarcon-denmark","JOSBET51","JOSBET51 Kabar CS yang Gak Nge-Copy Paste x About DigiMarCon Denmark","JOSBET51 tampil sebagai situs slot gacor resmi yang gampang diikuti dengan jalur login yang tidak muter-muter, data RTP terkini, dan pantauan jackpot yang rapi supaya denah permainannya kebaca.","<a href=""#"">JOSBET51</a> tampil sebagai situs slot gacor resmi yang gampang diikuti dengan jalur login yang tidak muter-muter, data RTP terkini, dan pantauan jackpot yang rapi supaya denah permainannya kebaca.","Update slot gacor JOSBET51 hari ini","JOSBET51 merapikan info RTP dan jackpot slot gacor","Kabar pola maxwin 2026 di situs slot gacor JOSBET51","JOSBET51 hadirkan pilihan slot gacor dalam satu lobby","Update jackpot terkini slot gacor JOSBET51","Apakah pola maxwin di JOSBET51 wajib diikuti?","Bisakah pindah permainan slot gacor tanpa daftar ulang di JOSBET51?","Apakah slot gacor JOSBET51 nyaman di HP?","Bagaimana kalau meja slot gacor di JOSBET51 terasa dingin?","Apakah JOSBET51 situs slot gacor yang bisa dicoba hari ini?","Tidak wajib. Pola di JOSBET51 hanya referensi. Keputusan taruhan tetap di pemain, meja tetap bisa diganti kalau terasa sepi.","Bisa. Slot gacor JOSBET51 ada di satu akun. Ganti permainan tidak perlu login baru.","Nyaman. Lobby slot gacor JOSBET51 ringkas di HP, RTP dan jackpot tetap kebaca, sesi bisa dipotong kapan saja.","Pindah permainan di lobby yang sama. JOSBET51 tidak memaksa bertahan di satu meja kalau ritmenya tidak nyambung.","Ya. JOSBET51 menata slot gacor dalam satu lobby. Anda bisa cek RTP, pilih permainan, lalu main pelan tanpa pindah situs.","Saya buka JOSBET51 karena cari situs slot gacor yang denahnya jelas. RTP-nya kebaca, saya pilih satu permainan lalu main pelan. Habis ada naik tipis, saya tarik dan tidak nambah sesi.","Saya coba slot gacor di JOSBET51 dengan taruhan kecil dulu. Pola yang tampil saya anggap catatan, bukan jaminan. Sesi itu cukup buat ngerasain mejanya, lalu saya tutup.","Saya lihat info jackpot di JOSBET51 sebelum spin. Bukan angka gila, tapi cukup buat nentuin mau lanjut atau pindah. Slot gacor-nya terasa rapi, tidak berisik.","Saya pindah permainan slot gacor di JOSBET51 setelah yang pertama sepi. Lobby-nya satu pintu, gak logout. RTP meja kedua lebih nyambung, saya stop pas sudah plus tipis.","Saya main slot gacor JOSBET51 di HP sambil nunggu. Grafiknya ringan, jackpot dan RTP tetap kelihatan. Sesi pendek, saya tidak dipaksa gas besar.","Citra Melati","Rizky Pratama","Aulia Zahra","Hendra Gunawan","Eko Santoso","JOSBET51 login","JOSBET51 daftar","Alternatif JOSBET51","link alternatif JOSBET51","JOSBET51 wap"
"sponsorship-inquiries-denmark","RATUSPIN777","RATUSPIN777 Coba Tarik Sebagian Sisanya Jangan Digas x Sponsorship Inquiries Denmark","RATUSPIN777 menghadirkan situs slot gacor dengan pintu masuk yang pendek dengan jalur login yang tidak muter-muter, data RTP terkini, dan pantauan jackpot yang rapi biar gak nyasar pindah situs.","<a href=""#"">RATUSPIN777</a> menghadirkan situs slot gacor dengan pintu masuk yang pendek dengan jalur login yang tidak muter-muter, data RTP terkini, dan pantauan jackpot yang rapi biar gak nyasar pindah situs.","Intip slot gacor RATUSPIN777 hari ini","RATUSPIN777 merapikan info RTP dan jackpot slot gacor","Kabar pola maxwin 2026 di situs slot gacor RATUSPIN777","RATUSPIN777 hadirkan pilihan slot gacor dalam satu lobby","Update jackpot terkini slot gacor RATUSPIN777","Bisakah pindah permainan slot gacor tanpa daftar ulang di RATUSPIN777?","Apakah slot gacor RATUSPIN777 nyaman di HP?","Bagaimana kalau meja slot gacor di RATUSPIN777 terasa dingin?","Apakah RATUSPIN777 situs slot gacor yang bisa dicoba hari ini?","Bagaimana cara mulai main slot gacor di RATUSPIN777?","Bisa. Slot gacor RATUSPIN777 ada di satu akun. Ganti permainan tidak perlu login baru.","Nyaman. Lobby slot gacor RATUSPIN777 ringkas di HP, RTP dan jackpot tetap kebaca, sesi bisa dipotong kapan saja.","Pindah permainan di lobby yang sama. RATUSPIN777 tidak memaksa bertahan di satu meja kalau ritmenya tidak nyambung.","Ya. RATUSPIN777 menata slot gacor dalam satu lobby. Anda bisa cek RTP, pilih permainan, lalu main pelan tanpa pindah situs.","Masuk RATUSPIN777, pilih permainan slot gacor yang ingin dijajal, mulai dengan taruhan kecil. RTP dan info jackpot ada sebelum sesi berjalan.","Saya sempat ragu pola maxwin di RATUSPIN777. Setelah dicoba, itu hanya panduan. Yang saya pakai justru pilih meja pelan dan tarik begitu sudah cukup.","Saya daftar RATUSPIN777 lalu langsung ke slot gacor, tidak muter halaman. Info jackpot 2026-nya kebaca. Saya kunci sesi sebelum jadi lama.","Saya banding RTP beberapa permainan di RATUSPIN777. Yang lebih tinggi saya jajal dulu. Slot gacor-nya tidak janji menang terus, dan itu yang bikin saya tenang.","Saya tarik dari RATUSPIN777 setelah sesi slot gacor malam ini. Prosesnya rapi, tidak banyak tanya. Besok saya tidak maksa balik kalau mood tidak pas.","Saya chat RATUSPIN777 soal permainan yang RTP-nya tidak muncul. Dijawab singkat, lalu saya pilih slot gacor lain. Alurnya manusiawi, tidak bertele.","Sinta Dewi","Dimas Kurniawan","Aulia Zahra","Yoga Prasetyo","Ilham Ramadhan","RATUSPIN777 login","RATUSPIN777 daftar","Alternatif RATUSPIN777","RATUSPIN777 gacor","situs RATUSPIN777"
"speaker-requests-denmark","MABOK88","MABOK88 Update Bonus New Member yang Jelas x Speaker Requests Denmark","MABOK88 siap dipakai sebagai situs slot gacor untuk main pelan hari ini dengan koleksi slot gacor dari beberapa provider, data RTP terkini, dan pantauan jackpot yang rapi dengan bantuan yang tetap bisa dihubungi.","<a href=""#"">MABOK88</a> siap dipakai sebagai situs slot gacor untuk main pelan hari ini dengan koleksi slot gacor dari beberapa provider, data RTP terkini, dan pantauan jackpot yang rapi dengan bantuan yang tetap bisa dihubungi.","Yuk cek slot gacor MABOK88 hari ini","MABOK88 merapikan info RTP dan jackpot slot gacor","Kabar pola maxwin 2026 di situs slot gacor MABOK88","MABOK88 hadirkan pilihan slot gacor dalam satu lobby","Update jackpot terkini slot gacor MABOK88","Apakah slot gacor MABOK88 nyaman di HP?","Bagaimana kalau meja slot gacor di MABOK88 terasa dingin?","Apakah MABOK88 situs slot gacor yang bisa dicoba hari ini?","Bagaimana cara mulai main slot gacor di MABOK88?","Apakah RTP slot gacor di MABOK88 bisa dilihat?","Nyaman. Lobby slot gacor MABOK88 ringkas di HP, RTP dan jackpot tetap kebaca, sesi bisa dipotong kapan saja.","Pindah permainan di lobby yang sama. MABOK88 tidak memaksa bertahan di satu meja kalau ritmenya tidak nyambung.","Ya. MABOK88 menata slot gacor dalam satu lobby. Anda bisa cek RTP, pilih permainan, lalu main pelan tanpa pindah situs.","Masuk MABOK88, pilih permainan slot gacor yang ingin dijajal, mulai dengan taruhan kecil. RTP dan info jackpot ada sebelum sesi berjalan.","Bisa. MABOK88 menampilkan ringkasan RTP supaya pemain punya acuan pilih meja, bukan janji menang terus.","Saya bawa MABOK88 dari browser ke HP, slot gacor-nya tetap ada. Jackpot yang tadi saya lihat masih kebaca. Tidak perlu akun kedua.","Saya set limit sebelum buka slot gacor MABOK88. Pas nyentuh, saya berhenti meski masih ingin spin. Disiplin itu yang saya bawa dari sesi ini.","Saya buka MABOK88 karena cari situs slot gacor yang denahnya jelas. RTP-nya kebaca, saya pilih satu permainan lalu main pelan. Habis ada naik tipis, saya tarik dan tidak nambah sesi.","Saya coba slot gacor di MABOK88 dengan taruhan kecil dulu. Pola yang tampil saya anggap catatan, bukan jaminan. Sesi itu cukup buat ngerasain mejanya, lalu saya tutup.","Saya lihat info jackpot di MABOK88 sebelum spin. Bukan angka gila, tapi cukup buat nentuin mau lanjut atau pindah. Slot gacor-nya terasa rapi, tidak berisik.","Mutiara Kartika","Eko Santoso","Ayu Rahma","Bayu Firmansyah","Fajar Nugroho","MABOK88 login","MABOK88 daftar","Alternatif MABOK88","MABOK88 slot gacor","MABOK88 terpercaya"
"volunteer-applications-denmark","BADUT4D","BADUT4D Yuk Pilih Satu Meja Jangan Sepuluh x Volunteer Applications Denmark","BADUT4D berdiri sebagai situs slot gacor yang menata permainan dalam satu lobby dengan koleksi slot gacor dari beberapa provider, update jackpot 2026, dan RTP yang tidak disembunyiin untuk main di HP maupun browser.","<a href=""#"">BADUT4D</a> berdiri sebagai situs slot gacor yang menata permainan dalam satu lobby dengan koleksi slot gacor dari beberapa provider, update jackpot 2026, dan RTP yang tidak disembunyiin untuk main di HP maupun browser.","Jangan lewatkan slot gacor BADUT4D hari ini","BADUT4D merapikan info RTP dan jackpot slot gacor","Kabar pola maxwin 2026 di situs slot gacor BADUT4D","BADUT4D hadirkan pilihan slot gacor dalam satu lobby","Update jackpot terkini slot gacor BADUT4D","Bagaimana kalau meja slot gacor di BADUT4D terasa dingin?","Apakah BADUT4D situs slot gacor yang bisa dicoba hari ini?","Bagaimana cara mulai main slot gacor di BADUT4D?","Apakah RTP slot gacor di BADUT4D bisa dilihat?","Bagaimana info jackpot di BADUT4D diperbarui?","Pindah permainan di lobby yang sama. BADUT4D tidak memaksa bertahan di satu meja kalau ritmenya tidak nyambung.","Ya. BADUT4D menata slot gacor dalam satu lobby. Anda bisa cek RTP, pilih permainan, lalu main pelan tanpa pindah situs.","Masuk BADUT4D, pilih permainan slot gacor yang ingin dijajal, mulai dengan taruhan kecil. RTP dan info jackpot ada sebelum sesi berjalan.","Bisa. BADUT4D menampilkan ringkasan RTP supaya pemain punya acuan pilih meja, bukan janji menang terus.","Informasi jackpot di BADUT4D disusun agar kebaca sebelum main. Angkanya jadi pantauan, bukan slogan di judul.","Saya pindah permainan slot gacor di BADUT4D setelah yang pertama sepi. Lobby-nya satu pintu, gak logout. RTP meja kedua lebih nyambung, saya stop pas sudah plus tipis.","Saya main slot gacor BADUT4D di HP sambil nunggu. Grafiknya ringan, jackpot dan RTP tetap kelihatan. Sesi pendek, saya tidak dipaksa gas besar.","Saya sempat ragu pola maxwin di BADUT4D. Setelah dicoba, itu hanya panduan. Yang saya pakai justru pilih meja pelan dan tarik begitu sudah cukup.","Saya daftar BADUT4D lalu langsung ke slot gacor, tidak muter halaman. Info jackpot 2026-nya kebaca. Saya kunci sesi sebelum jadi lama.","Saya banding RTP beberapa permainan di BADUT4D. Yang lebih tinggi saya jajal dulu. Slot gacor-nya tidak janji menang terus, dan itu yang bikin saya tenang.","Dewi Anggraini","Rizky Pratama","Nadia Putri","Arif Rahman","Yoga Prasetyo","BADUT4D login","BADUT4D daftar","Alternatif BADUT4D","BADUT4D link login","BADUT4D slot online"
"faqs-denmark","DANAQQ","DANAQQ Jangan Lewatkan Sesi Magrib yang Disetop x FAQ's Denmark","DANAQQ hadir sebagai situs slot gacor gampang menang hari ini dengan link pola maxwin terbaru 2026, update jackpot 2026, dan RTP yang tidak disembunyiin.","<a href=""#"">DANAQQ</a> hadir sebagai situs slot gacor gampang menang hari ini dengan link pola maxwin terbaru 2026, update jackpot 2026, dan RTP yang tidak disembunyiin.","Kabar slot gacor DANAQQ hari ini","DANAQQ merapikan info RTP dan jackpot slot gacor","Kabar pola maxwin 2026 di situs slot gacor DANAQQ","DANAQQ hadirkan pilihan slot gacor dalam satu lobby","Update jackpot terkini slot gacor DANAQQ","Apakah DANAQQ situs slot gacor yang bisa dicoba hari ini?","Bagaimana cara mulai main slot gacor di DANAQQ?","Apakah RTP slot gacor di DANAQQ bisa dilihat?","Bagaimana info jackpot di DANAQQ diperbarui?","Apakah pola maxwin di DANAQQ wajib diikuti?","Ya. DANAQQ menata slot gacor dalam satu lobby. Anda bisa cek RTP, pilih permainan, lalu main pelan tanpa pindah situs.","Masuk DANAQQ, pilih permainan slot gacor yang ingin dijajal, mulai dengan taruhan kecil. RTP dan info jackpot ada sebelum sesi berjalan.","Bisa. DANAQQ menampilkan ringkasan RTP supaya pemain punya acuan pilih meja, bukan janji menang terus.","Informasi jackpot di DANAQQ disusun agar kebaca sebelum main. Angkanya jadi pantauan, bukan slogan di judul.","Tidak wajib. Pola di DANAQQ hanya referensi. Keputusan taruhan tetap di pemain, meja tetap bisa diganti kalau terasa sepi.","Saya tarik dari DANAQQ setelah sesi slot gacor malam ini. Prosesnya rapi, tidak banyak tanya. Besok saya tidak maksa balik kalau mood tidak pas.","Saya chat DANAQQ soal permainan yang RTP-nya tidak muncul. Dijawab singkat, lalu saya pilih slot gacor lain. Alurnya manusiawi, tidak bertele.","Saya bawa DANAQQ dari browser ke HP, slot gacor-nya tetap ada. Jackpot yang tadi saya lihat masih kebaca. Tidak perlu akun kedua.","Saya set limit sebelum buka slot gacor DANAQQ. Pas nyentuh, saya berhenti meski masih ingin spin. Disiplin itu yang saya bawa dari sesi ini.","Saya buka DANAQQ karena cari situs slot gacor yang denahnya jelas. RTP-nya kebaca, saya pilih satu permainan lalu main pelan. Habis ada naik tipis, saya tarik dan tidak nambah sesi.","Rina Wulandari","Hendra Gunawan","Andi Saputra","Dewi Anggraini","Rizky Pratama","DANAQQ login","DANAQQ daftar","Alternatif DANAQQ","DANAQQ slot","DANAQQ rtp"
"press-passes-denmark","KOICUAN","KOICUAN Hadir di Lobby Pragmatic yang Rapi x Press Passes Denmark","KOICUAN dikenal sebagai situs slot gacor yang nyaman dijajal hari ini dengan link pola maxwin terbaru 2026, update jackpot 2026, dan RTP yang tidak disembunyiin tanpa banyak slogan.","<a href=""#"">KOICUAN</a> dikenal sebagai situs slot gacor yang nyaman dijajal hari ini dengan link pola maxwin terbaru 2026, update jackpot 2026, dan RTP yang tidak disembunyiin tanpa banyak slogan.","Update slot gacor KOICUAN hari ini","KOICUAN merapikan info RTP dan jackpot slot gacor","Kabar pola maxwin 2026 di situs slot gacor KOICUAN","KOICUAN hadirkan pilihan slot gacor dalam satu lobby","Update jackpot terkini slot gacor KOICUAN","Bagaimana cara mulai main slot gacor di KOICUAN?","Apakah RTP slot gacor di KOICUAN bisa dilihat?","Bagaimana info jackpot di KOICUAN diperbarui?","Apakah pola maxwin di KOICUAN wajib diikuti?","Bisakah pindah permainan slot gacor tanpa daftar ulang di KOICUAN?","Masuk KOICUAN, pilih permainan slot gacor yang ingin dijajal, mulai dengan taruhan kecil. RTP dan info jackpot ada sebelum sesi berjalan.","Bisa. KOICUAN menampilkan ringkasan RTP supaya pemain punya acuan pilih meja, bukan janji menang terus.","Informasi jackpot di KOICUAN disusun agar kebaca sebelum main. Angkanya jadi pantauan, bukan slogan di judul.","Tidak wajib. Pola di KOICUAN hanya referensi. Keputusan taruhan tetap di pemain, meja tetap bisa diganti kalau terasa sepi.","Bisa. Slot gacor KOICUAN ada di satu akun. Ganti permainan tidak perlu login baru.","Saya coba slot gacor di KOICUAN dengan taruhan kecil dulu. Pola yang tampil saya anggap catatan, bukan jaminan. Sesi itu cukup buat ngerasain mejanya, lalu saya tutup.","Saya lihat info jackpot di KOICUAN sebelum spin. Bukan angka gila, tapi cukup buat nentuin mau lanjut atau pindah. Slot gacor-nya terasa rapi, tidak berisik.","Saya pindah permainan slot gacor di KOICUAN setelah yang pertama sepi. Lobby-nya satu pintu, gak logout. RTP meja kedua lebih nyambung, saya stop pas sudah plus tipis.","Saya main slot gacor KOICUAN di HP sambil nunggu. Grafiknya ringan, jackpot dan RTP tetap kelihatan. Sesi pendek, saya tidak dipaksa gas besar.","Saya sempat ragu pola maxwin di KOICUAN. Setelah dicoba, itu hanya panduan. Yang saya pakai justru pilih meja pelan dan tarik begitu sudah cukup.","Dinda Lestari","Aldi Salim","Andi Saputra","Agus Wijaya","Mutiara Kartika","KOICUAN login","KOICUAN daftar","Alternatif KOICUAN","KOICUAN link","KOICUAN masuk"
"virtual-pass-denmark","CERI123","CERI123 Sesi Angkot Data Hemat x Virtual Pass Denmark","CERI123 menjadi pilihan situs slot gacor buat sesi harian dengan pembaruan pola main yang dibahas tahun 2026, informasi jackpot yang mudah dibaca, dan RTP yang membantu pilih meja untuk pemain yang mau coba dulu.","<a href=""#"">CERI123</a> menjadi pilihan situs slot gacor buat sesi harian dengan pembaruan pola main yang dibahas tahun 2026, informasi jackpot yang mudah dibaca, dan RTP yang membantu pilih meja untuk pemain yang mau coba dulu.","Intip slot gacor CERI123 hari ini","CERI123 merapikan info RTP dan jackpot slot gacor","Kabar pola maxwin 2026 di situs slot gacor CERI123","CERI123 hadirkan pilihan slot gacor dalam satu lobby","Update jackpot terkini slot gacor CERI123","Apakah RTP slot gacor di CERI123 bisa dilihat?","Bagaimana info jackpot di CERI123 diperbarui?","Apakah pola maxwin di CERI123 wajib diikuti?","Bisakah pindah permainan slot gacor tanpa daftar ulang di CERI123?","Apakah slot gacor CERI123 nyaman di HP?","Bisa. CERI123 menampilkan ringkasan RTP supaya pemain punya acuan pilih meja, bukan janji menang terus.","Informasi jackpot di CERI123 disusun agar kebaca sebelum main. Angkanya jadi pantauan, bukan slogan di judul.","Tidak wajib. Pola di CERI123 hanya referensi. Keputusan taruhan tetap di pemain, meja tetap bisa diganti kalau terasa sepi.","Bisa. Slot gacor CERI123 ada di satu akun. Ganti permainan tidak perlu login baru.","Nyaman. Lobby slot gacor CERI123 ringkas di HP, RTP dan jackpot tetap kebaca, sesi bisa dipotong kapan saja.","Saya daftar CERI123 lalu langsung ke slot gacor, tidak muter halaman. Info jackpot 2026-nya kebaca. Saya kunci sesi sebelum jadi lama.","Saya banding RTP beberapa permainan di CERI123. Yang lebih tinggi saya jajal dulu. Slot gacor-nya tidak janji menang terus, dan itu yang bikin saya tenang.","Saya tarik dari CERI123 setelah sesi slot gacor malam ini. Prosesnya rapi, tidak banyak tanya. Besok saya tidak maksa balik kalau mood tidak pas.","Saya chat CERI123 soal permainan yang RTP-nya tidak muncul. Dijawab singkat, lalu saya pilih slot gacor lain. Alurnya manusiawi, tidak bertele.","Saya bawa CERI123 dari browser ke HP, slot gacor-nya tetap ada. Jackpot yang tadi saya lihat masih kebaca. Tidak perlu akun kedua.","Nisa Fadilah","Budi Hartono","Rizky Pratama","Dimas Kurniawan","Putri Ayu","CERI123 login","CERI123 daftar","Alternatif CERI123","CERI123 official","CERI123 apk"
"group-rates-denmark","TAPIR328","TAPIR328 Kabar Scatter yang Beneran Nambah Saldo x Group Rates Denmark","TAPIR328 menyediakan akses situs slot gacor dengan alur yang ringkas dengan pembaruan pola main yang dibahas tahun 2026, informasi jackpot yang mudah dibaca, dan RTP yang membantu pilih meja dengan sesi yang bisa ditutup kapan saja.","<a href=""#"">TAPIR328</a> menyediakan akses situs slot gacor dengan alur yang ringkas dengan pembaruan pola main yang dibahas tahun 2026, informasi jackpot yang mudah dibaca, dan RTP yang membantu pilih meja dengan sesi yang bisa ditutup kapan saja.","Yuk cek slot gacor TAPIR328 hari ini","TAPIR328 merapikan info RTP dan jackpot slot gacor","Kabar pola maxwin 2026 di situs slot gacor TAPIR328","TAPIR328 hadirkan pilihan slot gacor dalam satu lobby","Update jackpot terkini slot gacor TAPIR328","Bagaimana info jackpot di TAPIR328 diperbarui?","Apakah pola maxwin di TAPIR328 wajib diikuti?","Bisakah pindah permainan slot gacor tanpa daftar ulang di TAPIR328?","Apakah slot gacor TAPIR328 nyaman di HP?","Bagaimana kalau meja slot gacor di TAPIR328 terasa dingin?","Informasi jackpot di TAPIR328 disusun agar kebaca sebelum main. Angkanya jadi pantauan, bukan slogan di judul.","Tidak wajib. Pola di TAPIR328 hanya referensi. Keputusan taruhan tetap di pemain, meja tetap bisa diganti kalau terasa sepi.","Bisa. Slot gacor TAPIR328 ada di satu akun. Ganti permainan tidak perlu login baru.","Nyaman. Lobby slot gacor TAPIR328 ringkas di HP, RTP dan jackpot tetap kebaca, sesi bisa dipotong kapan saja.","Pindah permainan di lobby yang sama. TAPIR328 tidak memaksa bertahan di satu meja kalau ritmenya tidak nyambung.","Saya set limit sebelum buka slot gacor TAPIR328. Pas nyentuh, saya berhenti meski masih ingin spin. Disiplin itu yang saya bawa dari sesi ini.","Saya buka TAPIR328 karena cari situs slot gacor yang denahnya jelas. RTP-nya kebaca, saya pilih satu permainan lalu main pelan. Habis ada naik tipis, saya tarik dan tidak nambah sesi.","Saya coba slot gacor di TAPIR328 dengan taruhan kecil dulu. Pola yang tampil saya anggap catatan, bukan jaminan. Sesi itu cukup buat ngerasain mejanya, lalu saya tutup.","Saya lihat info jackpot di TAPIR328 sebelum spin. Bukan angka gila, tapi cukup buat nentuin mau lanjut atau pindah. Slot gacor-nya terasa rapi, tidak berisik.","Saya pindah permainan slot gacor di TAPIR328 setelah yang pertama sepi. Lobby-nya satu pintu, gak logout. RTP meja kedua lebih nyambung, saya stop pas sudah plus tipis.","Rina Wulandari","Dimas Kurniawan","Ilham Ramadhan","Mutiara Kartika","Arif Rahman","TAPIR328 login","TAPIR328 daftar","Alternatif TAPIR328","link alternatif TAPIR328","TAPIR328 wap"
"student-rates-denmark","PANEN138","PANEN138 Coba Limit Harian biar Gak Kelepasan x Student Rates Denmark","PANEN138 tampil sebagai situs slot gacor resmi yang gampang diikuti dengan akses permainan slot gacor yang dirapikan, informasi jackpot yang mudah dibaca, dan RTP yang membantu pilih meja supaya denah permainannya kebaca.","<a href=""#"">PANEN138</a> tampil sebagai situs slot gacor resmi yang gampang diikuti dengan akses permainan slot gacor yang dirapikan, informasi jackpot yang mudah dibaca, dan RTP yang membantu pilih meja supaya denah permainannya kebaca.","Jangan lewatkan slot gacor PANEN138 hari ini","PANEN138 merapikan info RTP dan jackpot slot gacor","Kabar pola maxwin 2026 di situs slot gacor PANEN138","PANEN138 hadirkan pilihan slot gacor dalam satu lobby","Update jackpot terkini slot gacor PANEN138","Apakah pola maxwin di PANEN138 wajib diikuti?","Bisakah pindah permainan slot gacor tanpa daftar ulang di PANEN138?","Apakah slot gacor PANEN138 nyaman di HP?","Bagaimana kalau meja slot gacor di PANEN138 terasa dingin?","Apakah PANEN138 situs slot gacor yang bisa dicoba hari ini?","Tidak wajib. Pola di PANEN138 hanya referensi. Keputusan taruhan tetap di pemain, meja tetap bisa diganti kalau terasa sepi.","Bisa. Slot gacor PANEN138 ada di satu akun. Ganti permainan tidak perlu login baru.","Nyaman. Lobby slot gacor PANEN138 ringkas di HP, RTP dan jackpot tetap kebaca, sesi bisa dipotong kapan saja.","Pindah permainan di lobby yang sama. PANEN138 tidak memaksa bertahan di satu meja kalau ritmenya tidak nyambung.","Ya. PANEN138 menata slot gacor dalam satu lobby. Anda bisa cek RTP, pilih permainan, lalu main pelan tanpa pindah situs.","Saya main slot gacor PANEN138 di HP sambil nunggu. Grafiknya ringan, jackpot dan RTP tetap kelihatan. Sesi pendek, saya tidak dipaksa gas besar.","Saya sempat ragu pola maxwin di PANEN138. Setelah dicoba, itu hanya panduan. Yang saya pakai justru pilih meja pelan dan tarik begitu sudah cukup.","Saya daftar PANEN138 lalu langsung ke slot gacor, tidak muter halaman. Info jackpot 2026-nya kebaca. Saya kunci sesi sebelum jadi lama.","Saya banding RTP beberapa permainan di PANEN138. Yang lebih tinggi saya jajal dulu. Slot gacor-nya tidak janji menang terus, dan itu yang bikin saya tenang.","Saya tarik dari PANEN138 setelah sesi slot gacor malam ini. Prosesnya rapi, tidak banyak tanya. Besok saya tidak maksa balik kalau mood tidak pas.","Aulia Zahra","Eko Santoso","Yoga Prasetyo","Hendra Gunawan","Nadia Putri","PANEN138 login","PANEN138 daftar","Alternatif PANEN138","PANEN138 gacor","situs PANEN138"
"rates-pass-details-denmark","IBU4D","IBU4D Update PIN yang Gak Langsung Lock x Rates & Pass Details Denmark","IBU4D menghadirkan situs slot gacor dengan pintu masuk yang pendek dengan akses permainan slot gacor yang dirapikan, pantauan RTP, dan kabar jackpot yang tidak berlebihan biar gak nyasar pindah situs.","<a href=""#"">IBU4D</a> menghadirkan situs slot gacor dengan pintu masuk yang pendek dengan akses permainan slot gacor yang dirapikan, pantauan RTP, dan kabar jackpot yang tidak berlebihan biar gak nyasar pindah situs.","Kabar slot gacor IBU4D hari ini","IBU4D merapikan info RTP dan jackpot slot gacor","Kabar pola maxwin 2026 di situs slot gacor IBU4D","IBU4D hadirkan pilihan slot gacor dalam satu lobby","Update jackpot terkini slot gacor IBU4D","Bisakah pindah permainan slot gacor tanpa daftar ulang di IBU4D?","Apakah slot gacor IBU4D nyaman di HP?","Bagaimana kalau meja slot gacor di IBU4D terasa dingin?","Apakah IBU4D situs slot gacor yang bisa dicoba hari ini?","Bagaimana cara mulai main slot gacor di IBU4D?","Bisa. Slot gacor IBU4D ada di satu akun. Ganti permainan tidak perlu login baru.","Nyaman. Lobby slot gacor IBU4D ringkas di HP, RTP dan jackpot tetap kebaca, sesi bisa dipotong kapan saja.","Pindah permainan di lobby yang sama. IBU4D tidak memaksa bertahan di satu meja kalau ritmenya tidak nyambung.","Ya. IBU4D menata slot gacor dalam satu lobby. Anda bisa cek RTP, pilih permainan, lalu main pelan tanpa pindah situs.","Masuk IBU4D, pilih permainan slot gacor yang ingin dijajal, mulai dengan taruhan kecil. RTP dan info jackpot ada sebelum sesi berjalan.","Saya chat IBU4D soal permainan yang RTP-nya tidak muncul. Dijawab singkat, lalu saya pilih slot gacor lain. Alurnya manusiawi, tidak bertele.","Saya bawa IBU4D dari browser ke HP, slot gacor-nya tetap ada. Jackpot yang tadi saya lihat masih kebaca. Tidak perlu akun kedua.","Saya set limit sebelum buka slot gacor IBU4D. Pas nyentuh, saya berhenti meski masih ingin spin. Disiplin itu yang saya bawa dari sesi ini.","Saya buka IBU4D karena cari situs slot gacor yang denahnya jelas. RTP-nya kebaca, saya pilih satu permainan lalu main pelan. Habis ada naik tipis, saya tarik dan tidak nambah sesi.","Saya coba slot gacor di IBU4D dengan taruhan kecil dulu. Pola yang tampil saya anggap catatan, bukan jaminan. Sesi itu cukup buat ngerasain mejanya, lalu saya tutup.","Nadia Putri","Rina Wulandari","Aldi Salim","Arif Rahman","Andi Saputra","IBU4D login","IBU4D daftar","Alternatif IBU4D","IBU4D slot gacor","IBU4D terpercaya"
"upgrades-add-ons-denmark","RAJALANGIT77","RAJALANGIT77 Yuk Logout Pas Kopi Udah Dingin x Upgrades & Add-ons Denmark","RAJALANGIT77 siap dipakai sebagai situs slot gacor untuk main pelan hari ini dengan pilihan meja yang gampang dicari, pantauan RTP, dan kabar jackpot yang tidak berlebihan dengan bantuan yang tetap bisa dihubungi.","<a href=""#"">RAJALANGIT77</a> siap dipakai sebagai situs slot gacor untuk main pelan hari ini dengan pilihan meja yang gampang dicari, pantauan RTP, dan kabar jackpot yang tidak berlebihan dengan bantuan yang tetap bisa dihubungi.","Update slot gacor RAJALANGIT77 hari ini","RAJALANGIT77 merapikan info RTP dan jackpot slot gacor","Kabar pola maxwin 2026 di situs slot gacor RAJALANGIT77","RAJALANGIT77 hadirkan pilihan slot gacor dalam satu lobby","Update jackpot terkini slot gacor RAJALANGIT77","Apakah slot gacor RAJALANGIT77 nyaman di HP?","Bagaimana kalau meja slot gacor di RAJALANGIT77 terasa dingin?","Apakah RAJALANGIT77 situs slot gacor yang bisa dicoba hari ini?","Bagaimana cara mulai main slot gacor di RAJALANGIT77?","Apakah RTP slot gacor di RAJALANGIT77 bisa dilihat?","Nyaman. Lobby slot gacor RAJALANGIT77 ringkas di HP, RTP dan jackpot tetap kebaca, sesi bisa dipotong kapan saja.","Pindah permainan di lobby yang sama. RAJALANGIT77 tidak memaksa bertahan di satu meja kalau ritmenya tidak nyambung.","Ya. RAJALANGIT77 menata slot gacor dalam satu lobby. Anda bisa cek RTP, pilih permainan, lalu main pelan tanpa pindah situs.","Masuk RAJALANGIT77, pilih permainan slot gacor yang ingin dijajal, mulai dengan taruhan kecil. RTP dan info jackpot ada sebelum sesi berjalan.","Bisa. RAJALANGIT77 menampilkan ringkasan RTP supaya pemain punya acuan pilih meja, bukan janji menang terus.","Saya lihat info jackpot di RAJALANGIT77 sebelum spin. Bukan angka gila, tapi cukup buat nentuin mau lanjut atau pindah. Slot gacor-nya terasa rapi, tidak berisik.","Saya pindah permainan slot gacor di RAJALANGIT77 setelah yang pertama sepi. Lobby-nya satu pintu, gak logout. RTP meja kedua lebih nyambung, saya stop pas sudah plus tipis.","Saya main slot gacor RAJALANGIT77 di HP sambil nunggu. Grafiknya ringan, jackpot dan RTP tetap kelihatan. Sesi pendek, saya tidak dipaksa gas besar.","Saya sempat ragu pola maxwin di RAJALANGIT77. Setelah dicoba, itu hanya panduan. Yang saya pakai justru pilih meja pelan dan tarik begitu sudah cukup.","Saya daftar RAJALANGIT77 lalu langsung ke slot gacor, tidak muter halaman. Info jackpot 2026-nya kebaca. Saya kunci sesi sebelum jadi lama.","Arif Rahman","Dinda Lestari","Putri Ayu","Eko Santoso","Yoga Prasetyo","RAJALANGIT77 login","RAJALANGIT77 daftar","Alternatif RAJALANGIT77","RAJALANGIT77 link login","RAJALANGIT77 slot online"
"lets-connect-denmark","TEXAS88","TEXAS88 Jangan Nunggu Maxwin yang Gak Dateng x Let's Connect Denmark","TEXAS88 berdiri sebagai situs slot gacor yang menata permainan dalam satu lobby dengan pilihan meja yang gampang dicari, pantauan RTP, dan kabar jackpot yang tidak berlebihan untuk main di HP maupun browser.","<a href=""#"">TEXAS88</a> berdiri sebagai situs slot gacor yang menata permainan dalam satu lobby dengan pilihan meja yang gampang dicari, pantauan RTP, dan kabar jackpot yang tidak berlebihan untuk main di HP maupun browser.","Intip slot gacor TEXAS88 hari ini","TEXAS88 merapikan info RTP dan jackpot slot gacor","Kabar pola maxwin 2026 di situs slot gacor TEXAS88","TEXAS88 hadirkan pilihan slot gacor dalam satu lobby","Update jackpot terkini slot gacor TEXAS88","Bagaimana kalau meja slot gacor di TEXAS88 terasa dingin?","Apakah TEXAS88 situs slot gacor yang bisa dicoba hari ini?","Bagaimana cara mulai main slot gacor di TEXAS88?","Apakah RTP slot gacor di TEXAS88 bisa dilihat?","Bagaimana info jackpot di TEXAS88 diperbarui?","Pindah permainan di lobby yang sama. TEXAS88 tidak memaksa bertahan di satu meja kalau ritmenya tidak nyambung.","Ya. TEXAS88 menata slot gacor dalam satu lobby. Anda bisa cek RTP, pilih permainan, lalu main pelan tanpa pindah situs.","Masuk TEXAS88, pilih permainan slot gacor yang ingin dijajal, mulai dengan taruhan kecil. RTP dan info jackpot ada sebelum sesi berjalan.","Bisa. TEXAS88 menampilkan ringkasan RTP supaya pemain punya acuan pilih meja, bukan janji menang terus.","Informasi jackpot di TEXAS88 disusun agar kebaca sebelum main. Angkanya jadi pantauan, bukan slogan di judul.","Saya banding RTP beberapa permainan di TEXAS88. Yang lebih tinggi saya jajal dulu. Slot gacor-nya tidak janji menang terus, dan itu yang bikin saya tenang.","Saya tarik dari TEXAS88 setelah sesi slot gacor malam ini. Prosesnya rapi, tidak banyak tanya. Besok saya tidak maksa balik kalau mood tidak pas.","Saya chat TEXAS88 soal permainan yang RTP-nya tidak muncul. Dijawab singkat, lalu saya pilih slot gacor lain. Alurnya manusiawi, tidak bertele.","Saya bawa TEXAS88 dari browser ke HP, slot gacor-nya tetap ada. Jackpot yang tadi saya lihat masih kebaca. Tidak perlu akun kedua.","Saya set limit sebelum buka slot gacor TEXAS88. Pas nyentuh, saya berhenti meski masih ingin spin. Disiplin itu yang saya bawa dari sesi ini.","Arif Rahman","Sinta Dewi","Budi Hartono","Dewi Anggraini","Yoga Prasetyo","TEXAS88 login","TEXAS88 daftar","Alternatif TEXAS88","TEXAS88 slot","TEXAS88 rtp"
"get-involved-denmark","JERUKBET","JERUKBET Hadir di Sesi Gates of Olympus x Get Involved Denmark","JERUKBET hadir sebagai situs slot gacor gampang menang hari ini dengan info RTP yang kebaca sebelum mulai, RTP tinggi, dan informasi jackpot terkini.","<a href=""#"">JERUKBET</a> hadir sebagai situs slot gacor gampang menang hari ini dengan info RTP yang kebaca sebelum mulai, RTP tinggi, dan informasi jackpot terkini.","Yuk cek slot gacor JERUKBET hari ini","JERUKBET merapikan info RTP dan jackpot slot gacor","Kabar pola maxwin 2026 di situs slot gacor JERUKBET","JERUKBET hadirkan pilihan slot gacor dalam satu lobby","Update jackpot terkini slot gacor JERUKBET","Apakah JERUKBET situs slot gacor yang bisa dicoba hari ini?","Bagaimana cara mulai main slot gacor di JERUKBET?","Apakah RTP slot gacor di JERUKBET bisa dilihat?","Bagaimana info jackpot di JERUKBET diperbarui?","Apakah pola maxwin di JERUKBET wajib diikuti?","Ya. JERUKBET menata slot gacor dalam satu lobby. Anda bisa cek RTP, pilih permainan, lalu main pelan tanpa pindah situs.","Masuk JERUKBET, pilih permainan slot gacor yang ingin dijajal, mulai dengan taruhan kecil. RTP dan info jackpot ada sebelum sesi berjalan.","Bisa. JERUKBET menampilkan ringkasan RTP supaya pemain punya acuan pilih meja, bukan janji menang terus.","Informasi jackpot di JERUKBET disusun agar kebaca sebelum main. Angkanya jadi pantauan, bukan slogan di judul.","Tidak wajib. Pola di JERUKBET hanya referensi. Keputusan taruhan tetap di pemain, meja tetap bisa diganti kalau terasa sepi.","Saya buka JERUKBET karena cari situs slot gacor yang denahnya jelas. RTP-nya kebaca, saya pilih satu permainan lalu main pelan. Habis ada naik tipis, saya tarik dan tidak nambah sesi.","Saya coba slot gacor di JERUKBET dengan taruhan kecil dulu. Pola yang tampil saya anggap catatan, bukan jaminan. Sesi itu cukup buat ngerasain mejanya, lalu saya tutup.","Saya lihat info jackpot di JERUKBET sebelum spin. Bukan angka gila, tapi cukup buat nentuin mau lanjut atau pindah. Slot gacor-nya terasa rapi, tidak berisik.","Saya pindah permainan slot gacor di JERUKBET setelah yang pertama sepi. Lobby-nya satu pintu, gak logout. RTP meja kedua lebih nyambung, saya stop pas sudah plus tipis.","Saya main slot gacor JERUKBET di HP sambil nunggu. Grafiknya ringan, jackpot dan RTP tetap kelihatan. Sesi pendek, saya tidak dipaksa gas besar.","Nisa Fadilah","Rafi Maulana","Andi Saputra","Hendra Gunawan","Aulia Zahra","JERUKBET login","JERUKBET daftar","Alternatif JERUKBET","JERUKBET link","JERUKBET masuk"
"call-for-volunteers-denmark","AIRBET88","AIRBET88 Sesi Laundry 25 Menit Cukup x Call for Volunteers Denmark","AIRBET88 dikenal sebagai situs slot gacor yang nyaman dijajal hari ini dengan info RTP yang kebaca sebelum mulai, RTP tinggi, dan informasi jackpot terkini tanpa banyak slogan.","<a href=""#"">AIRBET88</a> dikenal sebagai situs slot gacor yang nyaman dijajal hari ini dengan info RTP yang kebaca sebelum mulai, RTP tinggi, dan informasi jackpot terkini tanpa banyak slogan.","Jangan lewatkan slot gacor AIRBET88 hari ini","AIRBET88 merapikan info RTP dan jackpot slot gacor","Kabar pola maxwin 2026 di situs slot gacor AIRBET88","AIRBET88 hadirkan pilihan slot gacor dalam satu lobby","Update jackpot terkini slot gacor AIRBET88","Bagaimana cara mulai main slot gacor di AIRBET88?","Apakah RTP slot gacor di AIRBET88 bisa dilihat?","Bagaimana info jackpot di AIRBET88 diperbarui?","Apakah pola maxwin di AIRBET88 wajib diikuti?","Bisakah pindah permainan slot gacor tanpa daftar ulang di AIRBET88?","Masuk AIRBET88, pilih permainan slot gacor yang ingin dijajal, mulai dengan taruhan kecil. RTP dan info jackpot ada sebelum sesi berjalan.","Bisa. AIRBET88 menampilkan ringkasan RTP supaya pemain punya acuan pilih meja, bukan janji menang terus.","Informasi jackpot di AIRBET88 disusun agar kebaca sebelum main. Angkanya jadi pantauan, bukan slogan di judul.","Tidak wajib. Pola di AIRBET88 hanya referensi. Keputusan taruhan tetap di pemain, meja tetap bisa diganti kalau terasa sepi.","Bisa. Slot gacor AIRBET88 ada di satu akun. Ganti permainan tidak perlu login baru.","Saya sempat ragu pola maxwin di AIRBET88. Setelah dicoba, itu hanya panduan. Yang saya pakai justru pilih meja pelan dan tarik begitu sudah cukup.","Saya daftar AIRBET88 lalu langsung ke slot gacor, tidak muter halaman. Info jackpot 2026-nya kebaca. Saya kunci sesi sebelum jadi lama.","Saya banding RTP beberapa permainan di AIRBET88. Yang lebih tinggi saya jajal dulu. Slot gacor-nya tidak janji menang terus, dan itu yang bikin saya tenang.","Saya tarik dari AIRBET88 setelah sesi slot gacor malam ini. Prosesnya rapi, tidak banyak tanya. Besok saya tidak maksa balik kalau mood tidak pas.","Saya chat AIRBET88 soal permainan yang RTP-nya tidak muncul. Dijawab singkat, lalu saya pilih slot gacor lain. Alurnya manusiawi, tidak bertele.","Alika Rahman","Rafi Maulana","Agus Wijaya","Nadia Putri","Rizky Pratama","AIRBET88 login","AIRBET88 daftar","Alternatif AIRBET88","AIRBET88 official","AIRBET88 apk"
"live-on-demand-denmark","PISANGBET","PISANGBET Kabar Server yang Tahan Pas Rame x Live & On Demand Denmark","PISANGBET menjadi pilihan situs slot gacor buat sesi harian dengan katalog permainan yang tidak tercecer, RTP tinggi, dan informasi jackpot terkini untuk pemain yang mau coba dulu.","<a href=""#"">PISANGBET</a> menjadi pilihan situs slot gacor buat sesi harian dengan katalog permainan yang tidak tercecer, RTP tinggi, dan informasi jackpot terkini untuk pemain yang mau coba dulu.","Kabar slot gacor PISANGBET hari ini","PISANGBET merapikan info RTP dan jackpot slot gacor","Kabar pola maxwin 2026 di situs slot gacor PISANGBET","PISANGBET hadirkan pilihan slot gacor dalam satu lobby","Update jackpot terkini slot gacor PISANGBET","Apakah RTP slot gacor di PISANGBET bisa dilihat?","Bagaimana info jackpot di PISANGBET diperbarui?","Apakah pola maxwin di PISANGBET wajib diikuti?","Bisakah pindah permainan slot gacor tanpa daftar ulang di PISANGBET?","Apakah slot gacor PISANGBET nyaman di HP?","Bisa. PISANGBET menampilkan ringkasan RTP supaya pemain punya acuan pilih meja, bukan janji menang terus.","Informasi jackpot di PISANGBET disusun agar kebaca sebelum main. Angkanya jadi pantauan, bukan slogan di judul.","Tidak wajib. Pola di PISANGBET hanya referensi. Keputusan taruhan tetap di pemain, meja tetap bisa diganti kalau terasa sepi.","Bisa. Slot gacor PISANGBET ada di satu akun. Ganti permainan tidak perlu login baru.","Nyaman. Lobby slot gacor PISANGBET ringkas di HP, RTP dan jackpot tetap kebaca, sesi bisa dipotong kapan saja.","Saya bawa PISANGBET dari browser ke HP, slot gacor-nya tetap ada. Jackpot yang tadi saya lihat masih kebaca. Tidak perlu akun kedua.","Saya set limit sebelum buka slot gacor PISANGBET. Pas nyentuh, saya berhenti meski masih ingin spin. Disiplin itu yang saya bawa dari sesi ini.","Saya buka PISANGBET karena cari situs slot gacor yang denahnya jelas. RTP-nya kebaca, saya pilih satu permainan lalu main pelan. Habis ada naik tipis, saya tarik dan tidak nambah sesi.","Saya coba slot gacor di PISANGBET dengan taruhan kecil dulu. Pola yang tampil saya anggap catatan, bukan jaminan. Sesi itu cukup buat ngerasain mejanya, lalu saya tutup.","Saya lihat info jackpot di PISANGBET sebelum spin. Bukan angka gila, tapi cukup buat nentuin mau lanjut atau pindah. Slot gacor-nya terasa rapi, tidak berisik.","Aldi Salim","Mutiara Kartika","Putri Ayu","Arif Rahman","Dimas Kurniawan","PISANGBET login","PISANGBET daftar","Alternatif PISANGBET","link alternatif PISANGBET","PISANGBET wap"
"digital-marketing-conference-denmark","ALEXISTOGEL","ALEXISTOGEL Coba Mute Dulu Kalau Ada Orang Lewat x Digital Marketing Conference Denmark","ALEXISTOGEL menyediakan akses situs slot gacor dengan alur yang ringkas dengan katalog permainan yang tidak tercecer, ringkasan jackpot harian, dan catatan RTP yang jelas dengan sesi yang bisa ditutup kapan saja.","<a href=""#"">ALEXISTOGEL</a> menyediakan akses situs slot gacor dengan alur yang ringkas dengan katalog permainan yang tidak tercecer, ringkasan jackpot harian, dan catatan RTP yang jelas dengan sesi yang bisa ditutup kapan saja.","Update slot gacor ALEXISTOGEL hari ini","ALEXISTOGEL merapikan info RTP dan jackpot slot gacor","Kabar pola maxwin 2026 di situs slot gacor ALEXISTOGEL","ALEXISTOGEL hadirkan pilihan slot gacor dalam satu lobby","Update jackpot terkini slot gacor ALEXISTOGEL","Bagaimana info jackpot di ALEXISTOGEL diperbarui?","Apakah pola maxwin di ALEXISTOGEL wajib diikuti?","Bisakah pindah permainan slot gacor tanpa daftar ulang di ALEXISTOGEL?","Apakah slot gacor ALEXISTOGEL nyaman di HP?","Bagaimana kalau meja slot gacor di ALEXISTOGEL terasa dingin?","Informasi jackpot di ALEXISTOGEL disusun agar kebaca sebelum main. Angkanya jadi pantauan, bukan slogan di judul.","Tidak wajib. Pola di ALEXISTOGEL hanya referensi. Keputusan taruhan tetap di pemain, meja tetap bisa diganti kalau terasa sepi.","Bisa. Slot gacor ALEXISTOGEL ada di satu akun. Ganti permainan tidak perlu login baru.","Nyaman. Lobby slot gacor ALEXISTOGEL ringkas di HP, RTP dan jackpot tetap kebaca, sesi bisa dipotong kapan saja.","Pindah permainan di lobby yang sama. ALEXISTOGEL tidak memaksa bertahan di satu meja kalau ritmenya tidak nyambung.","Saya pindah permainan slot gacor di ALEXISTOGEL setelah yang pertama sepi. Lobby-nya satu pintu, gak logout. RTP meja kedua lebih nyambung, saya stop pas sudah plus tipis.","Saya main slot gacor ALEXISTOGEL di HP sambil nunggu. Grafiknya ringan, jackpot dan RTP tetap kelihatan. Sesi pendek, saya tidak dipaksa gas besar.","Saya sempat ragu pola maxwin di ALEXISTOGEL. Setelah dicoba, itu hanya panduan. Yang saya pakai justru pilih meja pelan dan tarik begitu sudah cukup.","Saya daftar ALEXISTOGEL lalu langsung ke slot gacor, tidak muter halaman. Info jackpot 2026-nya kebaca. Saya kunci sesi sebelum jadi lama.","Saya banding RTP beberapa permainan di ALEXISTOGEL. Yang lebih tinggi saya jajal dulu. Slot gacor-nya tidak janji menang terus, dan itu yang bikin saya tenang.","Hendra Gunawan","Maya Sari","Ilham Ramadhan","Nisa Fadilah","Yoga Prasetyo","ALEXISTOGEL login","ALEXISTOGEL daftar","Alternatif ALEXISTOGEL","ALEXISTOGEL gacor","situs ALEXISTOGEL"
"media-and-advertising-conference-denmark","LUXURYBET168","LUXURYBET168 Update Saldo Realtime tanpa Tebak x Media and Advertising Conference Denmark","LUXURYBET168 tampil sebagai situs slot gacor resmi yang gampang diikuti dengan jalur login yang tidak muter-muter, ringkasan jackpot harian, dan catatan RTP yang jelas supaya denah permainannya kebaca.","<a href=""#"">LUXURYBET168</a> tampil sebagai situs slot gacor resmi yang gampang diikuti dengan jalur login yang tidak muter-muter, ringkasan jackpot harian, dan catatan RTP yang jelas supaya denah permainannya kebaca.","Intip slot gacor LUXURYBET168 hari ini","LUXURYBET168 merapikan info RTP dan jackpot slot gacor","Kabar pola maxwin 2026 di situs slot gacor LUXURYBET168","LUXURYBET168 hadirkan pilihan slot gacor dalam satu lobby","Update jackpot terkini slot gacor LUXURYBET168","Apakah pola maxwin di LUXURYBET168 wajib diikuti?","Bisakah pindah permainan slot gacor tanpa daftar ulang di LUXURYBET168?","Apakah slot gacor LUXURYBET168 nyaman di HP?","Bagaimana kalau meja slot gacor di LUXURYBET168 terasa dingin?","Apakah LUXURYBET168 situs slot gacor yang bisa dicoba hari ini?","Tidak wajib. Pola di LUXURYBET168 hanya referensi. Keputusan taruhan tetap di pemain, meja tetap bisa diganti kalau terasa sepi.","Bisa. Slot gacor LUXURYBET168 ada di satu akun. Ganti permainan tidak perlu login baru.","Nyaman. Lobby slot gacor LUXURYBET168 ringkas di HP, RTP dan jackpot tetap kebaca, sesi bisa dipotong kapan saja.","Pindah permainan di lobby yang sama. LUXURYBET168 tidak memaksa bertahan di satu meja kalau ritmenya tidak nyambung.","Ya. LUXURYBET168 menata slot gacor dalam satu lobby. Anda bisa cek RTP, pilih permainan, lalu main pelan tanpa pindah situs.","Saya tarik dari LUXURYBET168 setelah sesi slot gacor malam ini. Prosesnya rapi, tidak banyak tanya. Besok saya tidak maksa balik kalau mood tidak pas.","Saya chat LUXURYBET168 soal permainan yang RTP-nya tidak muncul. Dijawab singkat, lalu saya pilih slot gacor lain. Alurnya manusiawi, tidak bertele.","Saya bawa LUXURYBET168 dari browser ke HP, slot gacor-nya tetap ada. Jackpot yang tadi saya lihat masih kebaca. Tidak perlu akun kedua.","Saya set limit sebelum buka slot gacor LUXURYBET168. Pas nyentuh, saya berhenti meski masih ingin spin. Disiplin itu yang saya bawa dari sesi ini.","Saya buka LUXURYBET168 karena cari situs slot gacor yang denahnya jelas. RTP-nya kebaca, saya pilih satu permainan lalu main pelan. Habis ada naik tipis, saya tarik dan tidak nambah sesi.","Bayu Firmansyah","Arif Rahman","Hendra Gunawan","Alika Rahman","Aulia Zahra","LUXURYBET168 login","LUXURYBET168 daftar","Alternatif LUXURYBET168","LUXURYBET168 slot gacor","LUXURYBET168 terpercaya"
"customer-support-denmark","UNTUNG88","UNTUNG88 Yuk Rekap 30 Spin Lalu Stop x Customer Support Denmark","UNTUNG88 menghadirkan situs slot gacor dengan pintu masuk yang pendek dengan jalur login yang tidak muter-muter, ringkasan jackpot harian, dan catatan RTP yang jelas biar gak nyasar pindah situs.","<a href=""#"">UNTUNG88</a> menghadirkan situs slot gacor dengan pintu masuk yang pendek dengan jalur login yang tidak muter-muter, ringkasan jackpot harian, dan catatan RTP yang jelas biar gak nyasar pindah situs.","Yuk cek slot gacor UNTUNG88 hari ini","UNTUNG88 merapikan info RTP dan jackpot slot gacor","Kabar pola maxwin 2026 di situs slot gacor UNTUNG88","UNTUNG88 hadirkan pilihan slot gacor dalam satu lobby","Update jackpot terkini slot gacor UNTUNG88","Bisakah pindah permainan slot gacor tanpa daftar ulang di UNTUNG88?","Apakah slot gacor UNTUNG88 nyaman di HP?","Bagaimana kalau meja slot gacor di UNTUNG88 terasa dingin?","Apakah UNTUNG88 situs slot gacor yang bisa dicoba hari ini?","Bagaimana cara mulai main slot gacor di UNTUNG88?","Bisa. Slot gacor UNTUNG88 ada di satu akun. Ganti permainan tidak perlu login baru.","Nyaman. Lobby slot gacor UNTUNG88 ringkas di HP, RTP dan jackpot tetap kebaca, sesi bisa dipotong kapan saja.","Pindah permainan di lobby yang sama. UNTUNG88 tidak memaksa bertahan di satu meja kalau ritmenya tidak nyambung.","Ya. UNTUNG88 menata slot gacor dalam satu lobby. Anda bisa cek RTP, pilih permainan, lalu main pelan tanpa pindah situs.","Masuk UNTUNG88, pilih permainan slot gacor yang ingin dijajal, mulai dengan taruhan kecil. RTP dan info jackpot ada sebelum sesi berjalan.","Saya coba slot gacor di UNTUNG88 dengan taruhan kecil dulu. Pola yang tampil saya anggap catatan, bukan jaminan. Sesi itu cukup buat ngerasain mejanya, lalu saya tutup.","Saya lihat info jackpot di UNTUNG88 sebelum spin. Bukan angka gila, tapi cukup buat nentuin mau lanjut atau pindah. Slot gacor-nya terasa rapi, tidak berisik.","Saya pindah permainan slot gacor di UNTUNG88 setelah yang pertama sepi. Lobby-nya satu pintu, gak logout. RTP meja kedua lebih nyambung, saya stop pas sudah plus tipis.","Saya main slot gacor UNTUNG88 di HP sambil nunggu. Grafiknya ringan, jackpot dan RTP tetap kelihatan. Sesi pendek, saya tidak dipaksa gas besar.","Saya sempat ragu pola maxwin di UNTUNG88. Setelah dicoba, itu hanya panduan. Yang saya pakai justru pilih meja pelan dan tarik begitu sudah cukup.","Ayu Rahma","Andi Saputra","Lina Kartika","Arif Rahman","Budi Hartono","UNTUNG88 login","UNTUNG88 daftar","Alternatif UNTUNG88","UNTUNG88 link login","UNTUNG88 slot online"
"ticket-sales-denmark","RANTAI88","RANTAI88 Jangan Lewatkan WD Subuh yang Masih Diproses x Ticket Sales Denmark","RANTAI88 siap dipakai sebagai situs slot gacor untuk main pelan hari ini dengan koleksi slot gacor dari beberapa provider, kabar jackpot terkini, dan RTP yang bisa dicek dengan bantuan yang tetap bisa dihubungi.","<a href=""#"">RANTAI88</a> siap dipakai sebagai situs slot gacor untuk main pelan hari ini dengan koleksi slot gacor dari beberapa provider, kabar jackpot terkini, dan RTP yang bisa dicek dengan bantuan yang tetap bisa dihubungi.","Jangan lewatkan slot gacor RANTAI88 hari ini","RANTAI88 merapikan info RTP dan jackpot slot gacor","Kabar pola maxwin 2026 di situs slot gacor RANTAI88","RANTAI88 hadirkan pilihan slot gacor dalam satu lobby","Update jackpot terkini slot gacor RANTAI88","Apakah slot gacor RANTAI88 nyaman di HP?","Bagaimana kalau meja slot gacor di RANTAI88 terasa dingin?","Apakah RANTAI88 situs slot gacor yang bisa dicoba hari ini?","Bagaimana cara mulai main slot gacor di RANTAI88?","Apakah RTP slot gacor di RANTAI88 bisa dilihat?","Nyaman. Lobby slot gacor RANTAI88 ringkas di HP, RTP dan jackpot tetap kebaca, sesi bisa dipotong kapan saja.","Pindah permainan di lobby yang sama. RANTAI88 tidak memaksa bertahan di satu meja kalau ritmenya tidak nyambung.","Ya. RANTAI88 menata slot gacor dalam satu lobby. Anda bisa cek RTP, pilih permainan, lalu main pelan tanpa pindah situs.","Masuk RANTAI88, pilih permainan slot gacor yang ingin dijajal, mulai dengan taruhan kecil. RTP dan info jackpot ada sebelum sesi berjalan.","Bisa. RANTAI88 menampilkan ringkasan RTP supaya pemain punya acuan pilih meja, bukan janji menang terus.","Saya daftar RANTAI88 lalu langsung ke slot gacor, tidak muter halaman. Info jackpot 2026-nya kebaca. Saya kunci sesi sebelum jadi lama.","Saya banding RTP beberapa permainan di RANTAI88. Yang lebih tinggi saya jajal dulu. Slot gacor-nya tidak janji menang terus, dan itu yang bikin saya tenang.","Saya tarik dari RANTAI88 setelah sesi slot gacor malam ini. Prosesnya rapi, tidak banyak tanya. Besok saya tidak maksa balik kalau mood tidak pas.","Saya chat RANTAI88 soal permainan yang RTP-nya tidak muncul. Dijawab singkat, lalu saya pilih slot gacor lain. Alurnya manusiawi, tidak bertele.","Saya bawa RANTAI88 dari browser ke HP, slot gacor-nya tetap ada. Jackpot yang tadi saya lihat masih kebaca. Tidak perlu akun kedua.","Ayu Rahma","Agus Wijaya","Bayu Firmansyah","Rafi Maulana","Maya Sari","RANTAI88 login","RANTAI88 daftar","Alternatif RANTAI88","RANTAI88 slot","RANTAI88 rtp"
"upcoming-conferences-denmark","SAWER4D","SAWER4D Hadir di Meja Fortune Tiger yang Ringan x Upcoming Conferences Denmark","SAWER4D berdiri sebagai situs slot gacor yang menata permainan dalam satu lobby dengan koleksi slot gacor dari beberapa provider, kabar jackpot terkini, dan RTP yang bisa dicek untuk main di HP maupun browser.","<a href=""#"">SAWER4D</a> berdiri sebagai situs slot gacor yang menata permainan dalam satu lobby dengan koleksi slot gacor dari beberapa provider, kabar jackpot terkini, dan RTP yang bisa dicek untuk main di HP maupun browser.","Kabar slot gacor SAWER4D hari ini","SAWER4D merapikan info RTP dan jackpot slot gacor","Kabar pola maxwin 2026 di situs slot gacor SAWER4D","SAWER4D hadirkan pilihan slot gacor dalam satu lobby","Update jackpot terkini slot gacor SAWER4D","Bagaimana kalau meja slot gacor di SAWER4D terasa dingin?","Apakah SAWER4D situs slot gacor yang bisa dicoba hari ini?","Bagaimana cara mulai main slot gacor di SAWER4D?","Apakah RTP slot gacor di SAWER4D bisa dilihat?","Bagaimana info jackpot di SAWER4D diperbarui?","Pindah permainan di lobby yang sama. SAWER4D tidak memaksa bertahan di satu meja kalau ritmenya tidak nyambung.","Ya. SAWER4D menata slot gacor dalam satu lobby. Anda bisa cek RTP, pilih permainan, lalu main pelan tanpa pindah situs.","Masuk SAWER4D, pilih permainan slot gacor yang ingin dijajal, mulai dengan taruhan kecil. RTP dan info jackpot ada sebelum sesi berjalan.","Bisa. SAWER4D menampilkan ringkasan RTP supaya pemain punya acuan pilih meja, bukan janji menang terus.","Informasi jackpot di SAWER4D disusun agar kebaca sebelum main. Angkanya jadi pantauan, bukan slogan di judul.","Saya set limit sebelum buka slot gacor SAWER4D. Pas nyentuh, saya berhenti meski masih ingin spin. Disiplin itu yang saya bawa dari sesi ini.","Saya buka SAWER4D karena cari situs slot gacor yang denahnya jelas. RTP-nya kebaca, saya pilih satu permainan lalu main pelan. Habis ada naik tipis, saya tarik dan tidak nambah sesi.","Saya coba slot gacor di SAWER4D dengan taruhan kecil dulu. Pola yang tampil saya anggap catatan, bukan jaminan. Sesi itu cukup buat ngerasain mejanya, lalu saya tutup.","Saya lihat info jackpot di SAWER4D sebelum spin. Bukan angka gila, tapi cukup buat nentuin mau lanjut atau pindah. Slot gacor-nya terasa rapi, tidak berisik.","Saya pindah permainan slot gacor di SAWER4D setelah yang pertama sepi. Lobby-nya satu pintu, gak logout. RTP meja kedua lebih nyambung, saya stop pas sudah plus tipis.","Arif Rahman","Budi Hartono","Putri Ayu","Yoga Prasetyo","Alika Rahman","SAWER4D login","SAWER4D daftar","Alternatif SAWER4D","SAWER4D link","SAWER4D masuk"
"why-attend-denmark","PRADA4D","PRADA4D Sesi Nunggu Charging Sempet Tarik x Why Attend Denmark","PRADA4D hadir sebagai situs slot gacor gampang menang hari ini dengan link pola maxwin terbaru 2026, kabar jackpot terkini, dan RTP yang bisa dicek.","<a href=""#"">PRADA4D</a> hadir sebagai situs slot gacor gampang menang hari ini dengan link pola maxwin terbaru 2026, kabar jackpot terkini, dan RTP yang bisa dicek.","Update slot gacor PRADA4D hari ini","PRADA4D merapikan info RTP dan jackpot slot gacor","Kabar pola maxwin 2026 di situs slot gacor PRADA4D","PRADA4D hadirkan pilihan slot gacor dalam satu lobby","Update jackpot terkini slot gacor PRADA4D","Apakah PRADA4D situs slot gacor yang bisa dicoba hari ini?","Bagaimana cara mulai main slot gacor di PRADA4D?","Apakah RTP slot gacor di PRADA4D bisa dilihat?","Bagaimana info jackpot di PRADA4D diperbarui?","Apakah pola maxwin di PRADA4D wajib diikuti?","Ya. PRADA4D menata slot gacor dalam satu lobby. Anda bisa cek RTP, pilih permainan, lalu main pelan tanpa pindah situs.","Masuk PRADA4D, pilih permainan slot gacor yang ingin dijajal, mulai dengan taruhan kecil. RTP dan info jackpot ada sebelum sesi berjalan.","Bisa. PRADA4D menampilkan ringkasan RTP supaya pemain punya acuan pilih meja, bukan janji menang terus.","Informasi jackpot di PRADA4D disusun agar kebaca sebelum main. Angkanya jadi pantauan, bukan slogan di judul.","Tidak wajib. Pola di PRADA4D hanya referensi. Keputusan taruhan tetap di pemain, meja tetap bisa diganti kalau terasa sepi.","Saya main slot gacor PRADA4D di HP sambil nunggu. Grafiknya ringan, jackpot dan RTP tetap kelihatan. Sesi pendek, saya tidak dipaksa gas besar.","Saya sempat ragu pola maxwin di PRADA4D. Setelah dicoba, itu hanya panduan. Yang saya pakai justru pilih meja pelan dan tarik begitu sudah cukup.","Saya daftar PRADA4D lalu langsung ke slot gacor, tidak muter halaman. Info jackpot 2026-nya kebaca. Saya kunci sesi sebelum jadi lama.","Saya banding RTP beberapa permainan di PRADA4D. Yang lebih tinggi saya jajal dulu. Slot gacor-nya tidak janji menang terus, dan itu yang bikin saya tenang.","Saya tarik dari PRADA4D setelah sesi slot gacor malam ini. Prosesnya rapi, tidak banyak tanya. Besok saya tidak maksa balik kalau mood tidak pas.","Fajar Nugroho","Eko Santoso","Hendra Gunawan","Nisa Fadilah","Ayu Rahma","PRADA4D login","PRADA4D daftar","Alternatif PRADA4D","PRADA4D official","PRADA4D apk"
"agenda-denmark","EGO777","EGO777 Kabar Pop-up yang Gak Nutupin Spin x Agenda Denmark","EGO777 dikenal sebagai situs slot gacor yang nyaman dijajal hari ini dengan link pola maxwin terbaru 2026, info jackpot yang diperbarui, dan RTP yang transparan tanpa banyak slogan.","<a href=""#"">EGO777</a> dikenal sebagai situs slot gacor yang nyaman dijajal hari ini dengan link pola maxwin terbaru 2026, info jackpot yang diperbarui, dan RTP yang transparan tanpa banyak slogan.","Intip slot gacor EGO777 hari ini","EGO777 merapikan info RTP dan jackpot slot gacor","Kabar pola maxwin 2026 di situs slot gacor EGO777","EGO777 hadirkan pilihan slot gacor dalam satu lobby","Update jackpot terkini slot gacor EGO777","Bagaimana cara mulai main slot gacor di EGO777?","Apakah RTP slot gacor di EGO777 bisa dilihat?","Bagaimana info jackpot di EGO777 diperbarui?","Apakah pola maxwin di EGO777 wajib diikuti?","Bisakah pindah permainan slot gacor tanpa daftar ulang di EGO777?","Masuk EGO777, pilih permainan slot gacor yang ingin dijajal, mulai dengan taruhan kecil. RTP dan info jackpot ada sebelum sesi berjalan.","Bisa. EGO777 menampilkan ringkasan RTP supaya pemain punya acuan pilih meja, bukan janji menang terus.","Informasi jackpot di EGO777 disusun agar kebaca sebelum main. Angkanya jadi pantauan, bukan slogan di judul.","Tidak wajib. Pola di EGO777 hanya referensi. Keputusan taruhan tetap di pemain, meja tetap bisa diganti kalau terasa sepi.","Bisa. Slot gacor EGO777 ada di satu akun. Ganti permainan tidak perlu login baru.","Saya chat EGO777 soal permainan yang RTP-nya tidak muncul. Dijawab singkat, lalu saya pilih slot gacor lain. Alurnya manusiawi, tidak bertele.","Saya bawa EGO777 dari browser ke HP, slot gacor-nya tetap ada. Jackpot yang tadi saya lihat masih kebaca. Tidak perlu akun kedua.","Saya set limit sebelum buka slot gacor EGO777. Pas nyentuh, saya berhenti meski masih ingin spin. Disiplin itu yang saya bawa dari sesi ini.","Saya buka EGO777 karena cari situs slot gacor yang denahnya jelas. RTP-nya kebaca, saya pilih satu permainan lalu main pelan. Habis ada naik tipis, saya tarik dan tidak nambah sesi.","Saya coba slot gacor di EGO777 dengan taruhan kecil dulu. Pola yang tampil saya anggap catatan, bukan jaminan. Sesi itu cukup buat ngerasain mejanya, lalu saya tutup.","Mutiara Kartika","Dinda Lestari","Rafi Maulana","Arif Rahman","Hendra Gunawan","EGO777 login","EGO777 daftar","Alternatif EGO777","link alternatif EGO777","EGO777 wap"
"venue-denmark","HARUM777","HARUM777 Coba Pindah Provider bukan Ngejar x Venue Denmark","HARUM777 menjadi pilihan situs slot gacor buat sesi harian dengan pembaruan pola main yang dibahas tahun 2026, info jackpot yang diperbarui, dan RTP yang transparan untuk pemain yang mau coba dulu.","<a href=""#"">HARUM777</a> menjadi pilihan situs slot gacor buat sesi harian dengan pembaruan pola main yang dibahas tahun 2026, info jackpot yang diperbarui, dan RTP yang transparan untuk pemain yang mau coba dulu.","Yuk cek slot gacor HARUM777 hari ini","HARUM777 merapikan info RTP dan jackpot slot gacor","Kabar pola maxwin 2026 di situs slot gacor HARUM777","HARUM777 hadirkan pilihan slot gacor dalam satu lobby","Update jackpot terkini slot gacor HARUM777","Apakah RTP slot gacor di HARUM777 bisa dilihat?","Bagaimana info jackpot di HARUM777 diperbarui?","Apakah pola maxwin di HARUM777 wajib diikuti?","Bisakah pindah permainan slot gacor tanpa daftar ulang di HARUM777?","Apakah slot gacor HARUM777 nyaman di HP?","Bisa. HARUM777 menampilkan ringkasan RTP supaya pemain punya acuan pilih meja, bukan janji menang terus.","Informasi jackpot di HARUM777 disusun agar kebaca sebelum main. Angkanya jadi pantauan, bukan slogan di judul.","Tidak wajib. Pola di HARUM777 hanya referensi. Keputusan taruhan tetap di pemain, meja tetap bisa diganti kalau terasa sepi.","Bisa. Slot gacor HARUM777 ada di satu akun. Ganti permainan tidak perlu login baru.","Nyaman. Lobby slot gacor HARUM777 ringkas di HP, RTP dan jackpot tetap kebaca, sesi bisa dipotong kapan saja.","Saya lihat info jackpot di HARUM777 sebelum spin. Bukan angka gila, tapi cukup buat nentuin mau lanjut atau pindah. Slot gacor-nya terasa rapi, tidak berisik.","Saya pindah permainan slot gacor di HARUM777 setelah yang pertama sepi. Lobby-nya satu pintu, gak logout. RTP meja kedua lebih nyambung, saya stop pas sudah plus tipis.","Saya main slot gacor HARUM777 di HP sambil nunggu. Grafiknya ringan, jackpot dan RTP tetap kelihatan. Sesi pendek, saya tidak dipaksa gas besar.","Saya sempat ragu pola maxwin di HARUM777. Setelah dicoba, itu hanya panduan. Yang saya pakai justru pilih meja pelan dan tarik begitu sudah cukup.","Saya daftar HARUM777 lalu langsung ke slot gacor, tidak muter halaman. Info jackpot 2026-nya kebaca. Saya kunci sesi sebelum jadi lama.","Dimas Kurniawan","Ilham Ramadhan","Maya Sari","Agus Wijaya","Ayu Rahma","HARUM777 login","HARUM777 daftar","Alternatif HARUM777","HARUM777 gacor","situs HARUM777"
"partners-denmark","OLXTOTO","OLXTOTO Update Akun VIP tanpa Syarat Aneh x Partners Denmark","OLXTOTO menyediakan akses situs slot gacor dengan alur yang ringkas dengan pembaruan pola main yang dibahas tahun 2026, info jackpot yang diperbarui, dan RTP yang transparan dengan sesi yang bisa ditutup kapan saja.","<a href=""#"">OLXTOTO</a> menyediakan akses situs slot gacor dengan alur yang ringkas dengan pembaruan pola main yang dibahas tahun 2026, info jackpot yang diperbarui, dan RTP yang transparan dengan sesi yang bisa ditutup kapan saja.","Jangan lewatkan slot gacor OLXTOTO hari ini","OLXTOTO merapikan info RTP dan jackpot slot gacor","Kabar pola maxwin 2026 di situs slot gacor OLXTOTO","OLXTOTO hadirkan pilihan slot gacor dalam satu lobby","Update jackpot terkini slot gacor OLXTOTO","Bagaimana info jackpot di OLXTOTO diperbarui?","Apakah pola maxwin di OLXTOTO wajib diikuti?","Bisakah pindah permainan slot gacor tanpa daftar ulang di OLXTOTO?","Apakah slot gacor OLXTOTO nyaman di HP?","Bagaimana kalau meja slot gacor di OLXTOTO terasa dingin?","Informasi jackpot di OLXTOTO disusun agar kebaca sebelum main. Angkanya jadi pantauan, bukan slogan di judul.","Tidak wajib. Pola di OLXTOTO hanya referensi. Keputusan taruhan tetap di pemain, meja tetap bisa diganti kalau terasa sepi.","Bisa. Slot gacor OLXTOTO ada di satu akun. Ganti permainan tidak perlu login baru.","Nyaman. Lobby slot gacor OLXTOTO ringkas di HP, RTP dan jackpot tetap kebaca, sesi bisa dipotong kapan saja.","Pindah permainan di lobby yang sama. OLXTOTO tidak memaksa bertahan di satu meja kalau ritmenya tidak nyambung.","Saya banding RTP beberapa permainan di OLXTOTO. Yang lebih tinggi saya jajal dulu. Slot gacor-nya tidak janji menang terus, dan itu yang bikin saya tenang.","Saya tarik dari OLXTOTO setelah sesi slot gacor malam ini. Prosesnya rapi, tidak banyak tanya. Besok saya tidak maksa balik kalau mood tidak pas.","Saya chat OLXTOTO soal permainan yang RTP-nya tidak muncul. Dijawab singkat, lalu saya pilih slot gacor lain. Alurnya manusiawi, tidak bertele.","Saya bawa OLXTOTO dari browser ke HP, slot gacor-nya tetap ada. Jackpot yang tadi saya lihat masih kebaca. Tidak perlu akun kedua.","Saya set limit sebelum buka slot gacor OLXTOTO. Pas nyentuh, saya berhenti meski masih ingin spin. Disiplin itu yang saya bawa dari sesi ini.","Lina Kartika","Nisa Fadilah","Andi Saputra","Budi Hartono","Rafi Maulana","OLXTOTO login","OLXTOTO daftar","Alternatif OLXTOTO","OLXTOTO slot gacor","OLXTOTO terpercaya"
"sponsors-denmark","OVOBOS","OVOBOS Yuk Simpen Ss buat Diri Sendiri x Sponsors Denmark","OVOBOS tampil sebagai situs slot gacor resmi yang gampang diikuti dengan akses permainan slot gacor yang dirapikan, data RTP terkini, dan pantauan jackpot yang rapi supaya denah permainannya kebaca.","<a href=""#"">OVOBOS</a> tampil sebagai situs slot gacor resmi yang gampang diikuti dengan akses permainan slot gacor yang dirapikan, data RTP terkini, dan pantauan jackpot yang rapi supaya denah permainannya kebaca.","Kabar slot gacor OVOBOS hari ini","OVOBOS merapikan info RTP dan jackpot slot gacor","Kabar pola maxwin 2026 di situs slot gacor OVOBOS","OVOBOS hadirkan pilihan slot gacor dalam satu lobby","Update jackpot terkini slot gacor OVOBOS","Apakah pola maxwin di OVOBOS wajib diikuti?","Bisakah pindah permainan slot gacor tanpa daftar ulang di OVOBOS?","Apakah slot gacor OVOBOS nyaman di HP?","Bagaimana kalau meja slot gacor di OVOBOS terasa dingin?","Apakah OVOBOS situs slot gacor yang bisa dicoba hari ini?","Tidak wajib. Pola di OVOBOS hanya referensi. Keputusan taruhan tetap di pemain, meja tetap bisa diganti kalau terasa sepi.","Bisa. Slot gacor OVOBOS ada di satu akun. Ganti permainan tidak perlu login baru.","Nyaman. Lobby slot gacor OVOBOS ringkas di HP, RTP dan jackpot tetap kebaca, sesi bisa dipotong kapan saja.","Pindah permainan di lobby yang sama. OVOBOS tidak memaksa bertahan di satu meja kalau ritmenya tidak nyambung.","Ya. OVOBOS menata slot gacor dalam satu lobby. Anda bisa cek RTP, pilih permainan, lalu main pelan tanpa pindah situs.","Saya buka OVOBOS karena cari situs slot gacor yang denahnya jelas. RTP-nya kebaca, saya pilih satu permainan lalu main pelan. Habis ada naik tipis, saya tarik dan tidak nambah sesi.","Saya coba slot gacor di OVOBOS dengan taruhan kecil dulu. Pola yang tampil saya anggap catatan, bukan jaminan. Sesi itu cukup buat ngerasain mejanya, lalu saya tutup.","Saya lihat info jackpot di OVOBOS sebelum spin. Bukan angka gila, tapi cukup buat nentuin mau lanjut atau pindah. Slot gacor-nya terasa rapi, tidak berisik.","Saya pindah permainan slot gacor di OVOBOS setelah yang pertama sepi. Lobby-nya satu pintu, gak logout. RTP meja kedua lebih nyambung, saya stop pas sudah plus tipis.","Saya main slot gacor OVOBOS di HP sambil nunggu. Grafiknya ringan, jackpot dan RTP tetap kelihatan. Sesi pendek, saya tidak dipaksa gas besar.","Putri Ayu","Sinta Dewi","Fajar Nugroho","Dimas Kurniawan","Arif Rahman","OVOBOS login","OVOBOS daftar","Alternatif OVOBOS","OVOBOS link login","OVOBOS slot online"
"networking-denmark","AZTEC88","AZTEC88 Jangan Gas Pas Baru Bangun Tidur x Networking Denmark","AZTEC88 menghadirkan situs slot gacor dengan pintu masuk yang pendek dengan akses permainan slot gacor yang dirapikan, data RTP terkini, dan pantauan jackpot yang rapi biar gak nyasar pindah situs.","<a href=""#"">AZTEC88</a> menghadirkan situs slot gacor dengan pintu masuk yang pendek dengan akses permainan slot gacor yang dirapikan, data RTP terkini, dan pantauan jackpot yang rapi biar gak nyasar pindah situs.","Update slot gacor AZTEC88 hari ini","AZTEC88 merapikan info RTP dan jackpot slot gacor","Kabar pola maxwin 2026 di situs slot gacor AZTEC88","AZTEC88 hadirkan pilihan slot gacor dalam satu lobby","Update jackpot terkini slot gacor AZTEC88","Bisakah pindah permainan slot gacor tanpa daftar ulang di AZTEC88?","Apakah slot gacor AZTEC88 nyaman di HP?","Bagaimana kalau meja slot gacor di AZTEC88 terasa dingin?","Apakah AZTEC88 situs slot gacor yang bisa dicoba hari ini?","Bagaimana cara mulai main slot gacor di AZTEC88?","Bisa. Slot gacor AZTEC88 ada di satu akun. Ganti permainan tidak perlu login baru.","Nyaman. Lobby slot gacor AZTEC88 ringkas di HP, RTP dan jackpot tetap kebaca, sesi bisa dipotong kapan saja.","Pindah permainan di lobby yang sama. AZTEC88 tidak memaksa bertahan di satu meja kalau ritmenya tidak nyambung.","Ya. AZTEC88 menata slot gacor dalam satu lobby. Anda bisa cek RTP, pilih permainan, lalu main pelan tanpa pindah situs.","Masuk AZTEC88, pilih permainan slot gacor yang ingin dijajal, mulai dengan taruhan kecil. RTP dan info jackpot ada sebelum sesi berjalan.","Saya sempat ragu pola maxwin di AZTEC88. Setelah dicoba, itu hanya panduan. Yang saya pakai justru pilih meja pelan dan tarik begitu sudah cukup.","Saya daftar AZTEC88 lalu langsung ke slot gacor, tidak muter halaman. Info jackpot 2026-nya kebaca. Saya kunci sesi sebelum jadi lama.","Saya banding RTP beberapa permainan di AZTEC88. Yang lebih tinggi saya jajal dulu. Slot gacor-nya tidak janji menang terus, dan itu yang bikin saya tenang.","Saya tarik dari AZTEC88 setelah sesi slot gacor malam ini. Prosesnya rapi, tidak banyak tanya. Besok saya tidak maksa balik kalau mood tidak pas.","Saya chat AZTEC88 soal permainan yang RTP-nya tidak muncul. Dijawab singkat, lalu saya pilih slot gacor lain. Alurnya manusiawi, tidak bertele.","Nisa Fadilah","Aldi Salim","Dimas Kurniawan","Ayu Rahma","Rizky Pratama","AZTEC88 login","AZTEC88 daftar","Alternatif AZTEC88","AZTEC88 slot","AZTEC88 rtp"
"best-practices-denmark","KERATOTO","KERATOTO Hadir di Sesi Starlight Princess x Best Practices Denmark","KERATOTO siap dipakai sebagai situs slot gacor untuk main pelan hari ini dengan pilihan meja yang gampang dicari, data RTP terkini, dan pantauan jackpot yang rapi dengan bantuan yang tetap bisa dihubungi.","<a href=""#"">KERATOTO</a> siap dipakai sebagai situs slot gacor untuk main pelan hari ini dengan pilihan meja yang gampang dicari, data RTP terkini, dan pantauan jackpot yang rapi dengan bantuan yang tetap bisa dihubungi.","Intip slot gacor KERATOTO hari ini","KERATOTO merapikan info RTP dan jackpot slot gacor","Kabar pola maxwin 2026 di situs slot gacor KERATOTO","KERATOTO hadirkan pilihan slot gacor dalam satu lobby","Update jackpot terkini slot gacor KERATOTO","Apakah slot gacor KERATOTO nyaman di HP?","Bagaimana kalau meja slot gacor di KERATOTO terasa dingin?","Apakah KERATOTO situs slot gacor yang bisa dicoba hari ini?","Bagaimana cara mulai main slot gacor di KERATOTO?","Apakah RTP slot gacor di KERATOTO bisa dilihat?","Nyaman. Lobby slot gacor KERATOTO ringkas di HP, RTP dan jackpot tetap kebaca, sesi bisa dipotong kapan saja.","Pindah permainan di lobby yang sama. KERATOTO tidak memaksa bertahan di satu meja kalau ritmenya tidak nyambung.","Ya. KERATOTO menata slot gacor dalam satu lobby. Anda bisa cek RTP, pilih permainan, lalu main pelan tanpa pindah situs.","Masuk KERATOTO, pilih permainan slot gacor yang ingin dijajal, mulai dengan taruhan kecil. RTP dan info jackpot ada sebelum sesi berjalan.","Bisa. KERATOTO menampilkan ringkasan RTP supaya pemain punya acuan pilih meja, bukan janji menang terus.","Saya bawa KERATOTO dari browser ke HP, slot gacor-nya tetap ada. Jackpot yang tadi saya lihat masih kebaca. Tidak perlu akun kedua.","Saya set limit sebelum buka slot gacor KERATOTO. Pas nyentuh, saya berhenti meski masih ingin spin. Disiplin itu yang saya bawa dari sesi ini.","Saya buka KERATOTO karena cari situs slot gacor yang denahnya jelas. RTP-nya kebaca, saya pilih satu permainan lalu main pelan. Habis ada naik tipis, saya tarik dan tidak nambah sesi.","Saya coba slot gacor di KERATOTO dengan taruhan kecil dulu. Pola yang tampil saya anggap catatan, bukan jaminan. Sesi itu cukup buat ngerasain mejanya, lalu saya tutup.","Saya lihat info jackpot di KERATOTO sebelum spin. Bukan angka gila, tapi cukup buat nentuin mau lanjut atau pindah. Slot gacor-nya terasa rapi, tidak berisik.","Nadia Putri","Nisa Fadilah","Yoga Prasetyo","Bayu Firmansyah","Fajar Nugroho","KERATOTO login","KERATOTO daftar","Alternatif KERATOTO","KERATOTO link","KERATOTO masuk"
"latest-trends-denmark","WASIAT4D","WASIAT4D Sesi Teras Hujan Kopi Anget x Latest Trends Denmark","WASIAT4D berdiri sebagai situs slot gacor yang menata permainan dalam satu lobby dengan pilihan meja yang gampang dicari, update jackpot 2026, dan RTP yang tidak disembunyiin untuk main di HP maupun browser.","<a href=""#"">WASIAT4D</a> berdiri sebagai situs slot gacor yang menata permainan dalam satu lobby dengan pilihan meja yang gampang dicari, update jackpot 2026, dan RTP yang tidak disembunyiin untuk main di HP maupun browser.","Yuk cek slot gacor WASIAT4D hari ini","WASIAT4D merapikan info RTP dan jackpot slot gacor","Kabar pola maxwin 2026 di situs slot gacor WASIAT4D","WASIAT4D hadirkan pilihan slot gacor dalam satu lobby","Update jackpot terkini slot gacor WASIAT4D","Bagaimana kalau meja slot gacor di WASIAT4D terasa dingin?","Apakah WASIAT4D situs slot gacor yang bisa dicoba hari ini?","Bagaimana cara mulai main slot gacor di WASIAT4D?","Apakah RTP slot gacor di WASIAT4D bisa dilihat?","Bagaimana info jackpot di WASIAT4D diperbarui?","Pindah permainan di lobby yang sama. WASIAT4D tidak memaksa bertahan di satu meja kalau ritmenya tidak nyambung.","Ya. WASIAT4D menata slot gacor dalam satu lobby. Anda bisa cek RTP, pilih permainan, lalu main pelan tanpa pindah situs.","Masuk WASIAT4D, pilih permainan slot gacor yang ingin dijajal, mulai dengan taruhan kecil. RTP dan info jackpot ada sebelum sesi berjalan.","Bisa. WASIAT4D menampilkan ringkasan RTP supaya pemain punya acuan pilih meja, bukan janji menang terus.","Informasi jackpot di WASIAT4D disusun agar kebaca sebelum main. Angkanya jadi pantauan, bukan slogan di judul.","Saya pindah permainan slot gacor di WASIAT4D setelah yang pertama sepi. Lobby-nya satu pintu, gak logout. RTP meja kedua lebih nyambung, saya stop pas sudah plus tipis.","Saya main slot gacor WASIAT4D di HP sambil nunggu. Grafiknya ringan, jackpot dan RTP tetap kelihatan. Sesi pendek, saya tidak dipaksa gas besar.","Saya sempat ragu pola maxwin di WASIAT4D. Setelah dicoba, itu hanya panduan. Yang saya pakai justru pilih meja pelan dan tarik begitu sudah cukup.","Saya daftar WASIAT4D lalu langsung ke slot gacor, tidak muter halaman. Info jackpot 2026-nya kebaca. Saya kunci sesi sebelum jadi lama.","Saya banding RTP beberapa permainan di WASIAT4D. Yang lebih tinggi saya jajal dulu. Slot gacor-nya tidak janji menang terus, dan itu yang bikin saya tenang.","Budi Hartono","Nadia Putri","Agus Wijaya","Ilham Ramadhan","Dewi Anggraini","WASIAT4D login","WASIAT4D daftar","Alternatif WASIAT4D","WASIAT4D official","WASIAT4D apk"
"aarhus-branding-events-denmark","MEDIASLOT78","MEDIASLOT78 Kabar Reconnect yang Gak Hangusin Spin x Aarhus Branding Events Denmark","MEDIASLOT78 hadir sebagai situs slot gacor gampang menang hari ini dengan info RTP yang kebaca sebelum mulai, update jackpot 2026, dan RTP yang tidak disembunyiin.","<a href=""#"">MEDIASLOT78</a> hadir sebagai situs slot gacor gampang menang hari ini dengan info RTP yang kebaca sebelum mulai, update jackpot 2026, dan RTP yang tidak disembunyiin.","Jangan lewatkan slot gacor MEDIASLOT78 hari ini","MEDIASLOT78 merapikan info RTP dan jackpot slot gacor","Kabar pola maxwin 2026 di situs slot gacor MEDIASLOT78","MEDIASLOT78 hadirkan pilihan slot gacor dalam satu lobby","Update jackpot terkini slot gacor MEDIASLOT78","Apakah MEDIASLOT78 situs slot gacor yang bisa dicoba hari ini?","Bagaimana cara mulai main slot gacor di MEDIASLOT78?","Apakah RTP slot gacor di MEDIASLOT78 bisa dilihat?","Bagaimana info jackpot di MEDIASLOT78 diperbarui?","Apakah pola maxwin di MEDIASLOT78 wajib diikuti?","Ya. MEDIASLOT78 menata slot gacor dalam satu lobby. Anda bisa cek RTP, pilih permainan, lalu main pelan tanpa pindah situs.","Masuk MEDIASLOT78, pilih permainan slot gacor yang ingin dijajal, mulai dengan taruhan kecil. RTP dan info jackpot ada sebelum sesi berjalan.","Bisa. MEDIASLOT78 menampilkan ringkasan RTP supaya pemain punya acuan pilih meja, bukan janji menang terus.","Informasi jackpot di MEDIASLOT78 disusun agar kebaca sebelum main. Angkanya jadi pantauan, bukan slogan di judul.","Tidak wajib. Pola di MEDIASLOT78 hanya referensi. Keputusan taruhan tetap di pemain, meja tetap bisa diganti kalau terasa sepi.","Saya tarik dari MEDIASLOT78 setelah sesi slot gacor malam ini. Prosesnya rapi, tidak banyak tanya. Besok saya tidak maksa balik kalau mood tidak pas.","Saya chat MEDIASLOT78 soal permainan yang RTP-nya tidak muncul. Dijawab singkat, lalu saya pilih slot gacor lain. Alurnya manusiawi, tidak bertele.","Saya bawa MEDIASLOT78 dari browser ke HP, slot gacor-nya tetap ada. Jackpot yang tadi saya lihat masih kebaca. Tidak perlu akun kedua.","Saya set limit sebelum buka slot gacor MEDIASLOT78. Pas nyentuh, saya berhenti meski masih ingin spin. Disiplin itu yang saya bawa dari sesi ini.","Saya buka MEDIASLOT78 karena cari situs slot gacor yang denahnya jelas. RTP-nya kebaca, saya pilih satu permainan lalu main pelan. Habis ada naik tipis, saya tarik dan tidak nambah sesi.","Nisa Fadilah","Budi Hartono","Ilham Ramadhan","Rafi Maulana","Alika Rahman","MEDIASLOT78 login","MEDIASLOT78 daftar","Alternatif MEDIASLOT78","link alternatif MEDIASLOT78","MEDIASLOT78 wap"
"aarhus-e-commerce-events-denmark","SIS4D","SIS4D Coba Satu Provider Saja Malam Ini x Aarhus E-Commerce Events Denmark","SIS4D dikenal sebagai situs slot gacor yang nyaman dijajal hari ini dengan info RTP yang kebaca sebelum mulai, update jackpot 2026, dan RTP yang tidak disembunyiin tanpa banyak slogan.","<a href=""#"">SIS4D</a> dikenal sebagai situs slot gacor yang nyaman dijajal hari ini dengan info RTP yang kebaca sebelum mulai, update jackpot 2026, dan RTP yang tidak disembunyiin tanpa banyak slogan.","Kabar slot gacor SIS4D hari ini","SIS4D merapikan info RTP dan jackpot slot gacor","Kabar pola maxwin 2026 di situs slot gacor SIS4D","SIS4D hadirkan pilihan slot gacor dalam satu lobby","Update jackpot terkini slot gacor SIS4D","Bagaimana cara mulai main slot gacor di SIS4D?","Apakah RTP slot gacor di SIS4D bisa dilihat?","Bagaimana info jackpot di SIS4D diperbarui?","Apakah pola maxwin di SIS4D wajib diikuti?","Bisakah pindah permainan slot gacor tanpa daftar ulang di SIS4D?","Masuk SIS4D, pilih permainan slot gacor yang ingin dijajal, mulai dengan taruhan kecil. RTP dan info jackpot ada sebelum sesi berjalan.","Bisa. SIS4D menampilkan ringkasan RTP supaya pemain punya acuan pilih meja, bukan janji menang terus.","Informasi jackpot di SIS4D disusun agar kebaca sebelum main. Angkanya jadi pantauan, bukan slogan di judul.","Tidak wajib. Pola di SIS4D hanya referensi. Keputusan taruhan tetap di pemain, meja tetap bisa diganti kalau terasa sepi.","Bisa. Slot gacor SIS4D ada di satu akun. Ganti permainan tidak perlu login baru.","Saya coba slot gacor di SIS4D dengan taruhan kecil dulu. Pola yang tampil saya anggap catatan, bukan jaminan. Sesi itu cukup buat ngerasain mejanya, lalu saya tutup.","Saya lihat info jackpot di SIS4D sebelum spin. Bukan angka gila, tapi cukup buat nentuin mau lanjut atau pindah. Slot gacor-nya terasa rapi, tidak berisik.","Saya pindah permainan slot gacor di SIS4D setelah yang pertama sepi. Lobby-nya satu pintu, gak logout. RTP meja kedua lebih nyambung, saya stop pas sudah plus tipis.","Saya main slot gacor SIS4D di HP sambil nunggu. Grafiknya ringan, jackpot dan RTP tetap kelihatan. Sesi pendek, saya tidak dipaksa gas besar.","Saya sempat ragu pola maxwin di SIS4D. Setelah dicoba, itu hanya panduan. Yang saya pakai justru pilih meja pelan dan tarik begitu sudah cukup.","Rina Wulandari","Arif Rahman","Fajar Nugroho","Mutiara Kartika","Andi Saputra","SIS4D login","SIS4D daftar","Alternatif SIS4D","SIS4D gacor","situs SIS4D"
"aarhus-digital-media-events-denmark","HARTA11","HARTA11 Update Live Slot yang Gak Logout x Aarhus Digital Media Events Denmark","HARTA11 menjadi pilihan situs slot gacor buat sesi harian dengan katalog permainan yang tidak tercecer, informasi jackpot yang mudah dibaca, dan RTP yang membantu pilih meja untuk pemain yang mau coba dulu.","<a href=""#"">HARTA11</a> menjadi pilihan situs slot gacor buat sesi harian dengan katalog permainan yang tidak tercecer, informasi jackpot yang mudah dibaca, dan RTP yang membantu pilih meja untuk pemain yang mau coba dulu.","Update slot gacor HARTA11 hari ini","HARTA11 merapikan info RTP dan jackpot slot gacor","Kabar pola maxwin 2026 di situs slot gacor HARTA11","HARTA11 hadirkan pilihan slot gacor dalam satu lobby","Update jackpot terkini slot gacor HARTA11","Apakah RTP slot gacor di HARTA11 bisa dilihat?","Bagaimana info jackpot di HARTA11 diperbarui?","Apakah pola maxwin di HARTA11 wajib diikuti?","Bisakah pindah permainan slot gacor tanpa daftar ulang di HARTA11?","Apakah slot gacor HARTA11 nyaman di HP?","Bisa. HARTA11 menampilkan ringkasan RTP supaya pemain punya acuan pilih meja, bukan janji menang terus.","Informasi jackpot di HARTA11 disusun agar kebaca sebelum main. Angkanya jadi pantauan, bukan slogan di judul.","Tidak wajib. Pola di HARTA11 hanya referensi. Keputusan taruhan tetap di pemain, meja tetap bisa diganti kalau terasa sepi.","Bisa. Slot gacor HARTA11 ada di satu akun. Ganti permainan tidak perlu login baru.","Nyaman. Lobby slot gacor HARTA11 ringkas di HP, RTP dan jackpot tetap kebaca, sesi bisa dipotong kapan saja.","Saya daftar HARTA11 lalu langsung ke slot gacor, tidak muter halaman. Info jackpot 2026-nya kebaca. Saya kunci sesi sebelum jadi lama.","Saya banding RTP beberapa permainan di HARTA11. Yang lebih tinggi saya jajal dulu. Slot gacor-nya tidak janji menang terus, dan itu yang bikin saya tenang.","Saya tarik dari HARTA11 setelah sesi slot gacor malam ini. Prosesnya rapi, tidak banyak tanya. Besok saya tidak maksa balik kalau mood tidak pas.","Saya chat HARTA11 soal permainan yang RTP-nya tidak muncul. Dijawab singkat, lalu saya pilih slot gacor lain. Alurnya manusiawi, tidak bertele.","Saya bawa HARTA11 dari browser ke HP, slot gacor-nya tetap ada. Jackpot yang tadi saya lihat masih kebaca. Tidak perlu akun kedua.","Maya Sari","Andi Saputra","Fajar Nugroho","Arif Rahman","Dewi Anggraini","HARTA11 login","HARTA11 daftar","Alternatif HARTA11","HARTA11 slot gacor","HARTA11 terpercaya"
"aarhus-marketing-events-denmark","TOPANHOKI","TOPANHOKI Yuk Tutup HP Jauh-Jauh Abis Plus x Aarhus Marketing Events Denmark","TOPANHOKI menyediakan akses situs slot gacor dengan alur yang ringkas dengan katalog permainan yang tidak tercecer, informasi jackpot yang mudah dibaca, dan RTP yang membantu pilih meja dengan sesi yang bisa ditutup kapan saja.","<a href=""#"">TOPANHOKI</a> menyediakan akses situs slot gacor dengan alur yang ringkas dengan katalog permainan yang tidak tercecer, informasi jackpot yang mudah dibaca, dan RTP yang membantu pilih meja dengan sesi yang bisa ditutup kapan saja.","Intip slot gacor TOPANHOKI hari ini","TOPANHOKI merapikan info RTP dan jackpot slot gacor","Kabar pola maxwin 2026 di situs slot gacor TOPANHOKI","TOPANHOKI hadirkan pilihan slot gacor dalam satu lobby","Update jackpot terkini slot gacor TOPANHOKI","Bagaimana info jackpot di TOPANHOKI diperbarui?","Apakah pola maxwin di TOPANHOKI wajib diikuti?","Bisakah pindah permainan slot gacor tanpa daftar ulang di TOPANHOKI?","Apakah slot gacor TOPANHOKI nyaman di HP?","Bagaimana kalau meja slot gacor di TOPANHOKI terasa dingin?","Informasi jackpot di TOPANHOKI disusun agar kebaca sebelum main. Angkanya jadi pantauan, bukan slogan di judul.","Tidak wajib. Pola di TOPANHOKI hanya referensi. Keputusan taruhan tetap di pemain, meja tetap bisa diganti kalau terasa sepi.","Bisa. Slot gacor TOPANHOKI ada di satu akun. Ganti permainan tidak perlu login baru.","Nyaman. Lobby slot gacor TOPANHOKI ringkas di HP, RTP dan jackpot tetap kebaca, sesi bisa dipotong kapan saja.","Pindah permainan di lobby yang sama. TOPANHOKI tidak memaksa bertahan di satu meja kalau ritmenya tidak nyambung.","Saya set limit sebelum buka slot gacor TOPANHOKI. Pas nyentuh, saya berhenti meski masih ingin spin. Disiplin itu yang saya bawa dari sesi ini.","Saya buka TOPANHOKI karena cari situs slot gacor yang denahnya jelas. RTP-nya kebaca, saya pilih satu permainan lalu main pelan. Habis ada naik tipis, saya tarik dan tidak nambah sesi.","Saya coba slot gacor di TOPANHOKI dengan taruhan kecil dulu. Pola yang tampil saya anggap catatan, bukan jaminan. Sesi itu cukup buat ngerasain mejanya, lalu saya tutup.","Saya lihat info jackpot di TOPANHOKI sebelum spin. Bukan angka gila, tapi cukup buat nentuin mau lanjut atau pindah. Slot gacor-nya terasa rapi, tidak berisik.","Saya pindah permainan slot gacor di TOPANHOKI setelah yang pertama sepi. Lobby-nya satu pintu, gak logout. RTP meja kedua lebih nyambung, saya stop pas sudah plus tipis.","Eko Santoso","Aulia Zahra","Alika Rahman","Rizky Pratama","Ilham Ramadhan","TOPANHOKI login","TOPANHOKI daftar","Alternatif TOPANHOKI","TOPANHOKI link login","TOPANHOKI slot online"
"register-and-secure-your-seat-denmark","SURGAPLAY","SURGAPLAY Jangan Lewatkan Event Receh yang Cair x Register and Secure Your Seat Denmark","SURGAPLAY tampil sebagai situs slot gacor resmi yang gampang diikuti dengan jalur login yang tidak muter-muter, informasi jackpot yang mudah dibaca, dan RTP yang membantu pilih meja supaya denah permainannya kebaca.","<a href=""#"">SURGAPLAY</a> tampil sebagai situs slot gacor resmi yang gampang diikuti dengan jalur login yang tidak muter-muter, informasi jackpot yang mudah dibaca, dan RTP yang membantu pilih meja supaya denah permainannya kebaca.","Yuk cek slot gacor SURGAPLAY hari ini","SURGAPLAY merapikan info RTP dan jackpot slot gacor","Kabar pola maxwin 2026 di situs slot gacor SURGAPLAY","SURGAPLAY hadirkan pilihan slot gacor dalam satu lobby","Update jackpot terkini slot gacor SURGAPLAY","Apakah pola maxwin di SURGAPLAY wajib diikuti?","Bisakah pindah permainan slot gacor tanpa daftar ulang di SURGAPLAY?","Apakah slot gacor SURGAPLAY nyaman di HP?","Bagaimana kalau meja slot gacor di SURGAPLAY terasa dingin?","Apakah SURGAPLAY situs slot gacor yang bisa dicoba hari ini?","Tidak wajib. Pola di SURGAPLAY hanya referensi. Keputusan taruhan tetap di pemain, meja tetap bisa diganti kalau terasa sepi.","Bisa. Slot gacor SURGAPLAY ada di satu akun. Ganti permainan tidak perlu login baru.","Nyaman. Lobby slot gacor SURGAPLAY ringkas di HP, RTP dan jackpot tetap kebaca, sesi bisa dipotong kapan saja.","Pindah permainan di lobby yang sama. SURGAPLAY tidak memaksa bertahan di satu meja kalau ritmenya tidak nyambung.","Ya. SURGAPLAY menata slot gacor dalam satu lobby. Anda bisa cek RTP, pilih permainan, lalu main pelan tanpa pindah situs.","Saya main slot gacor SURGAPLAY di HP sambil nunggu. Grafiknya ringan, jackpot dan RTP tetap kelihatan. Sesi pendek, saya tidak dipaksa gas besar.","Saya sempat ragu pola maxwin di SURGAPLAY. Setelah dicoba, itu hanya panduan. Yang saya pakai justru pilih meja pelan dan tarik begitu sudah cukup.","Saya daftar SURGAPLAY lalu langsung ke slot gacor, tidak muter halaman. Info jackpot 2026-nya kebaca. Saya kunci sesi sebelum jadi lama.","Saya banding RTP beberapa permainan di SURGAPLAY. Yang lebih tinggi saya jajal dulu. Slot gacor-nya tidak janji menang terus, dan itu yang bikin saya tenang.","Saya tarik dari SURGAPLAY setelah sesi slot gacor malam ini. Prosesnya rapi, tidak banyak tanya. Besok saya tidak maksa balik kalau mood tidak pas.","Ilham Ramadhan","Dinda Lestari","Eko Santoso","Bayu Firmansyah","Ayu Rahma","SURGAPLAY login","SURGAPLAY daftar","Alternatif SURGAPLAY","SURGAPLAY slot","SURGAPLAY rtp"
"the-digimarcon-difference-denmark","SBOBET","SBOBET Hadir di Lobby Wild Bandito x The DigiMarCon Difference Denmark","SBOBET menghadirkan situs slot gacor dengan pintu masuk yang pendek dengan jalur login yang tidak muter-muter, pantauan RTP, dan kabar jackpot yang tidak berlebihan biar gak nyasar pindah situs.","<a href=""#"">SBOBET</a> menghadirkan situs slot gacor dengan pintu masuk yang pendek dengan jalur login yang tidak muter-muter, pantauan RTP, dan kabar jackpot yang tidak berlebihan biar gak nyasar pindah situs.","Jangan lewatkan slot gacor SBOBET hari ini","SBOBET merapikan info RTP dan jackpot slot gacor","Kabar pola maxwin 2026 di situs slot gacor SBOBET","SBOBET hadirkan pilihan slot gacor dalam satu lobby","Update jackpot terkini slot gacor SBOBET","Bisakah pindah permainan slot gacor tanpa daftar ulang di SBOBET?","Apakah slot gacor SBOBET nyaman di HP?","Bagaimana kalau meja slot gacor di SBOBET terasa dingin?","Apakah SBOBET situs slot gacor yang bisa dicoba hari ini?","Bagaimana cara mulai main slot gacor di SBOBET?","Bisa. Slot gacor SBOBET ada di satu akun. Ganti permainan tidak perlu login baru.","Nyaman. Lobby slot gacor SBOBET ringkas di HP, RTP dan jackpot tetap kebaca, sesi bisa dipotong kapan saja.","Pindah permainan di lobby yang sama. SBOBET tidak memaksa bertahan di satu meja kalau ritmenya tidak nyambung.","Ya. SBOBET menata slot gacor dalam satu lobby. Anda bisa cek RTP, pilih permainan, lalu main pelan tanpa pindah situs.","Masuk SBOBET, pilih permainan slot gacor yang ingin dijajal, mulai dengan taruhan kecil. RTP dan info jackpot ada sebelum sesi berjalan.","Saya chat SBOBET soal permainan yang RTP-nya tidak muncul. Dijawab singkat, lalu saya pilih slot gacor lain. Alurnya manusiawi, tidak bertele.","Saya bawa SBOBET dari browser ke HP, slot gacor-nya tetap ada. Jackpot yang tadi saya lihat masih kebaca. Tidak perlu akun kedua.","Saya set limit sebelum buka slot gacor SBOBET. Pas nyentuh, saya berhenti meski masih ingin spin. Disiplin itu yang saya bawa dari sesi ini.","Saya buka SBOBET karena cari situs slot gacor yang denahnya jelas. RTP-nya kebaca, saya pilih satu permainan lalu main pelan. Habis ada naik tipis, saya tarik dan tidak nambah sesi.","Saya coba slot gacor di SBOBET dengan taruhan kecil dulu. Pola yang tampil saya anggap catatan, bukan jaminan. Sesi itu cukup buat ngerasain mejanya, lalu saya tutup.","Rafi Maulana","Rina Wulandari","Ayu Rahma","Eko Santoso","Fajar Nugroho","SBOBET login","SBOBET daftar","Alternatif SBOBET","SBOBET link","SBOBET masuk"
"stay-tuned-denmark","HALLO777","HALLO777 Sesi Nunggu Gojek 8 Menit x Stay Tuned Denmark","HALLO777 siap dipakai sebagai situs slot gacor untuk main pelan hari ini dengan koleksi slot gacor dari beberapa provider, pantauan RTP, dan kabar jackpot yang tidak berlebihan dengan bantuan yang tetap bisa dihubungi.","<a href=""#"">HALLO777</a> siap dipakai sebagai situs slot gacor untuk main pelan hari ini dengan koleksi slot gacor dari beberapa provider, pantauan RTP, dan kabar jackpot yang tidak berlebihan dengan bantuan yang tetap bisa dihubungi.","Kabar slot gacor HALLO777 hari ini","HALLO777 merapikan info RTP dan jackpot slot gacor","Kabar pola maxwin 2026 di situs slot gacor HALLO777","HALLO777 hadirkan pilihan slot gacor dalam satu lobby","Update jackpot terkini slot gacor HALLO777","Apakah slot gacor HALLO777 nyaman di HP?","Bagaimana kalau meja slot gacor di HALLO777 terasa dingin?","Apakah HALLO777 situs slot gacor yang bisa dicoba hari ini?","Bagaimana cara mulai main slot gacor di HALLO777?","Apakah RTP slot gacor di HALLO777 bisa dilihat?","Nyaman. Lobby slot gacor HALLO777 ringkas di HP, RTP dan jackpot tetap kebaca, sesi bisa dipotong kapan saja.","Pindah permainan di lobby yang sama. HALLO777 tidak memaksa bertahan di satu meja kalau ritmenya tidak nyambung.","Ya. HALLO777 menata slot gacor dalam satu lobby. Anda bisa cek RTP, pilih permainan, lalu main pelan tanpa pindah situs.","Masuk HALLO777, pilih permainan slot gacor yang ingin dijajal, mulai dengan taruhan kecil. RTP dan info jackpot ada sebelum sesi berjalan.","Bisa. HALLO777 menampilkan ringkasan RTP supaya pemain punya acuan pilih meja, bukan janji menang terus.","Saya lihat info jackpot di HALLO777 sebelum spin. Bukan angka gila, tapi cukup buat nentuin mau lanjut atau pindah. Slot gacor-nya terasa rapi, tidak berisik.","Saya pindah permainan slot gacor di HALLO777 setelah yang pertama sepi. Lobby-nya satu pintu, gak logout. RTP meja kedua lebih nyambung, saya stop pas sudah plus tipis.","Saya main slot gacor HALLO777 di HP sambil nunggu. Grafiknya ringan, jackpot dan RTP tetap kelihatan. Sesi pendek, saya tidak dipaksa gas besar.","Saya sempat ragu pola maxwin di HALLO777. Setelah dicoba, itu hanya panduan. Yang saya pakai justru pilih meja pelan dan tarik begitu sudah cukup.","Saya daftar HALLO777 lalu langsung ke slot gacor, tidak muter halaman. Info jackpot 2026-nya kebaca. Saya kunci sesi sebelum jadi lama.","Arif Rahman","Hendra Gunawan","Andi Saputra","Citra Melati","Nisa Fadilah","HALLO777 login","HALLO777 daftar","Alternatif HALLO777","HALLO777 official","HALLO777 apk"
"online-live-denmark","HEBAT303","HEBAT303 Kabar Transfer yang Nama Pengirimnya Jelas x Online Live Denmark","HEBAT303 berdiri sebagai situs slot gacor yang menata permainan dalam satu lobby dengan koleksi slot gacor dari beberapa provider, pantauan RTP, dan kabar jackpot yang tidak berlebihan untuk main di HP maupun browser.","<a href=""#"">HEBAT303</a> berdiri sebagai situs slot gacor yang menata permainan dalam satu lobby dengan koleksi slot gacor dari beberapa provider, pantauan RTP, dan kabar jackpot yang tidak berlebihan untuk main di HP maupun browser.","Update slot gacor HEBAT303 hari ini","HEBAT303 merapikan info RTP dan jackpot slot gacor","Kabar pola maxwin 2026 di situs slot gacor HEBAT303","HEBAT303 hadirkan pilihan slot gacor dalam satu lobby","Update jackpot terkini slot gacor HEBAT303","Bagaimana kalau meja slot gacor di HEBAT303 terasa dingin?","Apakah HEBAT303 situs slot gacor yang bisa dicoba hari ini?","Bagaimana cara mulai main slot gacor di HEBAT303?","Apakah RTP slot gacor di HEBAT303 bisa dilihat?","Bagaimana info jackpot di HEBAT303 diperbarui?","Pindah permainan di lobby yang sama. HEBAT303 tidak memaksa bertahan di satu meja kalau ritmenya tidak nyambung.","Ya. HEBAT303 menata slot gacor dalam satu lobby. Anda bisa cek RTP, pilih permainan, lalu main pelan tanpa pindah situs.","Masuk HEBAT303, pilih permainan slot gacor yang ingin dijajal, mulai dengan taruhan kecil. RTP dan info jackpot ada sebelum sesi berjalan.","Bisa. HEBAT303 menampilkan ringkasan RTP supaya pemain punya acuan pilih meja, bukan janji menang terus.","Informasi jackpot di HEBAT303 disusun agar kebaca sebelum main. Angkanya jadi pantauan, bukan slogan di judul.","Saya banding RTP beberapa permainan di HEBAT303. Yang lebih tinggi saya jajal dulu. Slot gacor-nya tidak janji menang terus, dan itu yang bikin saya tenang.","Saya tarik dari HEBAT303 setelah sesi slot gacor malam ini. Prosesnya rapi, tidak banyak tanya. Besok saya tidak maksa balik kalau mood tidak pas.","Saya chat HEBAT303 soal permainan yang RTP-nya tidak muncul. Dijawab singkat, lalu saya pilih slot gacor lain. Alurnya manusiawi, tidak bertele.","Saya bawa HEBAT303 dari browser ke HP, slot gacor-nya tetap ada. Jackpot yang tadi saya lihat masih kebaca. Tidak perlu akun kedua.","Saya set limit sebelum buka slot gacor HEBAT303. Pas nyentuh, saya berhenti meski masih ingin spin. Disiplin itu yang saya bawa dari sesi ini.","Alika Rahman","Aldi Salim","Putri Ayu","Yoga Prasetyo","Budi Hartono","HEBAT303 login","HEBAT303 daftar","Alternatif HEBAT303","link alternatif HEBAT303","HEBAT303 wap"
"conference-exhibition-denmark","VIP55","VIP55 Coba Bet Naik Dikit Pas Ada Tanda x Conference & Exhibition Denmark","VIP55 hadir sebagai situs slot gacor gampang menang hari ini dengan link pola maxwin terbaru 2026, RTP tinggi, dan informasi jackpot terkini.","<a href=""#"">VIP55</a> hadir sebagai situs slot gacor gampang menang hari ini dengan link pola maxwin terbaru 2026, RTP tinggi, dan informasi jackpot terkini.","Intip slot gacor VIP55 hari ini","VIP55 merapikan info RTP dan jackpot slot gacor","Kabar pola maxwin 2026 di situs slot gacor VIP55","VIP55 hadirkan pilihan slot gacor dalam satu lobby","Update jackpot terkini slot gacor VIP55","Apakah VIP55 situs slot gacor yang bisa dicoba hari ini?","Bagaimana cara mulai main slot gacor di VIP55?","Apakah RTP slot gacor di VIP55 bisa dilihat?","Bagaimana info jackpot di VIP55 diperbarui?","Apakah pola maxwin di VIP55 wajib diikuti?","Ya. VIP55 menata slot gacor dalam satu lobby. Anda bisa cek RTP, pilih permainan, lalu main pelan tanpa pindah situs.","Masuk VIP55, pilih permainan slot gacor yang ingin dijajal, mulai dengan taruhan kecil. RTP dan info jackpot ada sebelum sesi berjalan.","Bisa. VIP55 menampilkan ringkasan RTP supaya pemain punya acuan pilih meja, bukan janji menang terus.","Informasi jackpot di VIP55 disusun agar kebaca sebelum main. Angkanya jadi pantauan, bukan slogan di judul.","Tidak wajib. Pola di VIP55 hanya referensi. Keputusan taruhan tetap di pemain, meja tetap bisa diganti kalau terasa sepi.","Saya buka VIP55 karena cari situs slot gacor yang denahnya jelas. RTP-nya kebaca, saya pilih satu permainan lalu main pelan. Habis ada naik tipis, saya tarik dan tidak nambah sesi.","Saya coba slot gacor di VIP55 dengan taruhan kecil dulu. Pola yang tampil saya anggap catatan, bukan jaminan. Sesi itu cukup buat ngerasain mejanya, lalu saya tutup.","Saya lihat info jackpot di VIP55 sebelum spin. Bukan angka gila, tapi cukup buat nentuin mau lanjut atau pindah. Slot gacor-nya terasa rapi, tidak berisik.","Saya pindah permainan slot gacor di VIP55 setelah yang pertama sepi. Lobby-nya satu pintu, gak logout. RTP meja kedua lebih nyambung, saya stop pas sudah plus tipis.","Saya main slot gacor VIP55 di HP sambil nunggu. Grafiknya ringan, jackpot dan RTP tetap kelihatan. Sesi pendek, saya tidak dipaksa gas besar.","Aulia Zahra","Ilham Ramadhan","Yoga Prasetyo","Nisa Fadilah","Arif Rahman","VIP55 login","VIP55 daftar","Alternatif VIP55","VIP55 gacor","situs VIP55"
"attendee-info-denmark","MAWARTOTO","MAWARTOTO Update Free Spin yang Gak Ilang Ganti Tab x Attendee Info Denmark","MAWARTOTO dikenal sebagai situs slot gacor yang nyaman dijajal hari ini dengan link pola maxwin terbaru 2026, RTP tinggi, dan informasi jackpot terkini tanpa banyak slogan.","<a href=""#"">MAWARTOTO</a> dikenal sebagai situs slot gacor yang nyaman dijajal hari ini dengan link pola maxwin terbaru 2026, RTP tinggi, dan informasi jackpot terkini tanpa banyak slogan.","Yuk cek slot gacor MAWARTOTO hari ini","MAWARTOTO merapikan info RTP dan jackpot slot gacor","Kabar pola maxwin 2026 di situs slot gacor MAWARTOTO","MAWARTOTO hadirkan pilihan slot gacor dalam satu lobby","Update jackpot terkini slot gacor MAWARTOTO","Bagaimana cara mulai main slot gacor di MAWARTOTO?","Apakah RTP slot gacor di MAWARTOTO bisa dilihat?","Bagaimana info jackpot di MAWARTOTO diperbarui?","Apakah pola maxwin di MAWARTOTO wajib diikuti?","Bisakah pindah permainan slot gacor tanpa daftar ulang di MAWARTOTO?","Masuk MAWARTOTO, pilih permainan slot gacor yang ingin dijajal, mulai dengan taruhan kecil. RTP dan info jackpot ada sebelum sesi berjalan.","Bisa. MAWARTOTO menampilkan ringkasan RTP supaya pemain punya acuan pilih meja, bukan janji menang terus.","Informasi jackpot di MAWARTOTO disusun agar kebaca sebelum main. Angkanya jadi pantauan, bukan slogan di judul.","Tidak wajib. Pola di MAWARTOTO hanya referensi. Keputusan taruhan tetap di pemain, meja tetap bisa diganti kalau terasa sepi.","Bisa. Slot gacor MAWARTOTO ada di satu akun. Ganti permainan tidak perlu login baru.","Saya sempat ragu pola maxwin di MAWARTOTO. Setelah dicoba, itu hanya panduan. Yang saya pakai justru pilih meja pelan dan tarik begitu sudah cukup.","Saya daftar MAWARTOTO lalu langsung ke slot gacor, tidak muter halaman. Info jackpot 2026-nya kebaca. Saya kunci sesi sebelum jadi lama.","Saya banding RTP beberapa permainan di MAWARTOTO. Yang lebih tinggi saya jajal dulu. Slot gacor-nya tidak janji menang terus, dan itu yang bikin saya tenang.","Saya tarik dari MAWARTOTO setelah sesi slot gacor malam ini. Prosesnya rapi, tidak banyak tanya. Besok saya tidak maksa balik kalau mood tidak pas.","Saya chat MAWARTOTO soal permainan yang RTP-nya tidak muncul. Dijawab singkat, lalu saya pilih slot gacor lain. Alurnya manusiawi, tidak bertele.","Nisa Fadilah","Andi Saputra","Maya Sari","Yoga Prasetyo","Dimas Kurniawan","MAWARTOTO login","MAWARTOTO daftar","Alternatif MAWARTOTO","MAWARTOTO slot gacor","MAWARTOTO terpercaya"
"agenda-at-a-glance-denmark","KODE4D","KODE4D Yuk Mandi Dulu Kalau Emosi x Agenda at a Glance Denmark","KODE4D menjadi pilihan situs slot gacor buat sesi harian dengan pembaruan pola main yang dibahas tahun 2026, RTP tinggi, dan informasi jackpot terkini untuk pemain yang mau coba dulu.","<a href=""#"">KODE4D</a> menjadi pilihan situs slot gacor buat sesi harian dengan pembaruan pola main yang dibahas tahun 2026, RTP tinggi, dan informasi jackpot terkini untuk pemain yang mau coba dulu.","Jangan lewatkan slot gacor KODE4D hari ini","KODE4D merapikan info RTP dan jackpot slot gacor","Kabar pola maxwin 2026 di situs slot gacor KODE4D","KODE4D hadirkan pilihan slot gacor dalam satu lobby","Update jackpot terkini slot gacor KODE4D","Apakah RTP slot gacor di KODE4D bisa dilihat?","Bagaimana info jackpot di KODE4D diperbarui?","Apakah pola maxwin di KODE4D wajib diikuti?","Bisakah pindah permainan slot gacor tanpa daftar ulang di KODE4D?","Apakah slot gacor KODE4D nyaman di HP?","Bisa. KODE4D menampilkan ringkasan RTP supaya pemain punya acuan pilih meja, bukan janji menang terus.","Informasi jackpot di KODE4D disusun agar kebaca sebelum main. Angkanya jadi pantauan, bukan slogan di judul.","Tidak wajib. Pola di KODE4D hanya referensi. Keputusan taruhan tetap di pemain, meja tetap bisa diganti kalau terasa sepi.","Bisa. Slot gacor KODE4D ada di satu akun. Ganti permainan tidak perlu login baru.","Nyaman. Lobby slot gacor KODE4D ringkas di HP, RTP dan jackpot tetap kebaca, sesi bisa dipotong kapan saja.","Saya bawa KODE4D dari browser ke HP, slot gacor-nya tetap ada. Jackpot yang tadi saya lihat masih kebaca. Tidak perlu akun kedua.","Saya set limit sebelum buka slot gacor KODE4D. Pas nyentuh, saya berhenti meski masih ingin spin. Disiplin itu yang saya bawa dari sesi ini.","Saya buka KODE4D karena cari situs slot gacor yang denahnya jelas. RTP-nya kebaca, saya pilih satu permainan lalu main pelan. Habis ada naik tipis, saya tarik dan tidak nambah sesi.","Saya coba slot gacor di KODE4D dengan taruhan kecil dulu. Pola yang tampil saya anggap catatan, bukan jaminan. Sesi itu cukup buat ngerasain mejanya, lalu saya tutup.","Saya lihat info jackpot di KODE4D sebelum spin. Bukan angka gila, tapi cukup buat nentuin mau lanjut atau pindah. Slot gacor-nya terasa rapi, tidak berisik.","Arif Rahman","Andi Saputra","Citra Melati","Dinda Lestari","Fajar Nugroho","KODE4D login","KODE4D daftar","Alternatif KODE4D","KODE4D link login","KODE4D slot online"
"contact-us-online","ZONA66","ZONA66 Jangan Daftar Akun Kedua Kalau Situs Padat x Contact Us Online","ZONA66 menyediakan akses situs slot gacor dengan alur yang ringkas dengan pembaruan pola main yang dibahas tahun 2026, ringkasan jackpot harian, dan catatan RTP yang jelas dengan sesi yang bisa ditutup kapan saja.","<a href=""#"">ZONA66</a> menyediakan akses situs slot gacor dengan alur yang ringkas dengan pembaruan pola main yang dibahas tahun 2026, ringkasan jackpot harian, dan catatan RTP yang jelas dengan sesi yang bisa ditutup kapan saja.","Kabar slot gacor ZONA66 hari ini","ZONA66 merapikan info RTP dan jackpot slot gacor","Kabar pola maxwin 2026 di situs slot gacor ZONA66","ZONA66 hadirkan pilihan slot gacor dalam satu lobby","Update jackpot terkini slot gacor ZONA66","Bagaimana info jackpot di ZONA66 diperbarui?","Apakah pola maxwin di ZONA66 wajib diikuti?","Bisakah pindah permainan slot gacor tanpa daftar ulang di ZONA66?","Apakah slot gacor ZONA66 nyaman di HP?","Bagaimana kalau meja slot gacor di ZONA66 terasa dingin?","Informasi jackpot di ZONA66 disusun agar kebaca sebelum main. Angkanya jadi pantauan, bukan slogan di judul.","Tidak wajib. Pola di ZONA66 hanya referensi. Keputusan taruhan tetap di pemain, meja tetap bisa diganti kalau terasa sepi.","Bisa. Slot gacor ZONA66 ada di satu akun. Ganti permainan tidak perlu login baru.","Nyaman. Lobby slot gacor ZONA66 ringkas di HP, RTP dan jackpot tetap kebaca, sesi bisa dipotong kapan saja.","Pindah permainan di lobby yang sama. ZONA66 tidak memaksa bertahan di satu meja kalau ritmenya tidak nyambung.","Saya pindah permainan slot gacor di ZONA66 setelah yang pertama sepi. Lobby-nya satu pintu, gak logout. RTP meja kedua lebih nyambung, saya stop pas sudah plus tipis.","Saya main slot gacor ZONA66 di HP sambil nunggu. Grafiknya ringan, jackpot dan RTP tetap kelihatan. Sesi pendek, saya tidak dipaksa gas besar.","Saya sempat ragu pola maxwin di ZONA66. Setelah dicoba, itu hanya panduan. Yang saya pakai justru pilih meja pelan dan tarik begitu sudah cukup.","Saya daftar ZONA66 lalu langsung ke slot gacor, tidak muter halaman. Info jackpot 2026-nya kebaca. Saya kunci sesi sebelum jadi lama.","Saya banding RTP beberapa permainan di ZONA66. Yang lebih tinggi saya jajal dulu. Slot gacor-nya tidak janji menang terus, dan itu yang bikin saya tenang.","Arif Rahman","Fajar Nugroho","Nisa Fadilah","Alika Rahman","Andi Saputra","ZONA66 login","ZONA66 daftar","Alternatif ZONA66","ZONA66 slot","ZONA66 rtp"
"speakers-online","NINJAJAGO","NINJAJAGO Hadir di Meja Super Ace x Speakers Online","NINJAJAGO tampil sebagai situs slot gacor resmi yang gampang diikuti dengan akses permainan slot gacor yang dirapikan, ringkasan jackpot harian, dan catatan RTP yang jelas supaya denah permainannya kebaca.","<a href=""#"">NINJAJAGO</a> tampil sebagai situs slot gacor resmi yang gampang diikuti dengan akses permainan slot gacor yang dirapikan, ringkasan jackpot harian, dan catatan RTP yang jelas supaya denah permainannya kebaca.","Update slot gacor NINJAJAGO hari ini","NINJAJAGO merapikan info RTP dan jackpot slot gacor","Kabar pola maxwin 2026 di situs slot gacor NINJAJAGO","NINJAJAGO hadirkan pilihan slot gacor dalam satu lobby","Update jackpot terkini slot gacor NINJAJAGO","Apakah pola maxwin di NINJAJAGO wajib diikuti?","Bisakah pindah permainan slot gacor tanpa daftar ulang di NINJAJAGO?","Apakah slot gacor NINJAJAGO nyaman di HP?","Bagaimana kalau meja slot gacor di NINJAJAGO terasa dingin?","Apakah NINJAJAGO situs slot gacor yang bisa dicoba hari ini?","Tidak wajib. Pola di NINJAJAGO hanya referensi. Keputusan taruhan tetap di pemain, meja tetap bisa diganti kalau terasa sepi.","Bisa. Slot gacor NINJAJAGO ada di satu akun. Ganti permainan tidak perlu login baru.","Nyaman. Lobby slot gacor NINJAJAGO ringkas di HP, RTP dan jackpot tetap kebaca, sesi bisa dipotong kapan saja.","Pindah permainan di lobby yang sama. NINJAJAGO tidak memaksa bertahan di satu meja kalau ritmenya tidak nyambung.","Ya. NINJAJAGO menata slot gacor dalam satu lobby. Anda bisa cek RTP, pilih permainan, lalu main pelan tanpa pindah situs.","Saya tarik dari NINJAJAGO setelah sesi slot gacor malam ini. Prosesnya rapi, tidak banyak tanya. Besok saya tidak maksa balik kalau mood tidak pas.","Saya chat NINJAJAGO soal permainan yang RTP-nya tidak muncul. Dijawab singkat, lalu saya pilih slot gacor lain. Alurnya manusiawi, tidak bertele.","Saya bawa NINJAJAGO dari browser ke HP, slot gacor-nya tetap ada. Jackpot yang tadi saya lihat masih kebaca. Tidak perlu akun kedua.","Saya set limit sebelum buka slot gacor NINJAJAGO. Pas nyentuh, saya berhenti meski masih ingin spin. Disiplin itu yang saya bawa dari sesi ini.","Saya buka NINJAJAGO karena cari situs slot gacor yang denahnya jelas. RTP-nya kebaca, saya pilih satu permainan lalu main pelan. Habis ada naik tipis, saya tarik dan tidak nambah sesi.","Dewi Anggraini","Rizky Pratama","Mutiara Kartika","Fajar Nugroho","Yoga Prasetyo","NINJAJAGO login","NINJAJAGO daftar","Alternatif NINJAJAGO","NINJAJAGO link","NINJAJAGO masuk"
"sessions-online","SUKSES303","SUKSES303 Sesi Nonton Sambil Spin Pelan x Sessions Online","SUKSES303 menghadirkan situs slot gacor dengan pintu masuk yang pendek dengan akses permainan slot gacor yang dirapikan, ringkasan jackpot harian, dan catatan RTP yang jelas biar gak nyasar pindah situs.","<a href=""#"">SUKSES303</a> menghadirkan situs slot gacor dengan pintu masuk yang pendek dengan akses permainan slot gacor yang dirapikan, ringkasan jackpot harian, dan catatan RTP yang jelas biar gak nyasar pindah situs.","Intip slot gacor SUKSES303 hari ini","SUKSES303 merapikan info RTP dan jackpot slot gacor","Kabar pola maxwin 2026 di situs slot gacor SUKSES303","SUKSES303 hadirkan pilihan slot gacor dalam satu lobby","Update jackpot terkini slot gacor SUKSES303","Bisakah pindah permainan slot gacor tanpa daftar ulang di SUKSES303?","Apakah slot gacor SUKSES303 nyaman di HP?","Bagaimana kalau meja slot gacor di SUKSES303 terasa dingin?","Apakah SUKSES303 situs slot gacor yang bisa dicoba hari ini?","Bagaimana cara mulai main slot gacor di SUKSES303?","Bisa. Slot gacor SUKSES303 ada di satu akun. Ganti permainan tidak perlu login baru.","Nyaman. Lobby slot gacor SUKSES303 ringkas di HP, RTP dan jackpot tetap kebaca, sesi bisa dipotong kapan saja.","Pindah permainan di lobby yang sama. SUKSES303 tidak memaksa bertahan di satu meja kalau ritmenya tidak nyambung.","Ya. SUKSES303 menata slot gacor dalam satu lobby. Anda bisa cek RTP, pilih permainan, lalu main pelan tanpa pindah situs.","Masuk SUKSES303, pilih permainan slot gacor yang ingin dijajal, mulai dengan taruhan kecil. RTP dan info jackpot ada sebelum sesi berjalan.","Saya coba slot gacor di SUKSES303 dengan taruhan kecil dulu. Pola yang tampil saya anggap catatan, bukan jaminan. Sesi itu cukup buat ngerasain mejanya, lalu saya tutup.","Saya lihat info jackpot di SUKSES303 sebelum spin. Bukan angka gila, tapi cukup buat nentuin mau lanjut atau pindah. Slot gacor-nya terasa rapi, tidak berisik.","Saya pindah permainan slot gacor di SUKSES303 setelah yang pertama sepi. Lobby-nya satu pintu, gak logout. RTP meja kedua lebih nyambung, saya stop pas sudah plus tipis.","Saya main slot gacor SUKSES303 di HP sambil nunggu. Grafiknya ringan, jackpot dan RTP tetap kelihatan. Sesi pendek, saya tidak dipaksa gas besar.","Saya sempat ragu pola maxwin di SUKSES303. Setelah dicoba, itu hanya panduan. Yang saya pakai justru pilih meja pelan dan tarik begitu sudah cukup.","Lina Kartika","Agus Wijaya","Bayu Firmansyah","Budi Hartono","Dewi Anggraini","SUKSES303 login","SUKSES303 daftar","Alternatif SUKSES303","SUKSES303 official","SUKSES303 apk"
"buy-passes-online","DEPOBOS","DEPOBOS Kabar Antrian WD yang Ada Updatenya x Buy Passes Online","DEPOBOS siap dipakai sebagai situs slot gacor untuk main pelan hari ini dengan pilihan meja yang gampang dicari, kabar jackpot terkini, dan RTP yang bisa dicek dengan bantuan yang tetap bisa dihubungi.","<a href=""#"">DEPOBOS</a> siap dipakai sebagai situs slot gacor untuk main pelan hari ini dengan pilihan meja yang gampang dicari, kabar jackpot terkini, dan RTP yang bisa dicek dengan bantuan yang tetap bisa dihubungi.","Yuk cek slot gacor DEPOBOS hari ini","DEPOBOS merapikan info RTP dan jackpot slot gacor","Kabar pola maxwin 2026 di situs slot gacor DEPOBOS","DEPOBOS hadirkan pilihan slot gacor dalam satu lobby","Update jackpot terkini slot gacor DEPOBOS","Apakah slot gacor DEPOBOS nyaman di HP?","Bagaimana kalau meja slot gacor di DEPOBOS terasa dingin?","Apakah DEPOBOS situs slot gacor yang bisa dicoba hari ini?","Bagaimana cara mulai main slot gacor di DEPOBOS?","Apakah RTP slot gacor di DEPOBOS bisa dilihat?","Nyaman. Lobby slot gacor DEPOBOS ringkas di HP, RTP dan jackpot tetap kebaca, sesi bisa dipotong kapan saja.","Pindah permainan di lobby yang sama. DEPOBOS tidak memaksa bertahan di satu meja kalau ritmenya tidak nyambung.","Ya. DEPOBOS menata slot gacor dalam satu lobby. Anda bisa cek RTP, pilih permainan, lalu main pelan tanpa pindah situs.","Masuk DEPOBOS, pilih permainan slot gacor yang ingin dijajal, mulai dengan taruhan kecil. RTP dan info jackpot ada sebelum sesi berjalan.","Bisa. DEPOBOS menampilkan ringkasan RTP supaya pemain punya acuan pilih meja, bukan janji menang terus.","Saya daftar DEPOBOS lalu langsung ke slot gacor, tidak muter halaman. Info jackpot 2026-nya kebaca. Saya kunci sesi sebelum jadi lama.","Saya banding RTP beberapa permainan di DEPOBOS. Yang lebih tinggi saya jajal dulu. Slot gacor-nya tidak janji menang terus, dan itu yang bikin saya tenang.","Saya tarik dari DEPOBOS setelah sesi slot gacor malam ini. Prosesnya rapi, tidak banyak tanya. Besok saya tidak maksa balik kalau mood tidak pas.","Saya chat DEPOBOS soal permainan yang RTP-nya tidak muncul. Dijawab singkat, lalu saya pilih slot gacor lain. Alurnya manusiawi, tidak bertele.","Saya bawa DEPOBOS dari browser ke HP, slot gacor-nya tetap ada. Jackpot yang tadi saya lihat masih kebaca. Tidak perlu akun kedua.","Dimas Kurniawan","Alika Rahman","Budi Hartono","Bayu Firmansyah","Lina Kartika","DEPOBOS login","DEPOBOS daftar","Alternatif DEPOBOS","link alternatif DEPOBOS","DEPOBOS wap"
"workshops-online","ASOKA88","ASOKA88 Coba Tablet biar Tombolnya Gak Miss x Workshops Online","ASOKA88 berdiri sebagai situs slot gacor yang menata permainan dalam satu lobby dengan pilihan meja yang gampang dicari, kabar jackpot terkini, dan RTP yang bisa dicek untuk main di HP maupun browser.","<a href=""#"">ASOKA88</a> berdiri sebagai situs slot gacor yang menata permainan dalam satu lobby dengan pilihan meja yang gampang dicari, kabar jackpot terkini, dan RTP yang bisa dicek untuk main di HP maupun browser.","Jangan lewatkan slot gacor ASOKA88 hari ini","ASOKA88 merapikan info RTP dan jackpot slot gacor","Kabar pola maxwin 2026 di situs slot gacor ASOKA88","ASOKA88 hadirkan pilihan slot gacor dalam satu lobby","Update jackpot terkini slot gacor ASOKA88","Bagaimana kalau meja slot gacor di ASOKA88 terasa dingin?","Apakah ASOKA88 situs slot gacor yang bisa dicoba hari ini?","Bagaimana cara mulai main slot gacor di ASOKA88?","Apakah RTP slot gacor di ASOKA88 bisa dilihat?","Bagaimana info jackpot di ASOKA88 diperbarui?","Pindah permainan di lobby yang sama. ASOKA88 tidak memaksa bertahan di satu meja kalau ritmenya tidak nyambung.","Ya. ASOKA88 menata slot gacor dalam satu lobby. Anda bisa cek RTP, pilih permainan, lalu main pelan tanpa pindah situs.","Masuk ASOKA88, pilih permainan slot gacor yang ingin dijajal, mulai dengan taruhan kecil. RTP dan info jackpot ada sebelum sesi berjalan.","Bisa. ASOKA88 menampilkan ringkasan RTP supaya pemain punya acuan pilih meja, bukan janji menang terus.","Informasi jackpot di ASOKA88 disusun agar kebaca sebelum main. Angkanya jadi pantauan, bukan slogan di judul.","Saya set limit sebelum buka slot gacor ASOKA88. Pas nyentuh, saya berhenti meski masih ingin spin. Disiplin itu yang saya bawa dari sesi ini.","Saya buka ASOKA88 karena cari situs slot gacor yang denahnya jelas. RTP-nya kebaca, saya pilih satu permainan lalu main pelan. Habis ada naik tipis, saya tarik dan tidak nambah sesi.","Saya coba slot gacor di ASOKA88 dengan taruhan kecil dulu. Pola yang tampil saya anggap catatan, bukan jaminan. Sesi itu cukup buat ngerasain mejanya, lalu saya tutup.","Saya lihat info jackpot di ASOKA88 sebelum spin. Bukan angka gila, tapi cukup buat nentuin mau lanjut atau pindah. Slot gacor-nya terasa rapi, tidak berisik.","Saya pindah permainan slot gacor di ASOKA88 setelah yang pertama sepi. Lobby-nya satu pintu, gak logout. RTP meja kedua lebih nyambung, saya stop pas sudah plus tipis.","Aldi Salim","Ilham Ramadhan","Mutiara Kartika","Aulia Zahra","Eko Santoso","ASOKA88 login","ASOKA88 daftar","Alternatif ASOKA88","ASOKA88 gacor","situs ASOKA88"
"business-events-online","MOBA4D","MOBA4D Update Katalog Lucky Neko x Business Events Online","MOBA4D hadir sebagai situs slot gacor gampang menang hari ini dengan info RTP yang kebaca sebelum mulai, kabar jackpot terkini, dan RTP yang bisa dicek.","<a href=""#"">MOBA4D</a> hadir sebagai situs slot gacor gampang menang hari ini dengan info RTP yang kebaca sebelum mulai, kabar jackpot terkini, dan RTP yang bisa dicek.","Kabar slot gacor MOBA4D hari ini","MOBA4D merapikan info RTP dan jackpot slot gacor","Kabar pola maxwin 2026 di situs slot gacor MOBA4D","MOBA4D hadirkan pilihan slot gacor dalam satu lobby","Update jackpot terkini slot gacor MOBA4D","Apakah MOBA4D situs slot gacor yang bisa dicoba hari ini?","Bagaimana cara mulai main slot gacor di MOBA4D?","Apakah RTP slot gacor di MOBA4D bisa dilihat?","Bagaimana info jackpot di MOBA4D diperbarui?","Apakah pola maxwin di MOBA4D wajib diikuti?","Ya. MOBA4D menata slot gacor dalam satu lobby. Anda bisa cek RTP, pilih permainan, lalu main pelan tanpa pindah situs.","Masuk MOBA4D, pilih permainan slot gacor yang ingin dijajal, mulai dengan taruhan kecil. RTP dan info jackpot ada sebelum sesi berjalan.","Bisa. MOBA4D menampilkan ringkasan RTP supaya pemain punya acuan pilih meja, bukan janji menang terus.","Informasi jackpot di MOBA4D disusun agar kebaca sebelum main. Angkanya jadi pantauan, bukan slogan di judul.","Tidak wajib. Pola di MOBA4D hanya referensi. Keputusan taruhan tetap di pemain, meja tetap bisa diganti kalau terasa sepi.","Saya main slot gacor MOBA4D di HP sambil nunggu. Grafiknya ringan, jackpot dan RTP tetap kelihatan. Sesi pendek, saya tidak dipaksa gas besar.","Saya sempat ragu pola maxwin di MOBA4D. Setelah dicoba, itu hanya panduan. Yang saya pakai justru pilih meja pelan dan tarik begitu sudah cukup.","Saya daftar MOBA4D lalu langsung ke slot gacor, tidak muter halaman. Info jackpot 2026-nya kebaca. Saya kunci sesi sebelum jadi lama.","Saya banding RTP beberapa permainan di MOBA4D. Yang lebih tinggi saya jajal dulu. Slot gacor-nya tidak janji menang terus, dan itu yang bikin saya tenang.","Saya tarik dari MOBA4D setelah sesi slot gacor malam ini. Prosesnya rapi, tidak banyak tanya. Besok saya tidak maksa balik kalau mood tidak pas.","Sinta Dewi","Rafi Maulana","Hendra Gunawan","Aulia Zahra","Ilham Ramadhan","MOBA4D login","MOBA4D daftar","Alternatif MOBA4D","MOBA4D slot gacor","MOBA4D terpercaya"
"video-marketing-events-online","DONTOTO","DONTOTO Yuk Stop di Target yang Ditulis x Video Marketing Events Online","DONTOTO dikenal sebagai situs slot gacor yang nyaman dijajal hari ini dengan info RTP yang kebaca sebelum mulai, info jackpot yang diperbarui, dan RTP yang transparan tanpa banyak slogan.","<a href=""#"">DONTOTO</a> dikenal sebagai situs slot gacor yang nyaman dijajal hari ini dengan info RTP yang kebaca sebelum mulai, info jackpot yang diperbarui, dan RTP yang transparan tanpa banyak slogan.","Update slot gacor DONTOTO hari ini","DONTOTO merapikan info RTP dan jackpot slot gacor","Kabar pola maxwin 2026 di situs slot gacor DONTOTO","DONTOTO hadirkan pilihan slot gacor dalam satu lobby","Update jackpot terkini slot gacor DONTOTO","Bagaimana cara mulai main slot gacor di DONTOTO?","Apakah RTP slot gacor di DONTOTO bisa dilihat?","Bagaimana info jackpot di DONTOTO diperbarui?","Apakah pola maxwin di DONTOTO wajib diikuti?","Bisakah pindah permainan slot gacor tanpa daftar ulang di DONTOTO?","Masuk DONTOTO, pilih permainan slot gacor yang ingin dijajal, mulai dengan taruhan kecil. RTP dan info jackpot ada sebelum sesi berjalan.","Bisa. DONTOTO menampilkan ringkasan RTP supaya pemain punya acuan pilih meja, bukan janji menang terus.","Informasi jackpot di DONTOTO disusun agar kebaca sebelum main. Angkanya jadi pantauan, bukan slogan di judul.","Tidak wajib. Pola di DONTOTO hanya referensi. Keputusan taruhan tetap di pemain, meja tetap bisa diganti kalau terasa sepi.","Bisa. Slot gacor DONTOTO ada di satu akun. Ganti permainan tidak perlu login baru.","Saya chat DONTOTO soal permainan yang RTP-nya tidak muncul. Dijawab singkat, lalu saya pilih slot gacor lain. Alurnya manusiawi, tidak bertele.","Saya bawa DONTOTO dari browser ke HP, slot gacor-nya tetap ada. Jackpot yang tadi saya lihat masih kebaca. Tidak perlu akun kedua.","Saya set limit sebelum buka slot gacor DONTOTO. Pas nyentuh, saya berhenti meski masih ingin spin. Disiplin itu yang saya bawa dari sesi ini.","Saya buka DONTOTO karena cari situs slot gacor yang denahnya jelas. RTP-nya kebaca, saya pilih satu permainan lalu main pelan. Habis ada naik tipis, saya tarik dan tidak nambah sesi.","Saya coba slot gacor di DONTOTO dengan taruhan kecil dulu. Pola yang tampil saya anggap catatan, bukan jaminan. Sesi itu cukup buat ngerasain mejanya, lalu saya tutup.","Putri Ayu","Budi Hartono","Agus Wijaya","Ilham Ramadhan","Rina Wulandari","DONTOTO login","DONTOTO daftar","Alternatif DONTOTO","DONTOTO link login","DONTOTO slot online"
"exhibition-online","DEWIRP","DEWIRP Jangan Lewatkan Sesi yang Cuma 12 Spin x Exhibition Online","DEWIRP menjadi pilihan situs slot gacor buat sesi harian dengan katalog permainan yang tidak tercecer, info jackpot yang diperbarui, dan RTP yang transparan untuk pemain yang mau coba dulu.","<a href=""#"">DEWIRP</a> menjadi pilihan situs slot gacor buat sesi harian dengan katalog permainan yang tidak tercecer, info jackpot yang diperbarui, dan RTP yang transparan untuk pemain yang mau coba dulu.","Intip slot gacor DEWIRP hari ini","DEWIRP merapikan info RTP dan jackpot slot gacor","Kabar pola maxwin 2026 di situs slot gacor DEWIRP","DEWIRP hadirkan pilihan slot gacor dalam satu lobby","Update jackpot terkini slot gacor DEWIRP","Apakah RTP slot gacor di DEWIRP bisa dilihat?","Bagaimana info jackpot di DEWIRP diperbarui?","Apakah pola maxwin di DEWIRP wajib diikuti?","Bisakah pindah permainan slot gacor tanpa daftar ulang di DEWIRP?","Apakah slot gacor DEWIRP nyaman di HP?","Bisa. DEWIRP menampilkan ringkasan RTP supaya pemain punya acuan pilih meja, bukan janji menang terus.","Informasi jackpot di DEWIRP disusun agar kebaca sebelum main. Angkanya jadi pantauan, bukan slogan di judul.","Tidak wajib. Pola di DEWIRP hanya referensi. Keputusan taruhan tetap di pemain, meja tetap bisa diganti kalau terasa sepi.","Bisa. Slot gacor DEWIRP ada di satu akun. Ganti permainan tidak perlu login baru.","Nyaman. Lobby slot gacor DEWIRP ringkas di HP, RTP dan jackpot tetap kebaca, sesi bisa dipotong kapan saja.","Saya lihat info jackpot di DEWIRP sebelum spin. Bukan angka gila, tapi cukup buat nentuin mau lanjut atau pindah. Slot gacor-nya terasa rapi, tidak berisik.","Saya pindah permainan slot gacor di DEWIRP setelah yang pertama sepi. Lobby-nya satu pintu, gak logout. RTP meja kedua lebih nyambung, saya stop pas sudah plus tipis.","Saya main slot gacor DEWIRP di HP sambil nunggu. Grafiknya ringan, jackpot dan RTP tetap kelihatan. Sesi pendek, saya tidak dipaksa gas besar.","Saya sempat ragu pola maxwin di DEWIRP. Setelah dicoba, itu hanya panduan. Yang saya pakai justru pilih meja pelan dan tarik begitu sudah cukup.","Saya daftar DEWIRP lalu langsung ke slot gacor, tidak muter halaman. Info jackpot 2026-nya kebaca. Saya kunci sesi sebelum jadi lama.","Rafi Maulana","Maya Sari","Dinda Lestari","Arif Rahman","Andi Saputra","DEWIRP login","DEWIRP daftar","Alternatif DEWIRP","DEWIRP slot","DEWIRP rtp"
"register-now-online","CIPIT88","CIPIT88 Hadir di Lobby Treasure of Aztec x Register Now Online","CIPIT88 menyediakan akses situs slot gacor dengan alur yang ringkas dengan katalog permainan yang tidak tercecer, info jackpot yang diperbarui, dan RTP yang transparan dengan sesi yang bisa ditutup kapan saja.","<a href=""#"">CIPIT88</a> menyediakan akses situs slot gacor dengan alur yang ringkas dengan katalog permainan yang tidak tercecer, info jackpot yang diperbarui, dan RTP yang transparan dengan sesi yang bisa ditutup kapan saja.","Yuk cek slot gacor CIPIT88 hari ini","CIPIT88 merapikan info RTP dan jackpot slot gacor","Kabar pola maxwin 2026 di situs slot gacor CIPIT88","CIPIT88 hadirkan pilihan slot gacor dalam satu lobby","Update jackpot terkini slot gacor CIPIT88","Bagaimana info jackpot di CIPIT88 diperbarui?","Apakah pola maxwin di CIPIT88 wajib diikuti?","Bisakah pindah permainan slot gacor tanpa daftar ulang di CIPIT88?","Apakah slot gacor CIPIT88 nyaman di HP?","Bagaimana kalau meja slot gacor di CIPIT88 terasa dingin?","Informasi jackpot di CIPIT88 disusun agar kebaca sebelum main. Angkanya jadi pantauan, bukan slogan di judul.","Tidak wajib. Pola di CIPIT88 hanya referensi. Keputusan taruhan tetap di pemain, meja tetap bisa diganti kalau terasa sepi.","Bisa. Slot gacor CIPIT88 ada di satu akun. Ganti permainan tidak perlu login baru.","Nyaman. Lobby slot gacor CIPIT88 ringkas di HP, RTP dan jackpot tetap kebaca, sesi bisa dipotong kapan saja.","Pindah permainan di lobby yang sama. CIPIT88 tidak memaksa bertahan di satu meja kalau ritmenya tidak nyambung.","Saya banding RTP beberapa permainan di CIPIT88. Yang lebih tinggi saya jajal dulu. Slot gacor-nya tidak janji menang terus, dan itu yang bikin saya tenang.","Saya tarik dari CIPIT88 setelah sesi slot gacor malam ini. Prosesnya rapi, tidak banyak tanya. Besok saya tidak maksa balik kalau mood tidak pas.","Saya chat CIPIT88 soal permainan yang RTP-nya tidak muncul. Dijawab singkat, lalu saya pilih slot gacor lain. Alurnya manusiawi, tidak bertele.","Saya bawa CIPIT88 dari browser ke HP, slot gacor-nya tetap ada. Jackpot yang tadi saya lihat masih kebaca. Tidak perlu akun kedua.","Saya set limit sebelum buka slot gacor CIPIT88. Pas nyentuh, saya berhenti meski masih ingin spin. Disiplin itu yang saya bawa dari sesi ini.","Dimas Kurniawan","Lina Kartika","Yoga Prasetyo","Citra Melati","Hendra Gunawan","CIPIT88 login","CIPIT88 daftar","Alternatif CIPIT88","CIPIT88 link","CIPIT88 masuk"
"buy-tickets-online","BANDOTJP288","BANDOTJP288 Sesi Nunggu Adzan Beres sebelum Iqomah x Buy Tickets Online","BANDOTJP288 tampil sebagai situs slot gacor resmi yang gampang diikuti dengan jalur login yang tidak muter-muter, data RTP terkini, dan pantauan jackpot yang rapi supaya denah permainannya kebaca.","<a href=""#"">BANDOTJP288</a> tampil sebagai situs slot gacor resmi yang gampang diikuti dengan jalur login yang tidak muter-muter, data RTP terkini, dan pantauan jackpot yang rapi supaya denah permainannya kebaca.","Jangan lewatkan slot gacor BANDOTJP288 hari ini","BANDOTJP288 merapikan info RTP dan jackpot slot gacor","Kabar pola maxwin 2026 di situs slot gacor BANDOTJP288","BANDOTJP288 hadirkan pilihan slot gacor dalam satu lobby","Update jackpot terkini slot gacor BANDOTJP288","Apakah pola maxwin di BANDOTJP288 wajib diikuti?","Bisakah pindah permainan slot gacor tanpa daftar ulang di BANDOTJP288?","Apakah slot gacor BANDOTJP288 nyaman di HP?","Bagaimana kalau meja slot gacor di BANDOTJP288 terasa dingin?","Apakah BANDOTJP288 situs slot gacor yang bisa dicoba hari ini?","Tidak wajib. Pola di BANDOTJP288 hanya referensi. Keputusan taruhan tetap di pemain, meja tetap bisa diganti kalau terasa sepi.","Bisa. Slot gacor BANDOTJP288 ada di satu akun. Ganti permainan tidak perlu login baru.","Nyaman. Lobby slot gacor BANDOTJP288 ringkas di HP, RTP dan jackpot tetap kebaca, sesi bisa dipotong kapan saja.","Pindah permainan di lobby yang sama. BANDOTJP288 tidak memaksa bertahan di satu meja kalau ritmenya tidak nyambung.","Ya. BANDOTJP288 menata slot gacor dalam satu lobby. Anda bisa cek RTP, pilih permainan, lalu main pelan tanpa pindah situs.","Saya buka BANDOTJP288 karena cari situs slot gacor yang denahnya jelas. RTP-nya kebaca, saya pilih satu permainan lalu main pelan. Habis ada naik tipis, saya tarik dan tidak nambah sesi.","Saya coba slot gacor di BANDOTJP288 dengan taruhan kecil dulu. Pola yang tampil saya anggap catatan, bukan jaminan. Sesi itu cukup buat ngerasain mejanya, lalu saya tutup.","Saya lihat info jackpot di BANDOTJP288 sebelum spin. Bukan angka gila, tapi cukup buat nentuin mau lanjut atau pindah. Slot gacor-nya terasa rapi, tidak berisik.","Saya pindah permainan slot gacor di BANDOTJP288 setelah yang pertama sepi. Lobby-nya satu pintu, gak logout. RTP meja kedua lebih nyambung, saya stop pas sudah plus tipis.","Saya main slot gacor BANDOTJP288 di HP sambil nunggu. Grafiknya ringan, jackpot dan RTP tetap kelihatan. Sesi pendek, saya tidak dipaksa gas besar.","Citra Melati","Aldi Salim","Rafi Maulana","Maya Sari","Bayu Firmansyah","BANDOTJP288 login","BANDOTJP288 daftar","Alternatif BANDOTJP288","BANDOTJP288 official","BANDOTJP288 apk"
"about-digimarcon-online","TOTO15","TOTO15 Kabar Maintenance Singkat Saldo Aman x About DigiMarCon Online","TOTO15 menghadirkan situs slot gacor dengan pintu masuk yang pendek dengan jalur login yang tidak muter-muter, data RTP terkini, dan pantauan jackpot yang rapi biar gak nyasar pindah situs.","<a href=""#"">TOTO15</a> menghadirkan situs slot gacor dengan pintu masuk yang pendek dengan jalur login yang tidak muter-muter, data RTP terkini, dan pantauan jackpot yang rapi biar gak nyasar pindah situs.","Kabar slot gacor TOTO15 hari ini","TOTO15 merapikan info RTP dan jackpot slot gacor","Kabar pola maxwin 2026 di situs slot gacor TOTO15","TOTO15 hadirkan pilihan slot gacor dalam satu lobby","Update jackpot terkini slot gacor TOTO15","Bisakah pindah permainan slot gacor tanpa daftar ulang di TOTO15?","Apakah slot gacor TOTO15 nyaman di HP?","Bagaimana kalau meja slot gacor di TOTO15 terasa dingin?","Apakah TOTO15 situs slot gacor yang bisa dicoba hari ini?","Bagaimana cara mulai main slot gacor di TOTO15?","Bisa. Slot gacor TOTO15 ada di satu akun. Ganti permainan tidak perlu login baru.","Nyaman. Lobby slot gacor TOTO15 ringkas di HP, RTP dan jackpot tetap kebaca, sesi bisa dipotong kapan saja.","Pindah permainan di lobby yang sama. TOTO15 tidak memaksa bertahan di satu meja kalau ritmenya tidak nyambung.","Ya. TOTO15 menata slot gacor dalam satu lobby. Anda bisa cek RTP, pilih permainan, lalu main pelan tanpa pindah situs.","Masuk TOTO15, pilih permainan slot gacor yang ingin dijajal, mulai dengan taruhan kecil. RTP dan info jackpot ada sebelum sesi berjalan.","Saya sempat ragu pola maxwin di TOTO15. Setelah dicoba, itu hanya panduan. Yang saya pakai justru pilih meja pelan dan tarik begitu sudah cukup.","Saya daftar TOTO15 lalu langsung ke slot gacor, tidak muter halaman. Info jackpot 2026-nya kebaca. Saya kunci sesi sebelum jadi lama.","Saya banding RTP beberapa permainan di TOTO15. Yang lebih tinggi saya jajal dulu. Slot gacor-nya tidak janji menang terus, dan itu yang bikin saya tenang.","Saya tarik dari TOTO15 setelah sesi slot gacor malam ini. Prosesnya rapi, tidak banyak tanya. Besok saya tidak maksa balik kalau mood tidak pas.","Saya chat TOTO15 soal permainan yang RTP-nya tidak muncul. Dijawab singkat, lalu saya pilih slot gacor lain. Alurnya manusiawi, tidak bertele.","Hendra Gunawan","Budi Hartono","Nisa Fadilah","Dinda Lestari","Bayu Firmansyah","TOTO15 login","TOTO15 daftar","Alternatif TOTO15","link alternatif TOTO15","TOTO15 wap"
"sponsorship-inquiries-online","M11TOTO","M11TOTO Coba Room yang Sepi Kadang Basah x Sponsorship Inquiries Online","M11TOTO siap dipakai sebagai situs slot gacor untuk main pelan hari ini dengan koleksi slot gacor dari beberapa provider, data RTP terkini, dan pantauan jackpot yang rapi dengan bantuan yang tetap bisa dihubungi.","<a href=""#"">M11TOTO</a> siap dipakai sebagai situs slot gacor untuk main pelan hari ini dengan koleksi slot gacor dari beberapa provider, data RTP terkini, dan pantauan jackpot yang rapi dengan bantuan yang tetap bisa dihubungi.","Update slot gacor M11TOTO hari ini","M11TOTO merapikan info RTP dan jackpot slot gacor","Kabar pola maxwin 2026 di situs slot gacor M11TOTO","M11TOTO hadirkan pilihan slot gacor dalam satu lobby","Update jackpot terkini slot gacor M11TOTO","Apakah slot gacor M11TOTO nyaman di HP?","Bagaimana kalau meja slot gacor di M11TOTO terasa dingin?","Apakah M11TOTO situs slot gacor yang bisa dicoba hari ini?","Bagaimana cara mulai main slot gacor di M11TOTO?","Apakah RTP slot gacor di M11TOTO bisa dilihat?","Nyaman. Lobby slot gacor M11TOTO ringkas di HP, RTP dan jackpot tetap kebaca, sesi bisa dipotong kapan saja.","Pindah permainan di lobby yang sama. M11TOTO tidak memaksa bertahan di satu meja kalau ritmenya tidak nyambung.","Ya. M11TOTO menata slot gacor dalam satu lobby. Anda bisa cek RTP, pilih permainan, lalu main pelan tanpa pindah situs.","Masuk M11TOTO, pilih permainan slot gacor yang ingin dijajal, mulai dengan taruhan kecil. RTP dan info jackpot ada sebelum sesi berjalan.","Bisa. M11TOTO menampilkan ringkasan RTP supaya pemain punya acuan pilih meja, bukan janji menang terus.","Saya bawa M11TOTO dari browser ke HP, slot gacor-nya tetap ada. Jackpot yang tadi saya lihat masih kebaca. Tidak perlu akun kedua.","Saya set limit sebelum buka slot gacor M11TOTO. Pas nyentuh, saya berhenti meski masih ingin spin. Disiplin itu yang saya bawa dari sesi ini.","Saya buka M11TOTO karena cari situs slot gacor yang denahnya jelas. RTP-nya kebaca, saya pilih satu permainan lalu main pelan. Habis ada naik tipis, saya tarik dan tidak nambah sesi.","Saya coba slot gacor di M11TOTO dengan taruhan kecil dulu. Pola yang tampil saya anggap catatan, bukan jaminan. Sesi itu cukup buat ngerasain mejanya, lalu saya tutup.","Saya lihat info jackpot di M11TOTO sebelum spin. Bukan angka gila, tapi cukup buat nentuin mau lanjut atau pindah. Slot gacor-nya terasa rapi, tidak berisik.","Fajar Nugroho","Ayu Rahma","Rizky Pratama","Dewi Anggraini","Budi Hartono","M11TOTO login","M11TOTO daftar","Alternatif M11TOTO","M11TOTO gacor","situs M11TOTO"
"speaker-requests-online","ROYAL22","ROYAL22 Update Chat CS Jam Satu Malam x Speaker Requests Online","ROYAL22 berdiri sebagai situs slot gacor yang menata permainan dalam satu lobby dengan koleksi slot gacor dari beberapa provider, update jackpot 2026, dan RTP yang tidak disembunyiin untuk main di HP maupun browser.","<a href=""#"">ROYAL22</a> berdiri sebagai situs slot gacor yang menata permainan dalam satu lobby dengan koleksi slot gacor dari beberapa provider, update jackpot 2026, dan RTP yang tidak disembunyiin untuk main di HP maupun browser.","Intip slot gacor ROYAL22 hari ini","ROYAL22 merapikan info RTP dan jackpot slot gacor","Kabar pola maxwin 2026 di situs slot gacor ROYAL22","ROYAL22 hadirkan pilihan slot gacor dalam satu lobby","Update jackpot terkini slot gacor ROYAL22","Bagaimana kalau meja slot gacor di ROYAL22 terasa dingin?","Apakah ROYAL22 situs slot gacor yang bisa dicoba hari ini?","Bagaimana cara mulai main slot gacor di ROYAL22?","Apakah RTP slot gacor di ROYAL22 bisa dilihat?","Bagaimana info jackpot di ROYAL22 diperbarui?","Pindah permainan di lobby yang sama. ROYAL22 tidak memaksa bertahan di satu meja kalau ritmenya tidak nyambung.","Ya. ROYAL22 menata slot gacor dalam satu lobby. Anda bisa cek RTP, pilih permainan, lalu main pelan tanpa pindah situs.","Masuk ROYAL22, pilih permainan slot gacor yang ingin dijajal, mulai dengan taruhan kecil. RTP dan info jackpot ada sebelum sesi berjalan.","Bisa. ROYAL22 menampilkan ringkasan RTP supaya pemain punya acuan pilih meja, bukan janji menang terus.","Informasi jackpot di ROYAL22 disusun agar kebaca sebelum main. Angkanya jadi pantauan, bukan slogan di judul.","Saya pindah permainan slot gacor di ROYAL22 setelah yang pertama sepi. Lobby-nya satu pintu, gak logout. RTP meja kedua lebih nyambung, saya stop pas sudah plus tipis.","Saya main slot gacor ROYAL22 di HP sambil nunggu. Grafiknya ringan, jackpot dan RTP tetap kelihatan. Sesi pendek, saya tidak dipaksa gas besar.","Saya sempat ragu pola maxwin di ROYAL22. Setelah dicoba, itu hanya panduan. Yang saya pakai justru pilih meja pelan dan tarik begitu sudah cukup.","Saya daftar ROYAL22 lalu langsung ke slot gacor, tidak muter halaman. Info jackpot 2026-nya kebaca. Saya kunci sesi sebelum jadi lama.","Saya banding RTP beberapa permainan di ROYAL22. Yang lebih tinggi saya jajal dulu. Slot gacor-nya tidak janji menang terus, dan itu yang bikin saya tenang.","Lina Kartika","Rafi Maulana","Yoga Prasetyo","Budi Hartono","Alika Rahman","ROYAL22 login","ROYAL22 daftar","Alternatif ROYAL22","ROYAL22 slot gacor","ROYAL22 terpercaya"
"volunteer-applications-online","INATOGEL","INATOGEL Yuk Bandingkan Lobby sama WD Angkanya x Volunteer Applications Online","INATOGEL hadir sebagai situs slot gacor gampang menang hari ini dengan link pola maxwin terbaru 2026, update jackpot 2026, dan RTP yang tidak disembunyiin.","<a href=""#"">INATOGEL</a> hadir sebagai situs slot gacor gampang menang hari ini dengan link pola maxwin terbaru 2026, update jackpot 2026, dan RTP yang tidak disembunyiin.","Yuk cek slot gacor INATOGEL hari ini","INATOGEL merapikan info RTP dan jackpot slot gacor","Kabar pola maxwin 2026 di situs slot gacor INATOGEL","INATOGEL hadirkan pilihan slot gacor dalam satu lobby","Update jackpot terkini slot gacor INATOGEL","Apakah INATOGEL situs slot gacor yang bisa dicoba hari ini?","Bagaimana cara mulai main slot gacor di INATOGEL?","Apakah RTP slot gacor di INATOGEL bisa dilihat?","Bagaimana info jackpot di INATOGEL diperbarui?","Apakah pola maxwin di INATOGEL wajib diikuti?","Ya. INATOGEL menata slot gacor dalam satu lobby. Anda bisa cek RTP, pilih permainan, lalu main pelan tanpa pindah situs.","Masuk INATOGEL, pilih permainan slot gacor yang ingin dijajal, mulai dengan taruhan kecil. RTP dan info jackpot ada sebelum sesi berjalan.","Bisa. INATOGEL menampilkan ringkasan RTP supaya pemain punya acuan pilih meja, bukan janji menang terus.","Informasi jackpot di INATOGEL disusun agar kebaca sebelum main. Angkanya jadi pantauan, bukan slogan di judul.","Tidak wajib. Pola di INATOGEL hanya referensi. Keputusan taruhan tetap di pemain, meja tetap bisa diganti kalau terasa sepi.","Saya tarik dari INATOGEL setelah sesi slot gacor malam ini. Prosesnya rapi, tidak banyak tanya. Besok saya tidak maksa balik kalau mood tidak pas.","Saya chat INATOGEL soal permainan yang RTP-nya tidak muncul. Dijawab singkat, lalu saya pilih slot gacor lain. Alurnya manusiawi, tidak bertele.","Saya bawa INATOGEL dari browser ke HP, slot gacor-nya tetap ada. Jackpot yang tadi saya lihat masih kebaca. Tidak perlu akun kedua.","Saya set limit sebelum buka slot gacor INATOGEL. Pas nyentuh, saya berhenti meski masih ingin spin. Disiplin itu yang saya bawa dari sesi ini.","Saya buka INATOGEL karena cari situs slot gacor yang denahnya jelas. RTP-nya kebaca, saya pilih satu permainan lalu main pelan. Habis ada naik tipis, saya tarik dan tidak nambah sesi.","Rafi Maulana","Hendra Gunawan","Dinda Lestari","Rizky Pratama","Nisa Fadilah","INATOGEL login","INATOGEL daftar","Alternatif INATOGEL","INATOGEL link login","INATOGEL slot online"
"faqs-online","NAGACC","NAGACC Jangan Serakah 5 Spin Terakhir x FAQ's Online","NAGACC dikenal sebagai situs slot gacor yang nyaman dijajal hari ini dengan link pola maxwin terbaru 2026, update jackpot 2026, dan RTP yang tidak disembunyiin tanpa banyak slogan.","<a href=""#"">NAGACC</a> dikenal sebagai situs slot gacor yang nyaman dijajal hari ini dengan link pola maxwin terbaru 2026, update jackpot 2026, dan RTP yang tidak disembunyiin tanpa banyak slogan.","Jangan lewatkan slot gacor NAGACC hari ini","NAGACC merapikan info RTP dan jackpot slot gacor","Kabar pola maxwin 2026 di situs slot gacor NAGACC","NAGACC hadirkan pilihan slot gacor dalam satu lobby","Update jackpot terkini slot gacor NAGACC","Bagaimana cara mulai main slot gacor di NAGACC?","Apakah RTP slot gacor di NAGACC bisa dilihat?","Bagaimana info jackpot di NAGACC diperbarui?","Apakah pola maxwin di NAGACC wajib diikuti?","Bisakah pindah permainan slot gacor tanpa daftar ulang di NAGACC?","Masuk NAGACC, pilih permainan slot gacor yang ingin dijajal, mulai dengan taruhan kecil. RTP dan info jackpot ada sebelum sesi berjalan.","Bisa. NAGACC menampilkan ringkasan RTP supaya pemain punya acuan pilih meja, bukan janji menang terus.","Informasi jackpot di NAGACC disusun agar kebaca sebelum main. Angkanya jadi pantauan, bukan slogan di judul.","Tidak wajib. Pola di NAGACC hanya referensi. Keputusan taruhan tetap di pemain, meja tetap bisa diganti kalau terasa sepi.","Bisa. Slot gacor NAGACC ada di satu akun. Ganti permainan tidak perlu login baru.","Saya coba slot gacor di NAGACC dengan taruhan kecil dulu. Pola yang tampil saya anggap catatan, bukan jaminan. Sesi itu cukup buat ngerasain mejanya, lalu saya tutup.","Saya lihat info jackpot di NAGACC sebelum spin. Bukan angka gila, tapi cukup buat nentuin mau lanjut atau pindah. Slot gacor-nya terasa rapi, tidak berisik.","Saya pindah permainan slot gacor di NAGACC setelah yang pertama sepi. Lobby-nya satu pintu, gak logout. RTP meja kedua lebih nyambung, saya stop pas sudah plus tipis.","Saya main slot gacor NAGACC di HP sambil nunggu. Grafiknya ringan, jackpot dan RTP tetap kelihatan. Sesi pendek, saya tidak dipaksa gas besar.","Saya sempat ragu pola maxwin di NAGACC. Setelah dicoba, itu hanya panduan. Yang saya pakai justru pilih meja pelan dan tarik begitu sudah cukup.","Citra Melati","Dewi Anggraini","Rafi Maulana","Andi Saputra","Fajar Nugroho","NAGACC login","NAGACC daftar","Alternatif NAGACC","NAGACC slot","NAGACC rtp"
"press-passes-online","TOYOTA303","TOYOTA303 Hadir di Meja Sugar Rush x Press Passes Online","TOYOTA303 menjadi pilihan situs slot gacor buat sesi harian dengan pembaruan pola main yang dibahas tahun 2026, informasi jackpot yang mudah dibaca, dan RTP yang membantu pilih meja untuk pemain yang mau coba dulu.","<a href=""#"">TOYOTA303</a> menjadi pilihan situs slot gacor buat sesi harian dengan pembaruan pola main yang dibahas tahun 2026, informasi jackpot yang mudah dibaca, dan RTP yang membantu pilih meja untuk pemain yang mau coba dulu.","Kabar slot gacor TOYOTA303 hari ini","TOYOTA303 merapikan info RTP dan jackpot slot gacor","Kabar pola maxwin 2026 di situs slot gacor TOYOTA303","TOYOTA303 hadirkan pilihan slot gacor dalam satu lobby","Update jackpot terkini slot gacor TOYOTA303","Apakah RTP slot gacor di TOYOTA303 bisa dilihat?","Bagaimana info jackpot di TOYOTA303 diperbarui?","Apakah pola maxwin di TOYOTA303 wajib diikuti?","Bisakah pindah permainan slot gacor tanpa daftar ulang di TOYOTA303?","Apakah slot gacor TOYOTA303 nyaman di HP?","Bisa. TOYOTA303 menampilkan ringkasan RTP supaya pemain punya acuan pilih meja, bukan janji menang terus.","Informasi jackpot di TOYOTA303 disusun agar kebaca sebelum main. Angkanya jadi pantauan, bukan slogan di judul.","Tidak wajib. Pola di TOYOTA303 hanya referensi. Keputusan taruhan tetap di pemain, meja tetap bisa diganti kalau terasa sepi.","Bisa. Slot gacor TOYOTA303 ada di satu akun. Ganti permainan tidak perlu login baru.","Nyaman. Lobby slot gacor TOYOTA303 ringkas di HP, RTP dan jackpot tetap kebaca, sesi bisa dipotong kapan saja.","Saya daftar TOYOTA303 lalu langsung ke slot gacor, tidak muter halaman. Info jackpot 2026-nya kebaca. Saya kunci sesi sebelum jadi lama.","Saya banding RTP beberapa permainan di TOYOTA303. Yang lebih tinggi saya jajal dulu. Slot gacor-nya tidak janji menang terus, dan itu yang bikin saya tenang.","Saya tarik dari TOYOTA303 setelah sesi slot gacor malam ini. Prosesnya rapi, tidak banyak tanya. Besok saya tidak maksa balik kalau mood tidak pas.","Saya chat TOYOTA303 soal permainan yang RTP-nya tidak muncul. Dijawab singkat, lalu saya pilih slot gacor lain. Alurnya manusiawi, tidak bertele.","Saya bawa TOYOTA303 dari browser ke HP, slot gacor-nya tetap ada. Jackpot yang tadi saya lihat masih kebaca. Tidak perlu akun kedua.","Dimas Kurniawan","Mutiara Kartika","Eko Santoso","Dewi Anggraini","Hendra Gunawan","TOYOTA303 login","TOYOTA303 daftar","Alternatif TOYOTA303","TOYOTA303 link","TOYOTA303 masuk"
"virtual-pass-online","RUMAHMPO","RUMAHMPO Sesi Nunggu Oven 12 Menit x Virtual Pass Online","RUMAHMPO menyediakan akses situs slot gacor dengan alur yang ringkas dengan pembaruan pola main yang dibahas tahun 2026, informasi jackpot yang mudah dibaca, dan RTP yang membantu pilih meja dengan sesi yang bisa ditutup kapan saja.","<a href=""#"">RUMAHMPO</a> menyediakan akses situs slot gacor dengan alur yang ringkas dengan pembaruan pola main yang dibahas tahun 2026, informasi jackpot yang mudah dibaca, dan RTP yang membantu pilih meja dengan sesi yang bisa ditutup kapan saja.","Update slot gacor RUMAHMPO hari ini","RUMAHMPO merapikan info RTP dan jackpot slot gacor","Kabar pola maxwin 2026 di situs slot gacor RUMAHMPO","RUMAHMPO hadirkan pilihan slot gacor dalam satu lobby","Update jackpot terkini slot gacor RUMAHMPO","Bagaimana info jackpot di RUMAHMPO diperbarui?","Apakah pola maxwin di RUMAHMPO wajib diikuti?","Bisakah pindah permainan slot gacor tanpa daftar ulang di RUMAHMPO?","Apakah slot gacor RUMAHMPO nyaman di HP?","Bagaimana kalau meja slot gacor di RUMAHMPO terasa dingin?","Informasi jackpot di RUMAHMPO disusun agar kebaca sebelum main. Angkanya jadi pantauan, bukan slogan di judul.","Tidak wajib. Pola di RUMAHMPO hanya referensi. Keputusan taruhan tetap di pemain, meja tetap bisa diganti kalau terasa sepi.","Bisa. Slot gacor RUMAHMPO ada di satu akun. Ganti permainan tidak perlu login baru.","Nyaman. Lobby slot gacor RUMAHMPO ringkas di HP, RTP dan jackpot tetap kebaca, sesi bisa dipotong kapan saja.","Pindah permainan di lobby yang sama. RUMAHMPO tidak memaksa bertahan di satu meja kalau ritmenya tidak nyambung.","Saya set limit sebelum buka slot gacor RUMAHMPO. Pas nyentuh, saya berhenti meski masih ingin spin. Disiplin itu yang saya bawa dari sesi ini.","Saya buka RUMAHMPO karena cari situs slot gacor yang denahnya jelas. RTP-nya kebaca, saya pilih satu permainan lalu main pelan. Habis ada naik tipis, saya tarik dan tidak nambah sesi.","Saya coba slot gacor di RUMAHMPO dengan taruhan kecil dulu. Pola yang tampil saya anggap catatan, bukan jaminan. Sesi itu cukup buat ngerasain mejanya, lalu saya tutup.","Saya lihat info jackpot di RUMAHMPO sebelum spin. Bukan angka gila, tapi cukup buat nentuin mau lanjut atau pindah. Slot gacor-nya terasa rapi, tidak berisik.","Saya pindah permainan slot gacor di RUMAHMPO setelah yang pertama sepi. Lobby-nya satu pintu, gak logout. RTP meja kedua lebih nyambung, saya stop pas sudah plus tipis.","Agus Wijaya","Mutiara Kartika","Yoga Prasetyo","Lina Kartika","Budi Hartono","RUMAHMPO login","RUMAHMPO daftar","Alternatif RUMAHMPO","RUMAHMPO official","RUMAHMPO apk"
"group-rates-online","PT777","PT777 Kabar Double Debit yang Gak Kejadian x Group Rates Online","PT777 tampil sebagai situs slot gacor resmi yang gampang diikuti dengan akses permainan slot gacor yang dirapikan, informasi jackpot yang mudah dibaca, dan RTP yang membantu pilih meja supaya denah permainannya kebaca.","<a href=""#"">PT777</a> tampil sebagai situs slot gacor resmi yang gampang diikuti dengan akses permainan slot gacor yang dirapikan, informasi jackpot yang mudah dibaca, dan RTP yang membantu pilih meja supaya denah permainannya kebaca.","Intip slot gacor PT777 hari ini","PT777 merapikan info RTP dan jackpot slot gacor","Kabar pola maxwin 2026 di situs slot gacor PT777","PT777 hadirkan pilihan slot gacor dalam satu lobby","Update jackpot terkini slot gacor PT777","Apakah pola maxwin di PT777 wajib diikuti?","Bisakah pindah permainan slot gacor tanpa daftar ulang di PT777?","Apakah slot gacor PT777 nyaman di HP?","Bagaimana kalau meja slot gacor di PT777 terasa dingin?","Apakah PT777 situs slot gacor yang bisa dicoba hari ini?","Tidak wajib. Pola di PT777 hanya referensi. Keputusan taruhan tetap di pemain, meja tetap bisa diganti kalau terasa sepi.","Bisa. Slot gacor PT777 ada di satu akun. Ganti permainan tidak perlu login baru.","Nyaman. Lobby slot gacor PT777 ringkas di HP, RTP dan jackpot tetap kebaca, sesi bisa dipotong kapan saja.","Pindah permainan di lobby yang sama. PT777 tidak memaksa bertahan di satu meja kalau ritmenya tidak nyambung.","Ya. PT777 menata slot gacor dalam satu lobby. Anda bisa cek RTP, pilih permainan, lalu main pelan tanpa pindah situs.","Saya main slot gacor PT777 di HP sambil nunggu. Grafiknya ringan, jackpot dan RTP tetap kelihatan. Sesi pendek, saya tidak dipaksa gas besar.","Saya sempat ragu pola maxwin di PT777. Setelah dicoba, itu hanya panduan. Yang saya pakai justru pilih meja pelan dan tarik begitu sudah cukup.","Saya daftar PT777 lalu langsung ke slot gacor, tidak muter halaman. Info jackpot 2026-nya kebaca. Saya kunci sesi sebelum jadi lama.","Saya banding RTP beberapa permainan di PT777. Yang lebih tinggi saya jajal dulu. Slot gacor-nya tidak janji menang terus, dan itu yang bikin saya tenang.","Saya tarik dari PT777 setelah sesi slot gacor malam ini. Prosesnya rapi, tidak banyak tanya. Besok saya tidak maksa balik kalau mood tidak pas.","Nisa Fadilah","Dinda Lestari","Eko Santoso","Andi Saputra","Bayu Firmansyah","PT777 login","PT777 daftar","Alternatif PT777","link alternatif PT777","PT777 wap"
"student-rates-online","MPO555","MPO555 Coba Silent Mode biar Gak Berisik x Student Rates Online","MPO555 menghadirkan situs slot gacor dengan pintu masuk yang pendek dengan akses permainan slot gacor yang dirapikan, pantauan RTP, dan kabar jackpot yang tidak berlebihan biar gak nyasar pindah situs.","<a href=""#"">MPO555</a> menghadirkan situs slot gacor dengan pintu masuk yang pendek dengan akses permainan slot gacor yang dirapikan, pantauan RTP, dan kabar jackpot yang tidak berlebihan biar gak nyasar pindah situs.","Yuk cek slot gacor MPO555 hari ini","MPO555 merapikan info RTP dan jackpot slot gacor","Kabar pola maxwin 2026 di situs slot gacor MPO555","MPO555 hadirkan pilihan slot gacor dalam satu lobby","Update jackpot terkini slot gacor MPO555","Bisakah pindah permainan slot gacor tanpa daftar ulang di MPO555?","Apakah slot gacor MPO555 nyaman di HP?","Bagaimana kalau meja slot gacor di MPO555 terasa dingin?","Apakah MPO555 situs slot gacor yang bisa dicoba hari ini?","Bagaimana cara mulai main slot gacor di MPO555?","Bisa. Slot gacor MPO555 ada di satu akun. Ganti permainan tidak perlu login baru.","Nyaman. Lobby slot gacor MPO555 ringkas di HP, RTP dan jackpot tetap kebaca, sesi bisa dipotong kapan saja.","Pindah permainan di lobby yang sama. MPO555 tidak memaksa bertahan di satu meja kalau ritmenya tidak nyambung.","Ya. MPO555 menata slot gacor dalam satu lobby. Anda bisa cek RTP, pilih permainan, lalu main pelan tanpa pindah situs.","Masuk MPO555, pilih permainan slot gacor yang ingin dijajal, mulai dengan taruhan kecil. RTP dan info jackpot ada sebelum sesi berjalan.","Saya chat MPO555 soal permainan yang RTP-nya tidak muncul. Dijawab singkat, lalu saya pilih slot gacor lain. Alurnya manusiawi, tidak bertele.","Saya bawa MPO555 dari browser ke HP, slot gacor-nya tetap ada. Jackpot yang tadi saya lihat masih kebaca. Tidak perlu akun kedua.","Saya set limit sebelum buka slot gacor MPO555. Pas nyentuh, saya berhenti meski masih ingin spin. Disiplin itu yang saya bawa dari sesi ini.","Saya buka MPO555 karena cari situs slot gacor yang denahnya jelas. RTP-nya kebaca, saya pilih satu permainan lalu main pelan. Habis ada naik tipis, saya tarik dan tidak nambah sesi.","Saya coba slot gacor di MPO555 dengan taruhan kecil dulu. Pola yang tampil saya anggap catatan, bukan jaminan. Sesi itu cukup buat ngerasain mejanya, lalu saya tutup.","Arif Rahman","Putri Ayu","Hendra Gunawan","Maya Sari","Budi Hartono","MPO555 login","MPO555 daftar","Alternatif MPO555","MPO555 gacor","situs MPO555"
"rates-pass-details-online","KOMBO88","KOMBO88 Update Pola Kasar dalam 5 Spin x Rates & Pass Details Online","KOMBO88 siap dipakai sebagai situs slot gacor untuk main pelan hari ini dengan pilihan meja yang gampang dicari, pantauan RTP, dan kabar jackpot yang tidak berlebihan dengan bantuan yang tetap bisa dihubungi.","<a href=""#"">KOMBO88</a> siap dipakai sebagai situs slot gacor untuk main pelan hari ini dengan pilihan meja yang gampang dicari, pantauan RTP, dan kabar jackpot yang tidak berlebihan dengan bantuan yang tetap bisa dihubungi.","Jangan lewatkan slot gacor KOMBO88 hari ini","KOMBO88 merapikan info RTP dan jackpot slot gacor","Kabar pola maxwin 2026 di situs slot gacor KOMBO88","KOMBO88 hadirkan pilihan slot gacor dalam satu lobby","Update jackpot terkini slot gacor KOMBO88","Apakah slot gacor KOMBO88 nyaman di HP?","Bagaimana kalau meja slot gacor di KOMBO88 terasa dingin?","Apakah KOMBO88 situs slot gacor yang bisa dicoba hari ini?","Bagaimana cara mulai main slot gacor di KOMBO88?","Apakah RTP slot gacor di KOMBO88 bisa dilihat?","Nyaman. Lobby slot gacor KOMBO88 ringkas di HP, RTP dan jackpot tetap kebaca, sesi bisa dipotong kapan saja.","Pindah permainan di lobby yang sama. KOMBO88 tidak memaksa bertahan di satu meja kalau ritmenya tidak nyambung.","Ya. KOMBO88 menata slot gacor dalam satu lobby. Anda bisa cek RTP, pilih permainan, lalu main pelan tanpa pindah situs.","Masuk KOMBO88, pilih permainan slot gacor yang ingin dijajal, mulai dengan taruhan kecil. RTP dan info jackpot ada sebelum sesi berjalan.","Bisa. KOMBO88 menampilkan ringkasan RTP supaya pemain punya acuan pilih meja, bukan janji menang terus.","Saya lihat info jackpot di KOMBO88 sebelum spin. Bukan angka gila, tapi cukup buat nentuin mau lanjut atau pindah. Slot gacor-nya terasa rapi, tidak berisik.","Saya pindah permainan slot gacor di KOMBO88 setelah yang pertama sepi. Lobby-nya satu pintu, gak logout. RTP meja kedua lebih nyambung, saya stop pas sudah plus tipis.","Saya main slot gacor KOMBO88 di HP sambil nunggu. Grafiknya ringan, jackpot dan RTP tetap kelihatan. Sesi pendek, saya tidak dipaksa gas besar.","Saya sempat ragu pola maxwin di KOMBO88. Setelah dicoba, itu hanya panduan. Yang saya pakai justru pilih meja pelan dan tarik begitu sudah cukup.","Saya daftar KOMBO88 lalu langsung ke slot gacor, tidak muter halaman. Info jackpot 2026-nya kebaca. Saya kunci sesi sebelum jadi lama.","Mutiara Kartika","Maya Sari","Dimas Kurniawan","Andi Saputra","Bayu Firmansyah","KOMBO88 login","KOMBO88 daftar","Alternatif KOMBO88","KOMBO88 slot gacor","KOMBO88 terpercaya"
"upgrades-add-ons-online","LUNABET78","LUNABET78 Yuk Kunci Sesi di Plus Tipis x Upgrades & Add-ons Online","LUNABET78 berdiri sebagai situs slot gacor yang menata permainan dalam satu lobby dengan pilihan meja yang gampang dicari, pantauan RTP, dan kabar jackpot yang tidak berlebihan untuk main di HP maupun browser.","<a href=""#"">LUNABET78</a> berdiri sebagai situs slot gacor yang menata permainan dalam satu lobby dengan pilihan meja yang gampang dicari, pantauan RTP, dan kabar jackpot yang tidak berlebihan untuk main di HP maupun browser.","Kabar slot gacor LUNABET78 hari ini","LUNABET78 merapikan info RTP dan jackpot slot gacor","Kabar pola maxwin 2026 di situs slot gacor LUNABET78","LUNABET78 hadirkan pilihan slot gacor dalam satu lobby","Update jackpot terkini slot gacor LUNABET78","Bagaimana kalau meja slot gacor di LUNABET78 terasa dingin?","Apakah LUNABET78 situs slot gacor yang bisa dicoba hari ini?","Bagaimana cara mulai main slot gacor di LUNABET78?","Apakah RTP slot gacor di LUNABET78 bisa dilihat?","Bagaimana info jackpot di LUNABET78 diperbarui?","Pindah permainan di lobby yang sama. LUNABET78 tidak memaksa bertahan di satu meja kalau ritmenya tidak nyambung.","Ya. LUNABET78 menata slot gacor dalam satu lobby. Anda bisa cek RTP, pilih permainan, lalu main pelan tanpa pindah situs.","Masuk LUNABET78, pilih permainan slot gacor yang ingin dijajal, mulai dengan taruhan kecil. RTP dan info jackpot ada sebelum sesi berjalan.","Bisa. LUNABET78 menampilkan ringkasan RTP supaya pemain punya acuan pilih meja, bukan janji menang terus.","Informasi jackpot di LUNABET78 disusun agar kebaca sebelum main. Angkanya jadi pantauan, bukan slogan di judul.","Saya banding RTP beberapa permainan di LUNABET78. Yang lebih tinggi saya jajal dulu. Slot gacor-nya tidak janji menang terus, dan itu yang bikin saya tenang.","Saya tarik dari LUNABET78 setelah sesi slot gacor malam ini. Prosesnya rapi, tidak banyak tanya. Besok saya tidak maksa balik kalau mood tidak pas.","Saya chat LUNABET78 soal permainan yang RTP-nya tidak muncul. Dijawab singkat, lalu saya pilih slot gacor lain. Alurnya manusiawi, tidak bertele.","Saya bawa LUNABET78 dari browser ke HP, slot gacor-nya tetap ada. Jackpot yang tadi saya lihat masih kebaca. Tidak perlu akun kedua.","Saya set limit sebelum buka slot gacor LUNABET78. Pas nyentuh, saya berhenti meski masih ingin spin. Disiplin itu yang saya bawa dari sesi ini.","Aldi Salim","Rafi Maulana","Alika Rahman","Andi Saputra","Rina Wulandari","LUNABET78 login","LUNABET78 daftar","Alternatif LUNABET78","LUNABET78 link login","LUNABET78 slot online"
"lets-connect-online","AUDY88","AUDY88 Jangan Lewatkan Notif Game Baru yang Ringan x Let's Connect Online","AUDY88 hadir sebagai situs slot gacor gampang menang hari ini dengan info RTP yang kebaca sebelum mulai, RTP tinggi, dan informasi jackpot terkini.","<a href=""#"">AUDY88</a> hadir sebagai situs slot gacor gampang menang hari ini dengan info RTP yang kebaca sebelum mulai, RTP tinggi, dan informasi jackpot terkini.","Update slot gacor AUDY88 hari ini","AUDY88 merapikan info RTP dan jackpot slot gacor","Kabar pola maxwin 2026 di situs slot gacor AUDY88","AUDY88 hadirkan pilihan slot gacor dalam satu lobby","Update jackpot terkini slot gacor AUDY88","Apakah AUDY88 situs slot gacor yang bisa dicoba hari ini?","Bagaimana cara mulai main slot gacor di AUDY88?","Apakah RTP slot gacor di AUDY88 bisa dilihat?","Bagaimana info jackpot di AUDY88 diperbarui?","Apakah pola maxwin di AUDY88 wajib diikuti?","Ya. AUDY88 menata slot gacor dalam satu lobby. Anda bisa cek RTP, pilih permainan, lalu main pelan tanpa pindah situs.","Masuk AUDY88, pilih permainan slot gacor yang ingin dijajal, mulai dengan taruhan kecil. RTP dan info jackpot ada sebelum sesi berjalan.","Bisa. AUDY88 menampilkan ringkasan RTP supaya pemain punya acuan pilih meja, bukan janji menang terus.","Informasi jackpot di AUDY88 disusun agar kebaca sebelum main. Angkanya jadi pantauan, bukan slogan di judul.","Tidak wajib. Pola di AUDY88 hanya referensi. Keputusan taruhan tetap di pemain, meja tetap bisa diganti kalau terasa sepi.","Saya buka AUDY88 karena cari situs slot gacor yang denahnya jelas. RTP-nya kebaca, saya pilih satu permainan lalu main pelan. Habis ada naik tipis, saya tarik dan tidak nambah sesi.","Saya coba slot gacor di AUDY88 dengan taruhan kecil dulu. Pola yang tampil saya anggap catatan, bukan jaminan. Sesi itu cukup buat ngerasain mejanya, lalu saya tutup.","Saya lihat info jackpot di AUDY88 sebelum spin. Bukan angka gila, tapi cukup buat nentuin mau lanjut atau pindah. Slot gacor-nya terasa rapi, tidak berisik.","Saya pindah permainan slot gacor di AUDY88 setelah yang pertama sepi. Lobby-nya satu pintu, gak logout. RTP meja kedua lebih nyambung, saya stop pas sudah plus tipis.","Saya main slot gacor AUDY88 di HP sambil nunggu. Grafiknya ringan, jackpot dan RTP tetap kelihatan. Sesi pendek, saya tidak dipaksa gas besar.","Dimas Kurniawan","Andi Saputra","Putri Ayu","Eko Santoso","Alika Rahman","AUDY88 login","AUDY88 daftar","Alternatif AUDY88","AUDY88 slot","AUDY88 rtp"
"get-involved-online","DABOGAMING","DABOGAMING Hadir di Lobby Koi Gate x Get Involved Online","DABOGAMING dikenal sebagai situs slot gacor yang nyaman dijajal hari ini dengan info RTP yang kebaca sebelum mulai, RTP tinggi, dan informasi jackpot terkini tanpa banyak slogan.","<a href=""#"">DABOGAMING</a> dikenal sebagai situs slot gacor yang nyaman dijajal hari ini dengan info RTP yang kebaca sebelum mulai, RTP tinggi, dan informasi jackpot terkini tanpa banyak slogan.","Intip slot gacor DABOGAMING hari ini","DABOGAMING merapikan info RTP dan jackpot slot gacor","Kabar pola maxwin 2026 di situs slot gacor DABOGAMING","DABOGAMING hadirkan pilihan slot gacor dalam satu lobby","Update jackpot terkini slot gacor DABOGAMING","Bagaimana cara mulai main slot gacor di DABOGAMING?","Apakah RTP slot gacor di DABOGAMING bisa dilihat?","Bagaimana info jackpot di DABOGAMING diperbarui?","Apakah pola maxwin di DABOGAMING wajib diikuti?","Bisakah pindah permainan slot gacor tanpa daftar ulang di DABOGAMING?","Masuk DABOGAMING, pilih permainan slot gacor yang ingin dijajal, mulai dengan taruhan kecil. RTP dan info jackpot ada sebelum sesi berjalan.","Bisa. DABOGAMING menampilkan ringkasan RTP supaya pemain punya acuan pilih meja, bukan janji menang terus.","Informasi jackpot di DABOGAMING disusun agar kebaca sebelum main. Angkanya jadi pantauan, bukan slogan di judul.","Tidak wajib. Pola di DABOGAMING hanya referensi. Keputusan taruhan tetap di pemain, meja tetap bisa diganti kalau terasa sepi.","Bisa. Slot gacor DABOGAMING ada di satu akun. Ganti permainan tidak perlu login baru.","Saya sempat ragu pola maxwin di DABOGAMING. Setelah dicoba, itu hanya panduan. Yang saya pakai justru pilih meja pelan dan tarik begitu sudah cukup.","Saya daftar DABOGAMING lalu langsung ke slot gacor, tidak muter halaman. Info jackpot 2026-nya kebaca. Saya kunci sesi sebelum jadi lama.","Saya banding RTP beberapa permainan di DABOGAMING. Yang lebih tinggi saya jajal dulu. Slot gacor-nya tidak janji menang terus, dan itu yang bikin saya tenang.","Saya tarik dari DABOGAMING setelah sesi slot gacor malam ini. Prosesnya rapi, tidak banyak tanya. Besok saya tidak maksa balik kalau mood tidak pas.","Saya chat DABOGAMING soal permainan yang RTP-nya tidak muncul. Dijawab singkat, lalu saya pilih slot gacor lain. Alurnya manusiawi, tidak bertele.","Rafi Maulana","Nadia Putri","Fajar Nugroho","Bayu Firmansyah","Dewi Anggraini","DABOGAMING login","DABOGAMING daftar","Alternatif DABOGAMING","DABOGAMING link","DABOGAMING masuk"
"call-for-volunteers-online","AYAMJP","AYAMJP Sesi Nunggu Motor Dicuci x Call for Volunteers Online","AYAMJP menjadi pilihan situs slot gacor buat sesi harian dengan katalog permainan yang tidak tercecer, RTP tinggi, dan informasi jackpot terkini untuk pemain yang mau coba dulu.","<a href=""#"">AYAMJP</a> menjadi pilihan situs slot gacor buat sesi harian dengan katalog permainan yang tidak tercecer, RTP tinggi, dan informasi jackpot terkini untuk pemain yang mau coba dulu.","Yuk cek slot gacor AYAMJP hari ini","AYAMJP merapikan info RTP dan jackpot slot gacor","Kabar pola maxwin 2026 di situs slot gacor AYAMJP","AYAMJP hadirkan pilihan slot gacor dalam satu lobby","Update jackpot terkini slot gacor AYAMJP","Apakah RTP slot gacor di AYAMJP bisa dilihat?","Bagaimana info jackpot di AYAMJP diperbarui?","Apakah pola maxwin di AYAMJP wajib diikuti?","Bisakah pindah permainan slot gacor tanpa daftar ulang di AYAMJP?","Apakah slot gacor AYAMJP nyaman di HP?","Bisa. AYAMJP menampilkan ringkasan RTP supaya pemain punya acuan pilih meja, bukan janji menang terus.","Informasi jackpot di AYAMJP disusun agar kebaca sebelum main. Angkanya jadi pantauan, bukan slogan di judul.","Tidak wajib. Pola di AYAMJP hanya referensi. Keputusan taruhan tetap di pemain, meja tetap bisa diganti kalau terasa sepi.","Bisa. Slot gacor AYAMJP ada di satu akun. Ganti permainan tidak perlu login baru.","Nyaman. Lobby slot gacor AYAMJP ringkas di HP, RTP dan jackpot tetap kebaca, sesi bisa dipotong kapan saja.","Saya bawa AYAMJP dari browser ke HP, slot gacor-nya tetap ada. Jackpot yang tadi saya lihat masih kebaca. Tidak perlu akun kedua.","Saya set limit sebelum buka slot gacor AYAMJP. Pas nyentuh, saya berhenti meski masih ingin spin. Disiplin itu yang saya bawa dari sesi ini.","Saya buka AYAMJP karena cari situs slot gacor yang denahnya jelas. RTP-nya kebaca, saya pilih satu permainan lalu main pelan. Habis ada naik tipis, saya tarik dan tidak nambah sesi.","Saya coba slot gacor di AYAMJP dengan taruhan kecil dulu. Pola yang tampil saya anggap catatan, bukan jaminan. Sesi itu cukup buat ngerasain mejanya, lalu saya tutup.","Saya lihat info jackpot di AYAMJP sebelum spin. Bukan angka gila, tapi cukup buat nentuin mau lanjut atau pindah. Slot gacor-nya terasa rapi, tidak berisik.","Nadia Putri","Fajar Nugroho","Dinda Lestari","Agus Wijaya","Arif Rahman","AYAMJP login","AYAMJP daftar","Alternatif AYAMJP","AYAMJP official","AYAMJP apk"
"live-on-demand-online","KERA4D","KERA4D Kabar Screenshot CS yang Sekali Kirim x Live & On Demand Online","KERA4D menyediakan akses situs slot gacor dengan alur yang ringkas dengan katalog permainan yang tidak tercecer, ringkasan jackpot harian, dan catatan RTP yang jelas dengan sesi yang bisa ditutup kapan saja.","<a href=""#"">KERA4D</a> menyediakan akses situs slot gacor dengan alur yang ringkas dengan katalog permainan yang tidak tercecer, ringkasan jackpot harian, dan catatan RTP yang jelas dengan sesi yang bisa ditutup kapan saja.","Jangan lewatkan slot gacor KERA4D hari ini","KERA4D merapikan info RTP dan jackpot slot gacor","Kabar pola maxwin 2026 di situs slot gacor KERA4D","KERA4D hadirkan pilihan slot gacor dalam satu lobby","Update jackpot terkini slot gacor KERA4D","Bagaimana info jackpot di KERA4D diperbarui?","Apakah pola maxwin di KERA4D wajib diikuti?","Bisakah pindah permainan slot gacor tanpa daftar ulang di KERA4D?","Apakah slot gacor KERA4D nyaman di HP?","Bagaimana kalau meja slot gacor di KERA4D terasa dingin?","Informasi jackpot di KERA4D disusun agar kebaca sebelum main. Angkanya jadi pantauan, bukan slogan di judul.","Tidak wajib. Pola di KERA4D hanya referensi. Keputusan taruhan tetap di pemain, meja tetap bisa diganti kalau terasa sepi.","Bisa. Slot gacor KERA4D ada di satu akun. Ganti permainan tidak perlu login baru.","Nyaman. Lobby slot gacor KERA4D ringkas di HP, RTP dan jackpot tetap kebaca, sesi bisa dipotong kapan saja.","Pindah permainan di lobby yang sama. KERA4D tidak memaksa bertahan di satu meja kalau ritmenya tidak nyambung.","Saya pindah permainan slot gacor di KERA4D setelah yang pertama sepi. Lobby-nya satu pintu, gak logout. RTP meja kedua lebih nyambung, saya stop pas sudah plus tipis.","Saya main slot gacor KERA4D di HP sambil nunggu. Grafiknya ringan, jackpot dan RTP tetap kelihatan. Sesi pendek, saya tidak dipaksa gas besar.","Saya sempat ragu pola maxwin di KERA4D. Setelah dicoba, itu hanya panduan. Yang saya pakai justru pilih meja pelan dan tarik begitu sudah cukup.","Saya daftar KERA4D lalu langsung ke slot gacor, tidak muter halaman. Info jackpot 2026-nya kebaca. Saya kunci sesi sebelum jadi lama.","Saya banding RTP beberapa permainan di KERA4D. Yang lebih tinggi saya jajal dulu. Slot gacor-nya tidak janji menang terus, dan itu yang bikin saya tenang.","Rafi Maulana","Aulia Zahra","Nisa Fadilah","Bayu Firmansyah","Rizky Pratama","KERA4D login","KERA4D daftar","Alternatif KERA4D","link alternatif KERA4D","KERA4D wap"
"digital-marketing-conference-online","KOITOTO","KOITOTO Coba Jeda Abis Kalah Beruntun x Digital Marketing Conference Online","KOITOTO tampil sebagai situs slot gacor resmi yang gampang diikuti dengan jalur login yang tidak muter-muter, ringkasan jackpot harian, dan catatan RTP yang jelas supaya denah permainannya kebaca.","<a href=""#"">KOITOTO</a> tampil sebagai situs slot gacor resmi yang gampang diikuti dengan jalur login yang tidak muter-muter, ringkasan jackpot harian, dan catatan RTP yang jelas supaya denah permainannya kebaca.","Kabar slot gacor KOITOTO hari ini","KOITOTO merapikan info RTP dan jackpot slot gacor","Kabar pola maxwin 2026 di situs slot gacor KOITOTO","KOITOTO hadirkan pilihan slot gacor dalam satu lobby","Update jackpot terkini slot gacor KOITOTO","Apakah pola maxwin di KOITOTO wajib diikuti?","Bisakah pindah permainan slot gacor tanpa daftar ulang di KOITOTO?","Apakah slot gacor KOITOTO nyaman di HP?","Bagaimana kalau meja slot gacor di KOITOTO terasa dingin?","Apakah KOITOTO situs slot gacor yang bisa dicoba hari ini?","Tidak wajib. Pola di KOITOTO hanya referensi. Keputusan taruhan tetap di pemain, meja tetap bisa diganti kalau terasa sepi.","Bisa. Slot gacor KOITOTO ada di satu akun. Ganti permainan tidak perlu login baru.","Nyaman. Lobby slot gacor KOITOTO ringkas di HP, RTP dan jackpot tetap kebaca, sesi bisa dipotong kapan saja.","Pindah permainan di lobby yang sama. KOITOTO tidak memaksa bertahan di satu meja kalau ritmenya tidak nyambung.","Ya. KOITOTO menata slot gacor dalam satu lobby. Anda bisa cek RTP, pilih permainan, lalu main pelan tanpa pindah situs.","Saya tarik dari KOITOTO setelah sesi slot gacor malam ini. Prosesnya rapi, tidak banyak tanya. Besok saya tidak maksa balik kalau mood tidak pas.","Saya chat KOITOTO soal permainan yang RTP-nya tidak muncul. Dijawab singkat, lalu saya pilih slot gacor lain. Alurnya manusiawi, tidak bertele.","Saya bawa KOITOTO dari browser ke HP, slot gacor-nya tetap ada. Jackpot yang tadi saya lihat masih kebaca. Tidak perlu akun kedua.","Saya set limit sebelum buka slot gacor KOITOTO. Pas nyentuh, saya berhenti meski masih ingin spin. Disiplin itu yang saya bawa dari sesi ini.","Saya buka KOITOTO karena cari situs slot gacor yang denahnya jelas. RTP-nya kebaca, saya pilih satu permainan lalu main pelan. Habis ada naik tipis, saya tarik dan tidak nambah sesi.","Hendra Gunawan","Bayu Firmansyah","Dewi Anggraini","Putri Ayu","Eko Santoso","KOITOTO login","KOITOTO daftar","Alternatif KOITOTO","KOITOTO gacor","situs KOITOTO"
"media-and-advertising-conference-online","LIGA5000","LIGA5000 Update Akun yang Ingat Riwayat Lama x Media and Advertising Conference Online","LIGA5000 menghadirkan situs slot gacor dengan pintu masuk yang pendek dengan jalur login yang tidak muter-muter, ringkasan jackpot harian, dan catatan RTP yang jelas biar gak nyasar pindah situs.","<a href=""#"">LIGA5000</a> menghadirkan situs slot gacor dengan pintu masuk yang pendek dengan jalur login yang tidak muter-muter, ringkasan jackpot harian, dan catatan RTP yang jelas biar gak nyasar pindah situs.","Update slot gacor LIGA5000 hari ini","LIGA5000 merapikan info RTP dan jackpot slot gacor","Kabar pola maxwin 2026 di situs slot gacor LIGA5000","LIGA5000 hadirkan pilihan slot gacor dalam satu lobby","Update jackpot terkini slot gacor LIGA5000","Bisakah pindah permainan slot gacor tanpa daftar ulang di LIGA5000?","Apakah slot gacor LIGA5000 nyaman di HP?","Bagaimana kalau meja slot gacor di LIGA5000 terasa dingin?","Apakah LIGA5000 situs slot gacor yang bisa dicoba hari ini?","Bagaimana cara mulai main slot gacor di LIGA5000?","Bisa. Slot gacor LIGA5000 ada di satu akun. Ganti permainan tidak perlu login baru.","Nyaman. Lobby slot gacor LIGA5000 ringkas di HP, RTP dan jackpot tetap kebaca, sesi bisa dipotong kapan saja.","Pindah permainan di lobby yang sama. LIGA5000 tidak memaksa bertahan di satu meja kalau ritmenya tidak nyambung.","Ya. LIGA5000 menata slot gacor dalam satu lobby. Anda bisa cek RTP, pilih permainan, lalu main pelan tanpa pindah situs.","Masuk LIGA5000, pilih permainan slot gacor yang ingin dijajal, mulai dengan taruhan kecil. RTP dan info jackpot ada sebelum sesi berjalan.","Saya coba slot gacor di LIGA5000 dengan taruhan kecil dulu. Pola yang tampil saya anggap catatan, bukan jaminan. Sesi itu cukup buat ngerasain mejanya, lalu saya tutup.","Saya lihat info jackpot di LIGA5000 sebelum spin. Bukan angka gila, tapi cukup buat nentuin mau lanjut atau pindah. Slot gacor-nya terasa rapi, tidak berisik.","Saya pindah permainan slot gacor di LIGA5000 setelah yang pertama sepi. Lobby-nya satu pintu, gak logout. RTP meja kedua lebih nyambung, saya stop pas sudah plus tipis.","Saya main slot gacor LIGA5000 di HP sambil nunggu. Grafiknya ringan, jackpot dan RTP tetap kelihatan. Sesi pendek, saya tidak dipaksa gas besar.","Saya sempat ragu pola maxwin di LIGA5000. Setelah dicoba, itu hanya panduan. Yang saya pakai justru pilih meja pelan dan tarik begitu sudah cukup.","Rizky Pratama","Nadia Putri","Fajar Nugroho","Mutiara Kartika","Eko Santoso","LIGA5000 login","LIGA5000 daftar","Alternatif LIGA5000","LIGA5000 slot gacor","LIGA5000 terpercaya"
"customer-support-online","NEPAL303","NEPAL303 Yuk Main Pelan di Wifi Kost x Customer Support Online","NEPAL303 siap dipakai sebagai situs slot gacor untuk main pelan hari ini dengan koleksi slot gacor dari beberapa provider, kabar jackpot terkini, dan RTP yang bisa dicek dengan bantuan yang tetap bisa dihubungi.","<a href=""#"">NEPAL303</a> siap dipakai sebagai situs slot gacor untuk main pelan hari ini dengan koleksi slot gacor dari beberapa provider, kabar jackpot terkini, dan RTP yang bisa dicek dengan bantuan yang tetap bisa dihubungi.","Intip slot gacor NEPAL303 hari ini","NEPAL303 merapikan info RTP dan jackpot slot gacor","Kabar pola maxwin 2026 di situs slot gacor NEPAL303","NEPAL303 hadirkan pilihan slot gacor dalam satu lobby","Update jackpot terkini slot gacor NEPAL303","Apakah slot gacor NEPAL303 nyaman di HP?","Bagaimana kalau meja slot gacor di NEPAL303 terasa dingin?","Apakah NEPAL303 situs slot gacor yang bisa dicoba hari ini?","Bagaimana cara mulai main slot gacor di NEPAL303?","Apakah RTP slot gacor di NEPAL303 bisa dilihat?","Nyaman. Lobby slot gacor NEPAL303 ringkas di HP, RTP dan jackpot tetap kebaca, sesi bisa dipotong kapan saja.","Pindah permainan di lobby yang sama. NEPAL303 tidak memaksa bertahan di satu meja kalau ritmenya tidak nyambung.","Ya. NEPAL303 menata slot gacor dalam satu lobby. Anda bisa cek RTP, pilih permainan, lalu main pelan tanpa pindah situs.","Masuk NEPAL303, pilih permainan slot gacor yang ingin dijajal, mulai dengan taruhan kecil. RTP dan info jackpot ada sebelum sesi berjalan.","Bisa. NEPAL303 menampilkan ringkasan RTP supaya pemain punya acuan pilih meja, bukan janji menang terus.","Saya daftar NEPAL303 lalu langsung ke slot gacor, tidak muter halaman. Info jackpot 2026-nya kebaca. Saya kunci sesi sebelum jadi lama.","Saya banding RTP beberapa permainan di NEPAL303. Yang lebih tinggi saya jajal dulu. Slot gacor-nya tidak janji menang terus, dan itu yang bikin saya tenang.","Saya tarik dari NEPAL303 setelah sesi slot gacor malam ini. Prosesnya rapi, tidak banyak tanya. Besok saya tidak maksa balik kalau mood tidak pas.","Saya chat NEPAL303 soal permainan yang RTP-nya tidak muncul. Dijawab singkat, lalu saya pilih slot gacor lain. Alurnya manusiawi, tidak bertele.","Saya bawa NEPAL303 dari browser ke HP, slot gacor-nya tetap ada. Jackpot yang tadi saya lihat masih kebaca. Tidak perlu akun kedua.","Yoga Prasetyo","Alika Rahman","Rizky Pratama","Fajar Nugroho","Nisa Fadilah","NEPAL303 login","NEPAL303 daftar","Alternatif NEPAL303","NEPAL303 link login","NEPAL303 slot online"
"ticket-sales-online","MENARA188","MENARA188 Jangan Bawa Sesi ke Bantal x Ticket Sales Online","MENARA188 berdiri sebagai situs slot gacor yang menata permainan dalam satu lobby dengan koleksi slot gacor dari beberapa provider, kabar jackpot terkini, dan RTP yang bisa dicek untuk main di HP maupun browser.","<a href=""#"">MENARA188</a> berdiri sebagai situs slot gacor yang menata permainan dalam satu lobby dengan koleksi slot gacor dari beberapa provider, kabar jackpot terkini, dan RTP yang bisa dicek untuk main di HP maupun browser.","Yuk cek slot gacor MENARA188 hari ini","MENARA188 merapikan info RTP dan jackpot slot gacor","Kabar pola maxwin 2026 di situs slot gacor MENARA188","MENARA188 hadirkan pilihan slot gacor dalam satu lobby","Update jackpot terkini slot gacor MENARA188","Bagaimana kalau meja slot gacor di MENARA188 terasa dingin?","Apakah MENARA188 situs slot gacor yang bisa dicoba hari ini?","Bagaimana cara mulai main slot gacor di MENARA188?","Apakah RTP slot gacor di MENARA188 bisa dilihat?","Bagaimana info jackpot di MENARA188 diperbarui?","Pindah permainan di lobby yang sama. MENARA188 tidak memaksa bertahan di satu meja kalau ritmenya tidak nyambung.","Ya. MENARA188 menata slot gacor dalam satu lobby. Anda bisa cek RTP, pilih permainan, lalu main pelan tanpa pindah situs.","Masuk MENARA188, pilih permainan slot gacor yang ingin dijajal, mulai dengan taruhan kecil. RTP dan info jackpot ada sebelum sesi berjalan.","Bisa. MENARA188 menampilkan ringkasan RTP supaya pemain punya acuan pilih meja, bukan janji menang terus.","Informasi jackpot di MENARA188 disusun agar kebaca sebelum main. Angkanya jadi pantauan, bukan slogan di judul.","Saya set limit sebelum buka slot gacor MENARA188. Pas nyentuh, saya berhenti meski masih ingin spin. Disiplin itu yang saya bawa dari sesi ini.","Saya buka MENARA188 karena cari situs slot gacor yang denahnya jelas. RTP-nya kebaca, saya pilih satu permainan lalu main pelan. Habis ada naik tipis, saya tarik dan tidak nambah sesi.","Saya coba slot gacor di MENARA188 dengan taruhan kecil dulu. Pola yang tampil saya anggap catatan, bukan jaminan. Sesi itu cukup buat ngerasain mejanya, lalu saya tutup.","Saya lihat info jackpot di MENARA188 sebelum spin. Bukan angka gila, tapi cukup buat nentuin mau lanjut atau pindah. Slot gacor-nya terasa rapi, tidak berisik.","Saya pindah permainan slot gacor di MENARA188 setelah yang pertama sepi. Lobby-nya satu pintu, gak logout. RTP meja kedua lebih nyambung, saya stop pas sudah plus tipis.","Rafi Maulana","Citra Melati","Putri Ayu","Eko Santoso","Yoga Prasetyo","MENARA188 login","MENARA188 daftar","Alternatif MENARA188","MENARA188 slot","MENARA188 rtp"
"upcoming-conferences-online","KOBOISLOT","KOBOISLOT Hadir di Meja Boxing King x Upcoming Conferences Online","KOBOISLOT hadir sebagai situs slot gacor gampang menang hari ini dengan link pola maxwin terbaru 2026, kabar jackpot terkini, dan RTP yang bisa dicek.","<a href=""#"">KOBOISLOT</a> hadir sebagai situs slot gacor gampang menang hari ini dengan link pola maxwin terbaru 2026, kabar jackpot terkini, dan RTP yang bisa dicek.","Jangan lewatkan slot gacor KOBOISLOT hari ini","KOBOISLOT merapikan info RTP dan jackpot slot gacor","Kabar pola maxwin 2026 di situs slot gacor KOBOISLOT","KOBOISLOT hadirkan pilihan slot gacor dalam satu lobby","Update jackpot terkini slot gacor KOBOISLOT","Apakah KOBOISLOT situs slot gacor yang bisa dicoba hari ini?","Bagaimana cara mulai main slot gacor di KOBOISLOT?","Apakah RTP slot gacor di KOBOISLOT bisa dilihat?","Bagaimana info jackpot di KOBOISLOT diperbarui?","Apakah pola maxwin di KOBOISLOT wajib diikuti?","Ya. KOBOISLOT menata slot gacor dalam satu lobby. Anda bisa cek RTP, pilih permainan, lalu main pelan tanpa pindah situs.","Masuk KOBOISLOT, pilih permainan slot gacor yang ingin dijajal, mulai dengan taruhan kecil. RTP dan info jackpot ada sebelum sesi berjalan.","Bisa. KOBOISLOT menampilkan ringkasan RTP supaya pemain punya acuan pilih meja, bukan janji menang terus.","Informasi jackpot di KOBOISLOT disusun agar kebaca sebelum main. Angkanya jadi pantauan, bukan slogan di judul.","Tidak wajib. Pola di KOBOISLOT hanya referensi. Keputusan taruhan tetap di pemain, meja tetap bisa diganti kalau terasa sepi.","Saya main slot gacor KOBOISLOT di HP sambil nunggu. Grafiknya ringan, jackpot dan RTP tetap kelihatan. Sesi pendek, saya tidak dipaksa gas besar.","Saya sempat ragu pola maxwin di KOBOISLOT. Setelah dicoba, itu hanya panduan. Yang saya pakai justru pilih meja pelan dan tarik begitu sudah cukup.","Saya daftar KOBOISLOT lalu langsung ke slot gacor, tidak muter halaman. Info jackpot 2026-nya kebaca. Saya kunci sesi sebelum jadi lama.","Saya banding RTP beberapa permainan di KOBOISLOT. Yang lebih tinggi saya jajal dulu. Slot gacor-nya tidak janji menang terus, dan itu yang bikin saya tenang.","Saya tarik dari KOBOISLOT setelah sesi slot gacor malam ini. Prosesnya rapi, tidak banyak tanya. Besok saya tidak maksa balik kalau mood tidak pas.","Bayu Firmansyah","Lina Kartika","Dinda Lestari","Fajar Nugroho","Arif Rahman","KOBOISLOT login","KOBOISLOT daftar","Alternatif KOBOISLOT","KOBOISLOT link","KOBOISLOT masuk"
"why-attend-online","BOM88","BOM88 Sesi Nunggu Rice Cooker x Why Attend Online","BOM88 dikenal sebagai situs slot gacor yang nyaman dijajal hari ini dengan link pola maxwin terbaru 2026, info jackpot yang diperbarui, dan RTP yang transparan tanpa banyak slogan.","<a href=""#"">BOM88</a> dikenal sebagai situs slot gacor yang nyaman dijajal hari ini dengan link pola maxwin terbaru 2026, info jackpot yang diperbarui, dan RTP yang transparan tanpa banyak slogan.","Kabar slot gacor BOM88 hari ini","BOM88 merapikan info RTP dan jackpot slot gacor","Kabar pola maxwin 2026 di situs slot gacor BOM88","BOM88 hadirkan pilihan slot gacor dalam satu lobby","Update jackpot terkini slot gacor BOM88","Bagaimana cara mulai main slot gacor di BOM88?","Apakah RTP slot gacor di BOM88 bisa dilihat?","Bagaimana info jackpot di BOM88 diperbarui?","Apakah pola maxwin di BOM88 wajib diikuti?","Bisakah pindah permainan slot gacor tanpa daftar ulang di BOM88?","Masuk BOM88, pilih permainan slot gacor yang ingin dijajal, mulai dengan taruhan kecil. RTP dan info jackpot ada sebelum sesi berjalan.","Bisa. BOM88 menampilkan ringkasan RTP supaya pemain punya acuan pilih meja, bukan janji menang terus.","Informasi jackpot di BOM88 disusun agar kebaca sebelum main. Angkanya jadi pantauan, bukan slogan di judul.","Tidak wajib. Pola di BOM88 hanya referensi. Keputusan taruhan tetap di pemain, meja tetap bisa diganti kalau terasa sepi.","Bisa. Slot gacor BOM88 ada di satu akun. Ganti permainan tidak perlu login baru.","Saya chat BOM88 soal permainan yang RTP-nya tidak muncul. Dijawab singkat, lalu saya pilih slot gacor lain. Alurnya manusiawi, tidak bertele.","Saya bawa BOM88 dari browser ke HP, slot gacor-nya tetap ada. Jackpot yang tadi saya lihat masih kebaca. Tidak perlu akun kedua.","Saya set limit sebelum buka slot gacor BOM88. Pas nyentuh, saya berhenti meski masih ingin spin. Disiplin itu yang saya bawa dari sesi ini.","Saya buka BOM88 karena cari situs slot gacor yang denahnya jelas. RTP-nya kebaca, saya pilih satu permainan lalu main pelan. Habis ada naik tipis, saya tarik dan tidak nambah sesi.","Saya coba slot gacor di BOM88 dengan taruhan kecil dulu. Pola yang tampil saya anggap catatan, bukan jaminan. Sesi itu cukup buat ngerasain mejanya, lalu saya tutup.","Rizky Pratama","Eko Santoso","Nisa Fadilah","Putri Ayu","Ilham Ramadhan","BOM88 login","BOM88 daftar","Alternatif BOM88","BOM88 official","BOM88 apk"
"agenda-online","ROYAL88","ROYAL88 Kabar Limit yang Gak Ketembus Sendiri x Agenda Online","ROYAL88 menjadi pilihan situs slot gacor buat sesi harian dengan pembaruan pola main yang dibahas tahun 2026, info jackpot yang diperbarui, dan RTP yang transparan untuk pemain yang mau coba dulu.","<a href=""#"">ROYAL88</a> menjadi pilihan situs slot gacor buat sesi harian dengan pembaruan pola main yang dibahas tahun 2026, info jackpot yang diperbarui, dan RTP yang transparan untuk pemain yang mau coba dulu.","Update slot gacor ROYAL88 hari ini","ROYAL88 merapikan info RTP dan jackpot slot gacor","Kabar pola maxwin 2026 di situs slot gacor ROYAL88","ROYAL88 hadirkan pilihan slot gacor dalam satu lobby","Update jackpot terkini slot gacor ROYAL88","Apakah RTP slot gacor di ROYAL88 bisa dilihat?","Bagaimana info jackpot di ROYAL88 diperbarui?","Apakah pola maxwin di ROYAL88 wajib diikuti?","Bisakah pindah permainan slot gacor tanpa daftar ulang di ROYAL88?","Apakah slot gacor ROYAL88 nyaman di HP?","Bisa. ROYAL88 menampilkan ringkasan RTP supaya pemain punya acuan pilih meja, bukan janji menang terus.","Informasi jackpot di ROYAL88 disusun agar kebaca sebelum main. Angkanya jadi pantauan, bukan slogan di judul.","Tidak wajib. Pola di ROYAL88 hanya referensi. Keputusan taruhan tetap di pemain, meja tetap bisa diganti kalau terasa sepi.","Bisa. Slot gacor ROYAL88 ada di satu akun. Ganti permainan tidak perlu login baru.","Nyaman. Lobby slot gacor ROYAL88 ringkas di HP, RTP dan jackpot tetap kebaca, sesi bisa dipotong kapan saja.","Saya lihat info jackpot di ROYAL88 sebelum spin. Bukan angka gila, tapi cukup buat nentuin mau lanjut atau pindah. Slot gacor-nya terasa rapi, tidak berisik.","Saya pindah permainan slot gacor di ROYAL88 setelah yang pertama sepi. Lobby-nya satu pintu, gak logout. RTP meja kedua lebih nyambung, saya stop pas sudah plus tipis.","Saya main slot gacor ROYAL88 di HP sambil nunggu. Grafiknya ringan, jackpot dan RTP tetap kelihatan. Sesi pendek, saya tidak dipaksa gas besar.","Saya sempat ragu pola maxwin di ROYAL88. Setelah dicoba, itu hanya panduan. Yang saya pakai justru pilih meja pelan dan tarik begitu sudah cukup.","Saya daftar ROYAL88 lalu langsung ke slot gacor, tidak muter halaman. Info jackpot 2026-nya kebaca. Saya kunci sesi sebelum jadi lama.","Alika Rahman","Bayu Firmansyah","Citra Melati","Dimas Kurniawan","Hendra Gunawan","ROYAL88 login","ROYAL88 daftar","Alternatif ROYAL88","link alternatif ROYAL88","ROYAL88 wap"
"venue-online","ANGKABET","ANGKABET Coba Ganti Jaringan Kalau Sempat Drop x Venue Online","ANGKABET menyediakan akses situs slot gacor dengan alur yang ringkas dengan pembaruan pola main yang dibahas tahun 2026, info jackpot yang diperbarui, dan RTP yang transparan dengan sesi yang bisa ditutup kapan saja.","<a href=""#"">ANGKABET</a> menyediakan akses situs slot gacor dengan alur yang ringkas dengan pembaruan pola main yang dibahas tahun 2026, info jackpot yang diperbarui, dan RTP yang transparan dengan sesi yang bisa ditutup kapan saja.","Intip slot gacor ANGKABET hari ini","ANGKABET merapikan info RTP dan jackpot slot gacor","Kabar pola maxwin 2026 di situs slot gacor ANGKABET","ANGKABET hadirkan pilihan slot gacor dalam satu lobby","Update jackpot terkini slot gacor ANGKABET","Bagaimana info jackpot di ANGKABET diperbarui?","Apakah pola maxwin di ANGKABET wajib diikuti?","Bisakah pindah permainan slot gacor tanpa daftar ulang di ANGKABET?","Apakah slot gacor ANGKABET nyaman di HP?","Bagaimana kalau meja slot gacor di ANGKABET terasa dingin?","Informasi jackpot di ANGKABET disusun agar kebaca sebelum main. Angkanya jadi pantauan, bukan slogan di judul.","Tidak wajib. Pola di ANGKABET hanya referensi. Keputusan taruhan tetap di pemain, meja tetap bisa diganti kalau terasa sepi.","Bisa. Slot gacor ANGKABET ada di satu akun. Ganti permainan tidak perlu login baru.","Nyaman. Lobby slot gacor ANGKABET ringkas di HP, RTP dan jackpot tetap kebaca, sesi bisa dipotong kapan saja.","Pindah permainan di lobby yang sama. ANGKABET tidak memaksa bertahan di satu meja kalau ritmenya tidak nyambung.","Saya banding RTP beberapa permainan di ANGKABET. Yang lebih tinggi saya jajal dulu. Slot gacor-nya tidak janji menang terus, dan itu yang bikin saya tenang.","Saya tarik dari ANGKABET setelah sesi slot gacor malam ini. Prosesnya rapi, tidak banyak tanya. Besok saya tidak maksa balik kalau mood tidak pas.","Saya chat ANGKABET soal permainan yang RTP-nya tidak muncul. Dijawab singkat, lalu saya pilih slot gacor lain. Alurnya manusiawi, tidak bertele.","Saya bawa ANGKABET dari browser ke HP, slot gacor-nya tetap ada. Jackpot yang tadi saya lihat masih kebaca. Tidak perlu akun kedua.","Saya set limit sebelum buka slot gacor ANGKABET. Pas nyentuh, saya berhenti meski masih ingin spin. Disiplin itu yang saya bawa dari sesi ini.","Bayu Firmansyah","Maya Sari","Rafi Maulana","Rizky Pratama","Nisa Fadilah","ANGKABET login","ANGKABET daftar","Alternatif ANGKABET","ANGKABET gacor","situs ANGKABET"
"partners-online","TOTONAVI","TOTONAVI Update Katalog Fortune Rabbit x Partners Online","TOTONAVI tampil sebagai situs slot gacor resmi yang gampang diikuti dengan akses permainan slot gacor yang dirapikan, data RTP terkini, dan pantauan jackpot yang rapi supaya denah permainannya kebaca.","<a href=""#"">TOTONAVI</a> tampil sebagai situs slot gacor resmi yang gampang diikuti dengan akses permainan slot gacor yang dirapikan, data RTP terkini, dan pantauan jackpot yang rapi supaya denah permainannya kebaca.","Yuk cek slot gacor TOTONAVI hari ini","TOTONAVI merapikan info RTP dan jackpot slot gacor","Kabar pola maxwin 2026 di situs slot gacor TOTONAVI","TOTONAVI hadirkan pilihan slot gacor dalam satu lobby","Update jackpot terkini slot gacor TOTONAVI","Apakah pola maxwin di TOTONAVI wajib diikuti?","Bisakah pindah permainan slot gacor tanpa daftar ulang di TOTONAVI?","Apakah slot gacor TOTONAVI nyaman di HP?","Bagaimana kalau meja slot gacor di TOTONAVI terasa dingin?","Apakah TOTONAVI situs slot gacor yang bisa dicoba hari ini?","Tidak wajib. Pola di TOTONAVI hanya referensi. Keputusan taruhan tetap di pemain, meja tetap bisa diganti kalau terasa sepi.","Bisa. Slot gacor TOTONAVI ada di satu akun. Ganti permainan tidak perlu login baru.","Nyaman. Lobby slot gacor TOTONAVI ringkas di HP, RTP dan jackpot tetap kebaca, sesi bisa dipotong kapan saja.","Pindah permainan di lobby yang sama. TOTONAVI tidak memaksa bertahan di satu meja kalau ritmenya tidak nyambung.","Ya. TOTONAVI menata slot gacor dalam satu lobby. Anda bisa cek RTP, pilih permainan, lalu main pelan tanpa pindah situs.","Saya buka TOTONAVI karena cari situs slot gacor yang denahnya jelas. RTP-nya kebaca, saya pilih satu permainan lalu main pelan. Habis ada naik tipis, saya tarik dan tidak nambah sesi.","Saya coba slot gacor di TOTONAVI dengan taruhan kecil dulu. Pola yang tampil saya anggap catatan, bukan jaminan. Sesi itu cukup buat ngerasain mejanya, lalu saya tutup.","Saya lihat info jackpot di TOTONAVI sebelum spin. Bukan angka gila, tapi cukup buat nentuin mau lanjut atau pindah. Slot gacor-nya terasa rapi, tidak berisik.","Saya pindah permainan slot gacor di TOTONAVI setelah yang pertama sepi. Lobby-nya satu pintu, gak logout. RTP meja kedua lebih nyambung, saya stop pas sudah plus tipis.","Saya main slot gacor TOTONAVI di HP sambil nunggu. Grafiknya ringan, jackpot dan RTP tetap kelihatan. Sesi pendek, saya tidak dipaksa gas besar.","Yoga Prasetyo","Maya Sari","Ilham Ramadhan","Budi Hartono","Citra Melati","TOTONAVI login","TOTONAVI daftar","Alternatif TOTONAVI","TOTONAVI slot gacor","TOTONAVI terpercaya"
"sponsors-online","GABUSTOTO","GABUSTOTO Yuk Tarik sebelum Lampu Padam x Sponsors Online","GABUSTOTO menghadirkan situs slot gacor dengan pintu masuk yang pendek dengan akses permainan slot gacor yang dirapikan, data RTP terkini, dan pantauan jackpot yang rapi biar gak nyasar pindah situs.","<a href=""#"">GABUSTOTO</a> menghadirkan situs slot gacor dengan pintu masuk yang pendek dengan akses permainan slot gacor yang dirapikan, data RTP terkini, dan pantauan jackpot yang rapi biar gak nyasar pindah situs.","Jangan lewatkan slot gacor GABUSTOTO hari ini","GABUSTOTO merapikan info RTP dan jackpot slot gacor","Kabar pola maxwin 2026 di situs slot gacor GABUSTOTO","GABUSTOTO hadirkan pilihan slot gacor dalam satu lobby","Update jackpot terkini slot gacor GABUSTOTO","Bisakah pindah permainan slot gacor tanpa daftar ulang di GABUSTOTO?","Apakah slot gacor GABUSTOTO nyaman di HP?","Bagaimana kalau meja slot gacor di GABUSTOTO terasa dingin?","Apakah GABUSTOTO situs slot gacor yang bisa dicoba hari ini?","Bagaimana cara mulai main slot gacor di GABUSTOTO?","Bisa. Slot gacor GABUSTOTO ada di satu akun. Ganti permainan tidak perlu login baru.","Nyaman. Lobby slot gacor GABUSTOTO ringkas di HP, RTP dan jackpot tetap kebaca, sesi bisa dipotong kapan saja.","Pindah permainan di lobby yang sama. GABUSTOTO tidak memaksa bertahan di satu meja kalau ritmenya tidak nyambung.","Ya. GABUSTOTO menata slot gacor dalam satu lobby. Anda bisa cek RTP, pilih permainan, lalu main pelan tanpa pindah situs.","Masuk GABUSTOTO, pilih permainan slot gacor yang ingin dijajal, mulai dengan taruhan kecil. RTP dan info jackpot ada sebelum sesi berjalan.","Saya sempat ragu pola maxwin di GABUSTOTO. Setelah dicoba, itu hanya panduan. Yang saya pakai justru pilih meja pelan dan tarik begitu sudah cukup.","Saya daftar GABUSTOTO lalu langsung ke slot gacor, tidak muter halaman. Info jackpot 2026-nya kebaca. Saya kunci sesi sebelum jadi lama.","Saya banding RTP beberapa permainan di GABUSTOTO. Yang lebih tinggi saya jajal dulu. Slot gacor-nya tidak janji menang terus, dan itu yang bikin saya tenang.","Saya tarik dari GABUSTOTO setelah sesi slot gacor malam ini. Prosesnya rapi, tidak banyak tanya. Besok saya tidak maksa balik kalau mood tidak pas.","Saya chat GABUSTOTO soal permainan yang RTP-nya tidak muncul. Dijawab singkat, lalu saya pilih slot gacor lain. Alurnya manusiawi, tidak bertele.","Fajar Nugroho","Aldi Salim","Nadia Putri","Aulia Zahra","Yoga Prasetyo","GABUSTOTO login","GABUSTOTO daftar","Alternatif GABUSTOTO","GABUSTOTO link login","GABUSTOTO slot online"
"networking-online","VIETNAM303","VIETNAM303 Jangan Lewatkan Sesi yang Cuma Satu Lagu x Networking Online","VIETNAM303 siap dipakai sebagai situs slot gacor untuk main pelan hari ini dengan pilihan meja yang gampang dicari, data RTP terkini, dan pantauan jackpot yang rapi dengan bantuan yang tetap bisa dihubungi.","<a href=""#"">VIETNAM303</a> siap dipakai sebagai situs slot gacor untuk main pelan hari ini dengan pilihan meja yang gampang dicari, data RTP terkini, dan pantauan jackpot yang rapi dengan bantuan yang tetap bisa dihubungi.","Kabar slot gacor VIETNAM303 hari ini","VIETNAM303 merapikan info RTP dan jackpot slot gacor","Kabar pola maxwin 2026 di situs slot gacor VIETNAM303","VIETNAM303 hadirkan pilihan slot gacor dalam satu lobby","Update jackpot terkini slot gacor VIETNAM303","Apakah slot gacor VIETNAM303 nyaman di HP?","Bagaimana kalau meja slot gacor di VIETNAM303 terasa dingin?","Apakah VIETNAM303 situs slot gacor yang bisa dicoba hari ini?","Bagaimana cara mulai main slot gacor di VIETNAM303?","Apakah RTP slot gacor di VIETNAM303 bisa dilihat?","Nyaman. Lobby slot gacor VIETNAM303 ringkas di HP, RTP dan jackpot tetap kebaca, sesi bisa dipotong kapan saja.","Pindah permainan di lobby yang sama. VIETNAM303 tidak memaksa bertahan di satu meja kalau ritmenya tidak nyambung.","Ya. VIETNAM303 menata slot gacor dalam satu lobby. Anda bisa cek RTP, pilih permainan, lalu main pelan tanpa pindah situs.","Masuk VIETNAM303, pilih permainan slot gacor yang ingin dijajal, mulai dengan taruhan kecil. RTP dan info jackpot ada sebelum sesi berjalan.","Bisa. VIETNAM303 menampilkan ringkasan RTP supaya pemain punya acuan pilih meja, bukan janji menang terus.","Saya bawa VIETNAM303 dari browser ke HP, slot gacor-nya tetap ada. Jackpot yang tadi saya lihat masih kebaca. Tidak perlu akun kedua.","Saya set limit sebelum buka slot gacor VIETNAM303. Pas nyentuh, saya berhenti meski masih ingin spin. Disiplin itu yang saya bawa dari sesi ini.","Saya buka VIETNAM303 karena cari situs slot gacor yang denahnya jelas. RTP-nya kebaca, saya pilih satu permainan lalu main pelan. Habis ada naik tipis, saya tarik dan tidak nambah sesi.","Saya coba slot gacor di VIETNAM303 dengan taruhan kecil dulu. Pola yang tampil saya anggap catatan, bukan jaminan. Sesi itu cukup buat ngerasain mejanya, lalu saya tutup.","Saya lihat info jackpot di VIETNAM303 sebelum spin. Bukan angka gila, tapi cukup buat nentuin mau lanjut atau pindah. Slot gacor-nya terasa rapi, tidak berisik.","Agus Wijaya","Citra Melati","Arif Rahman","Aldi Salim","Mutiara Kartika","VIETNAM303 login","VIETNAM303 daftar","Alternatif VIETNAM303","VIETNAM303 slot","VIETNAM303 rtp"
"best-practices-online","SLOT1131","SLOT1131 Hadir di Lobby Pipi Win x Best Practices Online","SLOT1131 berdiri sebagai situs slot gacor yang menata permainan dalam satu lobby dengan pilihan meja yang gampang dicari, update jackpot 2026, dan RTP yang tidak disembunyiin untuk main di HP maupun browser.","<a href=""#"">SLOT1131</a> berdiri sebagai situs slot gacor yang menata permainan dalam satu lobby dengan pilihan meja yang gampang dicari, update jackpot 2026, dan RTP yang tidak disembunyiin untuk main di HP maupun browser.","Update slot gacor SLOT1131 hari ini","SLOT1131 merapikan info RTP dan jackpot slot gacor","Kabar pola maxwin 2026 di situs slot gacor SLOT1131","SLOT1131 hadirkan pilihan slot gacor dalam satu lobby","Update jackpot terkini slot gacor SLOT1131","Bagaimana kalau meja slot gacor di SLOT1131 terasa dingin?","Apakah SLOT1131 situs slot gacor yang bisa dicoba hari ini?","Bagaimana cara mulai main slot gacor di SLOT1131?","Apakah RTP slot gacor di SLOT1131 bisa dilihat?","Bagaimana info jackpot di SLOT1131 diperbarui?","Pindah permainan di lobby yang sama. SLOT1131 tidak memaksa bertahan di satu meja kalau ritmenya tidak nyambung.","Ya. SLOT1131 menata slot gacor dalam satu lobby. Anda bisa cek RTP, pilih permainan, lalu main pelan tanpa pindah situs.","Masuk SLOT1131, pilih permainan slot gacor yang ingin dijajal, mulai dengan taruhan kecil. RTP dan info jackpot ada sebelum sesi berjalan.","Bisa. SLOT1131 menampilkan ringkasan RTP supaya pemain punya acuan pilih meja, bukan janji menang terus.","Informasi jackpot di SLOT1131 disusun agar kebaca sebelum main. Angkanya jadi pantauan, bukan slogan di judul.","Saya pindah permainan slot gacor di SLOT1131 setelah yang pertama sepi. Lobby-nya satu pintu, gak logout. RTP meja kedua lebih nyambung, saya stop pas sudah plus tipis.","Saya main slot gacor SLOT1131 di HP sambil nunggu. Grafiknya ringan, jackpot dan RTP tetap kelihatan. Sesi pendek, saya tidak dipaksa gas besar.","Saya sempat ragu pola maxwin di SLOT1131. Setelah dicoba, itu hanya panduan. Yang saya pakai justru pilih meja pelan dan tarik begitu sudah cukup.","Saya daftar SLOT1131 lalu langsung ke slot gacor, tidak muter halaman. Info jackpot 2026-nya kebaca. Saya kunci sesi sebelum jadi lama.","Saya banding RTP beberapa permainan di SLOT1131. Yang lebih tinggi saya jajal dulu. Slot gacor-nya tidak janji menang terus, dan itu yang bikin saya tenang.","Ayu Rahma","Dinda Lestari","Rizky Pratama","Hendra Gunawan","Ilham Ramadhan","SLOT1131 login","SLOT1131 daftar","Alternatif SLOT1131","SLOT1131 link","SLOT1131 masuk"
"latest-trends-online","SOHOSLOT","SOHOSLOT Sesi Nunggu Adik Tidur Volume Mati x Latest Trends Online","SOHOSLOT hadir sebagai situs slot gacor gampang menang hari ini dengan info RTP yang kebaca sebelum mulai, update jackpot 2026, dan RTP yang tidak disembunyiin.","<a href=""#"">SOHOSLOT</a> hadir sebagai situs slot gacor gampang menang hari ini dengan info RTP yang kebaca sebelum mulai, update jackpot 2026, dan RTP yang tidak disembunyiin.","Intip slot gacor SOHOSLOT hari ini","SOHOSLOT merapikan info RTP dan jackpot slot gacor","Kabar pola maxwin 2026 di situs slot gacor SOHOSLOT","SOHOSLOT hadirkan pilihan slot gacor dalam satu lobby","Update jackpot terkini slot gacor SOHOSLOT","Apakah SOHOSLOT situs slot gacor yang bisa dicoba hari ini?","Bagaimana cara mulai main slot gacor di SOHOSLOT?","Apakah RTP slot gacor di SOHOSLOT bisa dilihat?","Bagaimana info jackpot di SOHOSLOT diperbarui?","Apakah pola maxwin di SOHOSLOT wajib diikuti?","Ya. SOHOSLOT menata slot gacor dalam satu lobby. Anda bisa cek RTP, pilih permainan, lalu main pelan tanpa pindah situs.","Masuk SOHOSLOT, pilih permainan slot gacor yang ingin dijajal, mulai dengan taruhan kecil. RTP dan info jackpot ada sebelum sesi berjalan.","Bisa. SOHOSLOT menampilkan ringkasan RTP supaya pemain punya acuan pilih meja, bukan janji menang terus.","Informasi jackpot di SOHOSLOT disusun agar kebaca sebelum main. Angkanya jadi pantauan, bukan slogan di judul.","Tidak wajib. Pola di SOHOSLOT hanya referensi. Keputusan taruhan tetap di pemain, meja tetap bisa diganti kalau terasa sepi.","Saya tarik dari SOHOSLOT setelah sesi slot gacor malam ini. Prosesnya rapi, tidak banyak tanya. Besok saya tidak maksa balik kalau mood tidak pas.","Saya chat SOHOSLOT soal permainan yang RTP-nya tidak muncul. Dijawab singkat, lalu saya pilih slot gacor lain. Alurnya manusiawi, tidak bertele.","Saya bawa SOHOSLOT dari browser ke HP, slot gacor-nya tetap ada. Jackpot yang tadi saya lihat masih kebaca. Tidak perlu akun kedua.","Saya set limit sebelum buka slot gacor SOHOSLOT. Pas nyentuh, saya berhenti meski masih ingin spin. Disiplin itu yang saya bawa dari sesi ini.","Saya buka SOHOSLOT karena cari situs slot gacor yang denahnya jelas. RTP-nya kebaca, saya pilih satu permainan lalu main pelan. Habis ada naik tipis, saya tarik dan tidak nambah sesi.","Rafi Maulana","Fajar Nugroho","Hendra Gunawan","Lina Kartika","Citra Melati","SOHOSLOT login","SOHOSLOT daftar","Alternatif SOHOSLOT","SOHOSLOT official","SOHOSLOT apk"
"aarhus-branding-events-online","DELUNA4D","DELUNA4D Kabar Bank Ganti Tetap Diterima x Aarhus Branding Events Online","DELUNA4D dikenal sebagai situs slot gacor yang nyaman dijajal hari ini dengan info RTP yang kebaca sebelum mulai, update jackpot 2026, dan RTP yang tidak disembunyiin tanpa banyak slogan.","<a href=""#"">DELUNA4D</a> dikenal sebagai situs slot gacor yang nyaman dijajal hari ini dengan info RTP yang kebaca sebelum mulai, update jackpot 2026, dan RTP yang tidak disembunyiin tanpa banyak slogan.","Yuk cek slot gacor DELUNA4D hari ini","DELUNA4D merapikan info RTP dan jackpot slot gacor","Kabar pola maxwin 2026 di situs slot gacor DELUNA4D","DELUNA4D hadirkan pilihan slot gacor dalam satu lobby","Update jackpot terkini slot gacor DELUNA4D","Bagaimana cara mulai main slot gacor di DELUNA4D?","Apakah RTP slot gacor di DELUNA4D bisa dilihat?","Bagaimana info jackpot di DELUNA4D diperbarui?","Apakah pola maxwin di DELUNA4D wajib diikuti?","Bisakah pindah permainan slot gacor tanpa daftar ulang di DELUNA4D?","Masuk DELUNA4D, pilih permainan slot gacor yang ingin dijajal, mulai dengan taruhan kecil. RTP dan info jackpot ada sebelum sesi berjalan.","Bisa. DELUNA4D menampilkan ringkasan RTP supaya pemain punya acuan pilih meja, bukan janji menang terus.","Informasi jackpot di DELUNA4D disusun agar kebaca sebelum main. Angkanya jadi pantauan, bukan slogan di judul.","Tidak wajib. Pola di DELUNA4D hanya referensi. Keputusan taruhan tetap di pemain, meja tetap bisa diganti kalau terasa sepi.","Bisa. Slot gacor DELUNA4D ada di satu akun. Ganti permainan tidak perlu login baru.","Saya coba slot gacor di DELUNA4D dengan taruhan kecil dulu. Pola yang tampil saya anggap catatan, bukan jaminan. Sesi itu cukup buat ngerasain mejanya, lalu saya tutup.","Saya lihat info jackpot di DELUNA4D sebelum spin. Bukan angka gila, tapi cukup buat nentuin mau lanjut atau pindah. Slot gacor-nya terasa rapi, tidak berisik.","Saya pindah permainan slot gacor di DELUNA4D setelah yang pertama sepi. Lobby-nya satu pintu, gak logout. RTP meja kedua lebih nyambung, saya stop pas sudah plus tipis.","Saya main slot gacor DELUNA4D di HP sambil nunggu. Grafiknya ringan, jackpot dan RTP tetap kelihatan. Sesi pendek, saya tidak dipaksa gas besar.","Saya sempat ragu pola maxwin di DELUNA4D. Setelah dicoba, itu hanya panduan. Yang saya pakai justru pilih meja pelan dan tarik begitu sudah cukup.","Nisa Fadilah","Bayu Firmansyah","Fajar Nugroho","Aldi Salim","Rina Wulandari","DELUNA4D login","DELUNA4D daftar","Alternatif DELUNA4D","link alternatif DELUNA4D","DELUNA4D wap"
"aarhus-e-commerce-events-online","GUDANGTOTO","GUDANGTOTO Coba Rekam Layar buat Cek Sendiri x Aarhus E-Commerce Events Online","GUDANGTOTO menjadi pilihan situs slot gacor buat sesi harian dengan katalog permainan yang tidak tercecer, informasi jackpot yang mudah dibaca, dan RTP yang membantu pilih meja untuk pemain yang mau coba dulu.","<a href=""#"">GUDANGTOTO</a> menjadi pilihan situs slot gacor buat sesi harian dengan katalog permainan yang tidak tercecer, informasi jackpot yang mudah dibaca, dan RTP yang membantu pilih meja untuk pemain yang mau coba dulu.","Jangan lewatkan slot gacor GUDANGTOTO hari ini","GUDANGTOTO merapikan info RTP dan jackpot slot gacor","Kabar pola maxwin 2026 di situs slot gacor GUDANGTOTO","GUDANGTOTO hadirkan pilihan slot gacor dalam satu lobby","Update jackpot terkini slot gacor GUDANGTOTO","Apakah RTP slot gacor di GUDANGTOTO bisa dilihat?","Bagaimana info jackpot di GUDANGTOTO diperbarui?","Apakah pola maxwin di GUDANGTOTO wajib diikuti?","Bisakah pindah permainan slot gacor tanpa daftar ulang di GUDANGTOTO?","Apakah slot gacor GUDANGTOTO nyaman di HP?","Bisa. GUDANGTOTO menampilkan ringkasan RTP supaya pemain punya acuan pilih meja, bukan janji menang terus.","Informasi jackpot di GUDANGTOTO disusun agar kebaca sebelum main. Angkanya jadi pantauan, bukan slogan di judul.","Tidak wajib. Pola di GUDANGTOTO hanya referensi. Keputusan taruhan tetap di pemain, meja tetap bisa diganti kalau terasa sepi.","Bisa. Slot gacor GUDANGTOTO ada di satu akun. Ganti permainan tidak perlu login baru.","Nyaman. Lobby slot gacor GUDANGTOTO ringkas di HP, RTP dan jackpot tetap kebaca, sesi bisa dipotong kapan saja.","Saya daftar GUDANGTOTO lalu langsung ke slot gacor, tidak muter halaman. Info jackpot 2026-nya kebaca. Saya kunci sesi sebelum jadi lama.","Saya banding RTP beberapa permainan di GUDANGTOTO. Yang lebih tinggi saya jajal dulu. Slot gacor-nya tidak janji menang terus, dan itu yang bikin saya tenang.","Saya tarik dari GUDANGTOTO setelah sesi slot gacor malam ini. Prosesnya rapi, tidak banyak tanya. Besok saya tidak maksa balik kalau mood tidak pas.","Saya chat GUDANGTOTO soal permainan yang RTP-nya tidak muncul. Dijawab singkat, lalu saya pilih slot gacor lain. Alurnya manusiawi, tidak bertele.","Saya bawa GUDANGTOTO dari browser ke HP, slot gacor-nya tetap ada. Jackpot yang tadi saya lihat masih kebaca. Tidak perlu akun kedua.","Aulia Zahra","Eko Santoso","Dewi Anggraini","Rizky Pratama","Ilham Ramadhan","GUDANGTOTO login","GUDANGTOTO daftar","Alternatif GUDANGTOTO","GUDANGTOTO gacor","situs GUDANGTOTO"
"aarhus-digital-media-events-online","BOS288","BOS288 Update Sesi yang Ke-Save Gak Reset x Aarhus Digital Media Events Online","BOS288 menyediakan akses situs slot gacor dengan alur yang ringkas dengan katalog permainan yang tidak tercecer, informasi jackpot yang mudah dibaca, dan RTP yang membantu pilih meja dengan sesi yang bisa ditutup kapan saja.","<a href=""#"">BOS288</a> menyediakan akses situs slot gacor dengan alur yang ringkas dengan katalog permainan yang tidak tercecer, informasi jackpot yang mudah dibaca, dan RTP yang membantu pilih meja dengan sesi yang bisa ditutup kapan saja.","Kabar slot gacor BOS288 hari ini","BOS288 merapikan info RTP dan jackpot slot gacor","Kabar pola maxwin 2026 di situs slot gacor BOS288","BOS288 hadirkan pilihan slot gacor dalam satu lobby","Update jackpot terkini slot gacor BOS288","Bagaimana info jackpot di BOS288 diperbarui?","Apakah pola maxwin di BOS288 wajib diikuti?","Bisakah pindah permainan slot gacor tanpa daftar ulang di BOS288?","Apakah slot gacor BOS288 nyaman di HP?","Bagaimana kalau meja slot gacor di BOS288 terasa dingin?","Informasi jackpot di BOS288 disusun agar kebaca sebelum main. Angkanya jadi pantauan, bukan slogan di judul.","Tidak wajib. Pola di BOS288 hanya referensi. Keputusan taruhan tetap di pemain, meja tetap bisa diganti kalau terasa sepi.","Bisa. Slot gacor BOS288 ada di satu akun. Ganti permainan tidak perlu login baru.","Nyaman. Lobby slot gacor BOS288 ringkas di HP, RTP dan jackpot tetap kebaca, sesi bisa dipotong kapan saja.","Pindah permainan di lobby yang sama. BOS288 tidak memaksa bertahan di satu meja kalau ritmenya tidak nyambung.","Saya set limit sebelum buka slot gacor BOS288. Pas nyentuh, saya berhenti meski masih ingin spin. Disiplin itu yang saya bawa dari sesi ini.","Saya buka BOS288 karena cari situs slot gacor yang denahnya jelas. RTP-nya kebaca, saya pilih satu permainan lalu main pelan. Habis ada naik tipis, saya tarik dan tidak nambah sesi.","Saya coba slot gacor di BOS288 dengan taruhan kecil dulu. Pola yang tampil saya anggap catatan, bukan jaminan. Sesi itu cukup buat ngerasain mejanya, lalu saya tutup.","Saya lihat info jackpot di BOS288 sebelum spin. Bukan angka gila, tapi cukup buat nentuin mau lanjut atau pindah. Slot gacor-nya terasa rapi, tidak berisik.","Saya pindah permainan slot gacor di BOS288 setelah yang pertama sepi. Lobby-nya satu pintu, gak logout. RTP meja kedua lebih nyambung, saya stop pas sudah plus tipis.","Putri Ayu","Agus Wijaya","Andi Saputra","Bayu Firmansyah","Citra Melati","BOS288 login","BOS288 daftar","Alternatif BOS288","BOS288 slot gacor","BOS288 terpercaya"
"aarhus-marketing-events-online","KUDAEMAS88","KUDAEMAS88 Yuk Copot Kalau Meja Dingin x Aarhus Marketing Events Online","KUDAEMAS88 tampil sebagai situs slot gacor resmi yang gampang diikuti dengan jalur login yang tidak muter-muter, informasi jackpot yang mudah dibaca, dan RTP yang membantu pilih meja supaya denah permainannya kebaca.","<a href=""#"">KUDAEMAS88</a> tampil sebagai situs slot gacor resmi yang gampang diikuti dengan jalur login yang tidak muter-muter, informasi jackpot yang mudah dibaca, dan RTP yang membantu pilih meja supaya denah permainannya kebaca.","Update slot gacor KUDAEMAS88 hari ini","KUDAEMAS88 merapikan info RTP dan jackpot slot gacor","Kabar pola maxwin 2026 di situs slot gacor KUDAEMAS88","KUDAEMAS88 hadirkan pilihan slot gacor dalam satu lobby","Update jackpot terkini slot gacor KUDAEMAS88","Apakah pola maxwin di KUDAEMAS88 wajib diikuti?","Bisakah pindah permainan slot gacor tanpa daftar ulang di KUDAEMAS88?","Apakah slot gacor KUDAEMAS88 nyaman di HP?","Bagaimana kalau meja slot gacor di KUDAEMAS88 terasa dingin?","Apakah KUDAEMAS88 situs slot gacor yang bisa dicoba hari ini?","Tidak wajib. Pola di KUDAEMAS88 hanya referensi. Keputusan taruhan tetap di pemain, meja tetap bisa diganti kalau terasa sepi.","Bisa. Slot gacor KUDAEMAS88 ada di satu akun. Ganti permainan tidak perlu login baru.","Nyaman. Lobby slot gacor KUDAEMAS88 ringkas di HP, RTP dan jackpot tetap kebaca, sesi bisa dipotong kapan saja.","Pindah permainan di lobby yang sama. KUDAEMAS88 tidak memaksa bertahan di satu meja kalau ritmenya tidak nyambung.","Ya. KUDAEMAS88 menata slot gacor dalam satu lobby. Anda bisa cek RTP, pilih permainan, lalu main pelan tanpa pindah situs.","Saya main slot gacor KUDAEMAS88 di HP sambil nunggu. Grafiknya ringan, jackpot dan RTP tetap kelihatan. Sesi pendek, saya tidak dipaksa gas besar.","Saya sempat ragu pola maxwin di KUDAEMAS88. Setelah dicoba, itu hanya panduan. Yang saya pakai justru pilih meja pelan dan tarik begitu sudah cukup.","Saya daftar KUDAEMAS88 lalu langsung ke slot gacor, tidak muter halaman. Info jackpot 2026-nya kebaca. Saya kunci sesi sebelum jadi lama.","Saya banding RTP beberapa permainan di KUDAEMAS88. Yang lebih tinggi saya jajal dulu. Slot gacor-nya tidak janji menang terus, dan itu yang bikin saya tenang.","Saya tarik dari KUDAEMAS88 setelah sesi slot gacor malam ini. Prosesnya rapi, tidak banyak tanya. Besok saya tidak maksa balik kalau mood tidak pas.","Maya Sari","Eko Santoso","Agus Wijaya","Dimas Kurniawan","Aulia Zahra","KUDAEMAS88 login","KUDAEMAS88 daftar","Alternatif KUDAEMAS88","KUDAEMAS88 link login","KUDAEMAS88 slot online"
"register-and-secure-your-seat-online","PAJAKTOTO","PAJAKTOTO Jangan FOMO ke Ss Temen x Register and Secure Your Seat Online","PAJAKTOTO menghadirkan situs slot gacor dengan pintu masuk yang pendek dengan jalur login yang tidak muter-muter, pantauan RTP, dan kabar jackpot yang tidak berlebihan biar gak nyasar pindah situs.","<a href=""#"">PAJAKTOTO</a> menghadirkan situs slot gacor dengan pintu masuk yang pendek dengan jalur login yang tidak muter-muter, pantauan RTP, dan kabar jackpot yang tidak berlebihan biar gak nyasar pindah situs.","Intip slot gacor PAJAKTOTO hari ini","PAJAKTOTO merapikan info RTP dan jackpot slot gacor","Kabar pola maxwin 2026 di situs slot gacor PAJAKTOTO","PAJAKTOTO hadirkan pilihan slot gacor dalam satu lobby","Update jackpot terkini slot gacor PAJAKTOTO","Bisakah pindah permainan slot gacor tanpa daftar ulang di PAJAKTOTO?","Apakah slot gacor PAJAKTOTO nyaman di HP?","Bagaimana kalau meja slot gacor di PAJAKTOTO terasa dingin?","Apakah PAJAKTOTO situs slot gacor yang bisa dicoba hari ini?","Bagaimana cara mulai main slot gacor di PAJAKTOTO?","Bisa. Slot gacor PAJAKTOTO ada di satu akun. Ganti permainan tidak perlu login baru.","Nyaman. Lobby slot gacor PAJAKTOTO ringkas di HP, RTP dan jackpot tetap kebaca, sesi bisa dipotong kapan saja.","Pindah permainan di lobby yang sama. PAJAKTOTO tidak memaksa bertahan di satu meja kalau ritmenya tidak nyambung.","Ya. PAJAKTOTO menata slot gacor dalam satu lobby. Anda bisa cek RTP, pilih permainan, lalu main pelan tanpa pindah situs.","Masuk PAJAKTOTO, pilih permainan slot gacor yang ingin dijajal, mulai dengan taruhan kecil. RTP dan info jackpot ada sebelum sesi berjalan.","Saya chat PAJAKTOTO soal permainan yang RTP-nya tidak muncul. Dijawab singkat, lalu saya pilih slot gacor lain. Alurnya manusiawi, tidak bertele.","Saya bawa PAJAKTOTO dari browser ke HP, slot gacor-nya tetap ada. Jackpot yang tadi saya lihat masih kebaca. Tidak perlu akun kedua.","Saya set limit sebelum buka slot gacor PAJAKTOTO. Pas nyentuh, saya berhenti meski masih ingin spin. Disiplin itu yang saya bawa dari sesi ini.","Saya buka PAJAKTOTO karena cari situs slot gacor yang denahnya jelas. RTP-nya kebaca, saya pilih satu permainan lalu main pelan. Habis ada naik tipis, saya tarik dan tidak nambah sesi.","Saya coba slot gacor di PAJAKTOTO dengan taruhan kecil dulu. Pola yang tampil saya anggap catatan, bukan jaminan. Sesi itu cukup buat ngerasain mejanya, lalu saya tutup.","Hendra Gunawan","Aulia Zahra","Bayu Firmansyah","Eko Santoso","Mutiara Kartika","PAJAKTOTO login","PAJAKTOTO daftar","Alternatif PAJAKTOTO","PAJAKTOTO slot","PAJAKTOTO rtp"
"the-digimarcon-difference-online","GARUDA4D","GARUDA4D Hadir di Meja Golden Empire x The DigiMarCon Difference Online","GARUDA4D siap dipakai sebagai situs slot gacor untuk main pelan hari ini dengan koleksi slot gacor dari beberapa provider, pantauan RTP, dan kabar jackpot yang tidak berlebihan dengan bantuan yang tetap bisa dihubungi.","<a href=""#"">GARUDA4D</a> siap dipakai sebagai situs slot gacor untuk main pelan hari ini dengan koleksi slot gacor dari beberapa provider, pantauan RTP, dan kabar jackpot yang tidak berlebihan dengan bantuan yang tetap bisa dihubungi.","Yuk cek slot gacor GARUDA4D hari ini","GARUDA4D merapikan info RTP dan jackpot slot gacor","Kabar pola maxwin 2026 di situs slot gacor GARUDA4D","GARUDA4D hadirkan pilihan slot gacor dalam satu lobby","Update jackpot terkini slot gacor GARUDA4D","Apakah slot gacor GARUDA4D nyaman di HP?","Bagaimana kalau meja slot gacor di GARUDA4D terasa dingin?","Apakah GARUDA4D situs slot gacor yang bisa dicoba hari ini?","Bagaimana cara mulai main slot gacor di GARUDA4D?","Apakah RTP slot gacor di GARUDA4D bisa dilihat?","Nyaman. Lobby slot gacor GARUDA4D ringkas di HP, RTP dan jackpot tetap kebaca, sesi bisa dipotong kapan saja.","Pindah permainan di lobby yang sama. GARUDA4D tidak memaksa bertahan di satu meja kalau ritmenya tidak nyambung.","Ya. GARUDA4D menata slot gacor dalam satu lobby. Anda bisa cek RTP, pilih permainan, lalu main pelan tanpa pindah situs.","Masuk GARUDA4D, pilih permainan slot gacor yang ingin dijajal, mulai dengan taruhan kecil. RTP dan info jackpot ada sebelum sesi berjalan.","Bisa. GARUDA4D menampilkan ringkasan RTP supaya pemain punya acuan pilih meja, bukan janji menang terus.","Saya lihat info jackpot di GARUDA4D sebelum spin. Bukan angka gila, tapi cukup buat nentuin mau lanjut atau pindah. Slot gacor-nya terasa rapi, tidak berisik.","Saya pindah permainan slot gacor di GARUDA4D setelah yang pertama sepi. Lobby-nya satu pintu, gak logout. RTP meja kedua lebih nyambung, saya stop pas sudah plus tipis.","Saya main slot gacor GARUDA4D di HP sambil nunggu. Grafiknya ringan, jackpot dan RTP tetap kelihatan. Sesi pendek, saya tidak dipaksa gas besar.","Saya sempat ragu pola maxwin di GARUDA4D. Setelah dicoba, itu hanya panduan. Yang saya pakai justru pilih meja pelan dan tarik begitu sudah cukup.","Saya daftar GARUDA4D lalu langsung ke slot gacor, tidak muter halaman. Info jackpot 2026-nya kebaca. Saya kunci sesi sebelum jadi lama.","Dimas Kurniawan","Nisa Fadilah","Andi Saputra","Budi Hartono","Dinda Lestari","GARUDA4D login","GARUDA4D daftar","Alternatif GARUDA4D","GARUDA4D link","GARUDA4D masuk"
"stay-tuned-online","ALEXISTOTO","ALEXISTOTO Sesi Nunggu Upload Beres x Stay Tuned Online","ALEXISTOTO berdiri sebagai situs slot gacor yang menata permainan dalam satu lobby dengan koleksi slot gacor dari beberapa provider, pantauan RTP, dan kabar jackpot yang tidak berlebihan untuk main di HP maupun browser.","<a href=""#"">ALEXISTOTO</a> berdiri sebagai situs slot gacor yang menata permainan dalam satu lobby dengan koleksi slot gacor dari beberapa provider, pantauan RTP, dan kabar jackpot yang tidak berlebihan untuk main di HP maupun browser.","Jangan lewatkan slot gacor ALEXISTOTO hari ini","ALEXISTOTO merapikan info RTP dan jackpot slot gacor","Kabar pola maxwin 2026 di situs slot gacor ALEXISTOTO","ALEXISTOTO hadirkan pilihan slot gacor dalam satu lobby","Update jackpot terkini slot gacor ALEXISTOTO","Bagaimana kalau meja slot gacor di ALEXISTOTO terasa dingin?","Apakah ALEXISTOTO situs slot gacor yang bisa dicoba hari ini?","Bagaimana cara mulai main slot gacor di ALEXISTOTO?","Apakah RTP slot gacor di ALEXISTOTO bisa dilihat?","Bagaimana info jackpot di ALEXISTOTO diperbarui?","Pindah permainan di lobby yang sama. ALEXISTOTO tidak memaksa bertahan di satu meja kalau ritmenya tidak nyambung.","Ya. ALEXISTOTO menata slot gacor dalam satu lobby. Anda bisa cek RTP, pilih permainan, lalu main pelan tanpa pindah situs.","Masuk ALEXISTOTO, pilih permainan slot gacor yang ingin dijajal, mulai dengan taruhan kecil. RTP dan info jackpot ada sebelum sesi berjalan.","Bisa. ALEXISTOTO menampilkan ringkasan RTP supaya pemain punya acuan pilih meja, bukan janji menang terus.","Informasi jackpot di ALEXISTOTO disusun agar kebaca sebelum main. Angkanya jadi pantauan, bukan slogan di judul.","Saya banding RTP beberapa permainan di ALEXISTOTO. Yang lebih tinggi saya jajal dulu. Slot gacor-nya tidak janji menang terus, dan itu yang bikin saya tenang.","Saya tarik dari ALEXISTOTO setelah sesi slot gacor malam ini. Prosesnya rapi, tidak banyak tanya. Besok saya tidak maksa balik kalau mood tidak pas.","Saya chat ALEXISTOTO soal permainan yang RTP-nya tidak muncul. Dijawab singkat, lalu saya pilih slot gacor lain. Alurnya manusiawi, tidak bertele.","Saya bawa ALEXISTOTO dari browser ke HP, slot gacor-nya tetap ada. Jackpot yang tadi saya lihat masih kebaca. Tidak perlu akun kedua.","Saya set limit sebelum buka slot gacor ALEXISTOTO. Pas nyentuh, saya berhenti meski masih ingin spin. Disiplin itu yang saya bawa dari sesi ini.","Maya Sari","Bayu Firmansyah","Dimas Kurniawan","Putri Ayu","Fajar Nugroho","ALEXISTOTO login","ALEXISTOTO daftar","Alternatif ALEXISTOTO","ALEXISTOTO official","ALEXISTOTO apk"
"online-live-online","SURYA777","SURYA777 Kabar Nama Pengirim WD yang Jelas x Online Live Online","SURYA777 hadir sebagai situs slot gacor gampang menang hari ini dengan link pola maxwin terbaru 2026, RTP tinggi, dan informasi jackpot terkini.","<a href=""#"">SURYA777</a> hadir sebagai situs slot gacor gampang menang hari ini dengan link pola maxwin terbaru 2026, RTP tinggi, dan informasi jackpot terkini.","Kabar slot gacor SURYA777 hari ini","SURYA777 merapikan info RTP dan jackpot slot gacor","Kabar pola maxwin 2026 di situs slot gacor SURYA777","SURYA777 hadirkan pilihan slot gacor dalam satu lobby","Update jackpot terkini slot gacor SURYA777","Apakah SURYA777 situs slot gacor yang bisa dicoba hari ini?","Bagaimana cara mulai main slot gacor di SURYA777?","Apakah RTP slot gacor di SURYA777 bisa dilihat?","Bagaimana info jackpot di SURYA777 diperbarui?","Apakah pola maxwin di SURYA777 wajib diikuti?","Ya. SURYA777 menata slot gacor dalam satu lobby. Anda bisa cek RTP, pilih permainan, lalu main pelan tanpa pindah situs.","Masuk SURYA777, pilih permainan slot gacor yang ingin dijajal, mulai dengan taruhan kecil. RTP dan info jackpot ada sebelum sesi berjalan.","Bisa. SURYA777 menampilkan ringkasan RTP supaya pemain punya acuan pilih meja, bukan janji menang terus.","Informasi jackpot di SURYA777 disusun agar kebaca sebelum main. Angkanya jadi pantauan, bukan slogan di judul.","Tidak wajib. Pola di SURYA777 hanya referensi. Keputusan taruhan tetap di pemain, meja tetap bisa diganti kalau terasa sepi.","Saya buka SURYA777 karena cari situs slot gacor yang denahnya jelas. RTP-nya kebaca, saya pilih satu permainan lalu main pelan. Habis ada naik tipis, saya tarik dan tidak nambah sesi.","Saya coba slot gacor di SURYA777 dengan taruhan kecil dulu. Pola yang tampil saya anggap catatan, bukan jaminan. Sesi itu cukup buat ngerasain mejanya, lalu saya tutup.","Saya lihat info jackpot di SURYA777 sebelum spin. Bukan angka gila, tapi cukup buat nentuin mau lanjut atau pindah. Slot gacor-nya terasa rapi, tidak berisik.","Saya pindah permainan slot gacor di SURYA777 setelah yang pertama sepi. Lobby-nya satu pintu, gak logout. RTP meja kedua lebih nyambung, saya stop pas sudah plus tipis.","Saya main slot gacor SURYA777 di HP sambil nunggu. Grafiknya ringan, jackpot dan RTP tetap kelihatan. Sesi pendek, saya tidak dipaksa gas besar.","Arif Rahman","Nadia Putri","Dimas Kurniawan","Rizky Pratama","Maya Sari","SURYA777 login","SURYA777 daftar","Alternatif SURYA777","link alternatif SURYA777","SURYA777 wap"
"conference-exhibition-online","PANDA168","PANDA168 Coba Dua Game Maksimal Jangan Sepuluh x Conference & Exhibition Online","PANDA168 dikenal sebagai situs slot gacor yang nyaman dijajal hari ini dengan link pola maxwin terbaru 2026, RTP tinggi, dan informasi jackpot terkini tanpa banyak slogan.","<a href=""#"">PANDA168</a> dikenal sebagai situs slot gacor yang nyaman dijajal hari ini dengan link pola maxwin terbaru 2026, RTP tinggi, dan informasi jackpot terkini tanpa banyak slogan.","Update slot gacor PANDA168 hari ini","PANDA168 merapikan info RTP dan jackpot slot gacor","Kabar pola maxwin 2026 di situs slot gacor PANDA168","PANDA168 hadirkan pilihan slot gacor dalam satu lobby","Update jackpot terkini slot gacor PANDA168","Bagaimana cara mulai main slot gacor di PANDA168?","Apakah RTP slot gacor di PANDA168 bisa dilihat?","Bagaimana info jackpot di PANDA168 diperbarui?","Apakah pola maxwin di PANDA168 wajib diikuti?","Bisakah pindah permainan slot gacor tanpa daftar ulang di PANDA168?","Masuk PANDA168, pilih permainan slot gacor yang ingin dijajal, mulai dengan taruhan kecil. RTP dan info jackpot ada sebelum sesi berjalan.","Bisa. PANDA168 menampilkan ringkasan RTP supaya pemain punya acuan pilih meja, bukan janji menang terus.","Informasi jackpot di PANDA168 disusun agar kebaca sebelum main. Angkanya jadi pantauan, bukan slogan di judul.","Tidak wajib. Pola di PANDA168 hanya referensi. Keputusan taruhan tetap di pemain, meja tetap bisa diganti kalau terasa sepi.","Bisa. Slot gacor PANDA168 ada di satu akun. Ganti permainan tidak perlu login baru.","Saya sempat ragu pola maxwin di PANDA168. Setelah dicoba, itu hanya panduan. Yang saya pakai justru pilih meja pelan dan tarik begitu sudah cukup.","Saya daftar PANDA168 lalu langsung ke slot gacor, tidak muter halaman. Info jackpot 2026-nya kebaca. Saya kunci sesi sebelum jadi lama.","Saya banding RTP beberapa permainan di PANDA168. Yang lebih tinggi saya jajal dulu. Slot gacor-nya tidak janji menang terus, dan itu yang bikin saya tenang.","Saya tarik dari PANDA168 setelah sesi slot gacor malam ini. Prosesnya rapi, tidak banyak tanya. Besok saya tidak maksa balik kalau mood tidak pas.","Saya chat PANDA168 soal permainan yang RTP-nya tidak muncul. Dijawab singkat, lalu saya pilih slot gacor lain. Alurnya manusiawi, tidak bertele.","Bayu Firmansyah","Nadia Putri","Yoga Prasetyo","Hendra Gunawan","Alika Rahman","PANDA168 login","PANDA168 daftar","Alternatif PANDA168","PANDA168 gacor","situs PANDA168"
"attendee-info-online","SLOT88","SLOT88 Update Lobby yang Gak Banyak Banner x Attendee Info Online","SLOT88 menjadi pilihan situs slot gacor buat sesi harian dengan pembaruan pola main yang dibahas tahun 2026, RTP tinggi, dan informasi jackpot terkini untuk pemain yang mau coba dulu.","<a href=""#"">SLOT88</a> menjadi pilihan situs slot gacor buat sesi harian dengan pembaruan pola main yang dibahas tahun 2026, RTP tinggi, dan informasi jackpot terkini untuk pemain yang mau coba dulu.","Intip slot gacor SLOT88 hari ini","SLOT88 merapikan info RTP dan jackpot slot gacor","Kabar pola maxwin 2026 di situs slot gacor SLOT88","SLOT88 hadirkan pilihan slot gacor dalam satu lobby","Update jackpot terkini slot gacor SLOT88","Apakah RTP slot gacor di SLOT88 bisa dilihat?","Bagaimana info jackpot di SLOT88 diperbarui?","Apakah pola maxwin di SLOT88 wajib diikuti?","Bisakah pindah permainan slot gacor tanpa daftar ulang di SLOT88?","Apakah slot gacor SLOT88 nyaman di HP?","Bisa. SLOT88 menampilkan ringkasan RTP supaya pemain punya acuan pilih meja, bukan janji menang terus.","Informasi jackpot di SLOT88 disusun agar kebaca sebelum main. Angkanya jadi pantauan, bukan slogan di judul.","Tidak wajib. Pola di SLOT88 hanya referensi. Keputusan taruhan tetap di pemain, meja tetap bisa diganti kalau terasa sepi.","Bisa. Slot gacor SLOT88 ada di satu akun. Ganti permainan tidak perlu login baru.","Nyaman. Lobby slot gacor SLOT88 ringkas di HP, RTP dan jackpot tetap kebaca, sesi bisa dipotong kapan saja.","Saya bawa SLOT88 dari browser ke HP, slot gacor-nya tetap ada. Jackpot yang tadi saya lihat masih kebaca. Tidak perlu akun kedua.","Saya set limit sebelum buka slot gacor SLOT88. Pas nyentuh, saya berhenti meski masih ingin spin. Disiplin itu yang saya bawa dari sesi ini.","Saya buka SLOT88 karena cari situs slot gacor yang denahnya jelas. RTP-nya kebaca, saya pilih satu permainan lalu main pelan. Habis ada naik tipis, saya tarik dan tidak nambah sesi.","Saya coba slot gacor di SLOT88 dengan taruhan kecil dulu. Pola yang tampil saya anggap catatan, bukan jaminan. Sesi itu cukup buat ngerasain mejanya, lalu saya tutup.","Saya lihat info jackpot di SLOT88 sebelum spin. Bukan angka gila, tapi cukup buat nentuin mau lanjut atau pindah. Slot gacor-nya terasa rapi, tidak berisik.","Yoga Prasetyo","Maya Sari","Agus Wijaya","Hendra Gunawan","Alika Rahman","SLOT88 login","SLOT88 daftar","Alternatif SLOT88","SLOT88 slot gacor","SLOT88 terpercaya"
"agenda-at-a-glance-online","VIP555","VIP555 Yuk Istirahat Mata Abis Satu Jam x Agenda at a Glance Online","VIP555 menyediakan akses situs slot gacor dengan alur yang ringkas dengan pembaruan pola main yang dibahas tahun 2026, ringkasan jackpot harian, dan catatan RTP yang jelas dengan sesi yang bisa ditutup kapan saja.","<a href=""#"">VIP555</a> menyediakan akses situs slot gacor dengan alur yang ringkas dengan pembaruan pola main yang dibahas tahun 2026, ringkasan jackpot harian, dan catatan RTP yang jelas dengan sesi yang bisa ditutup kapan saja.","Yuk cek slot gacor VIP555 hari ini","VIP555 merapikan info RTP dan jackpot slot gacor","Kabar pola maxwin 2026 di situs slot gacor VIP555","VIP555 hadirkan pilihan slot gacor dalam satu lobby","Update jackpot terkini slot gacor VIP555","Bagaimana info jackpot di VIP555 diperbarui?","Apakah pola maxwin di VIP555 wajib diikuti?","Bisakah pindah permainan slot gacor tanpa daftar ulang di VIP555?","Apakah slot gacor VIP555 nyaman di HP?","Bagaimana kalau meja slot gacor di VIP555 terasa dingin?","Informasi jackpot di VIP555 disusun agar kebaca sebelum main. Angkanya jadi pantauan, bukan slogan di judul.","Tidak wajib. Pola di VIP555 hanya referensi. Keputusan taruhan tetap di pemain, meja tetap bisa diganti kalau terasa sepi.","Bisa. Slot gacor VIP555 ada di satu akun. Ganti permainan tidak perlu login baru.","Nyaman. Lobby slot gacor VIP555 ringkas di HP, RTP dan jackpot tetap kebaca, sesi bisa dipotong kapan saja.","Pindah permainan di lobby yang sama. VIP555 tidak memaksa bertahan di satu meja kalau ritmenya tidak nyambung.","Saya pindah permainan slot gacor di VIP555 setelah yang pertama sepi. Lobby-nya satu pintu, gak logout. RTP meja kedua lebih nyambung, saya stop pas sudah plus tipis.","Saya main slot gacor VIP555 di HP sambil nunggu. Grafiknya ringan, jackpot dan RTP tetap kelihatan. Sesi pendek, saya tidak dipaksa gas besar.","Saya sempat ragu pola maxwin di VIP555. Setelah dicoba, itu hanya panduan. Yang saya pakai justru pilih meja pelan dan tarik begitu sudah cukup.","Saya daftar VIP555 lalu langsung ke slot gacor, tidak muter halaman. Info jackpot 2026-nya kebaca. Saya kunci sesi sebelum jadi lama.","Saya banding RTP beberapa permainan di VIP555. Yang lebih tinggi saya jajal dulu. Slot gacor-nya tidak janji menang terus, dan itu yang bikin saya tenang.","Rafi Maulana","Citra Melati","Agus Wijaya","Andi Saputra","Maya Sari","VIP555 login","VIP555 daftar","Alternatif VIP555","VIP555 link login","VIP555 slot online"
"contact-us-exhibition","PAHLAWAN4D","PAHLAWAN4D Jangan Lewatkan Cairan E-Wallet yang Kenceng x Contact Us Exhibition","PAHLAWAN4D tampil sebagai situs slot gacor resmi yang gampang diikuti dengan akses permainan slot gacor yang dirapikan, ringkasan jackpot harian, dan catatan RTP yang jelas supaya denah permainannya kebaca.","<a href=""#"">PAHLAWAN4D</a> tampil sebagai situs slot gacor resmi yang gampang diikuti dengan akses permainan slot gacor yang dirapikan, ringkasan jackpot harian, dan catatan RTP yang jelas supaya denah permainannya kebaca.","Jangan lewatkan slot gacor PAHLAWAN4D hari ini","PAHLAWAN4D merapikan info RTP dan jackpot slot gacor","Kabar pola maxwin 2026 di situs slot gacor PAHLAWAN4D","PAHLAWAN4D hadirkan pilihan slot gacor dalam satu lobby","Update jackpot terkini slot gacor PAHLAWAN4D","Apakah pola maxwin di PAHLAWAN4D wajib diikuti?","Bisakah pindah permainan slot gacor tanpa daftar ulang di PAHLAWAN4D?","Apakah slot gacor PAHLAWAN4D nyaman di HP?","Bagaimana kalau meja slot gacor di PAHLAWAN4D terasa dingin?","Apakah PAHLAWAN4D situs slot gacor yang bisa dicoba hari ini?","Tidak wajib. Pola di PAHLAWAN4D hanya referensi. Keputusan taruhan tetap di pemain, meja tetap bisa diganti kalau terasa sepi.","Bisa. Slot gacor PAHLAWAN4D ada di satu akun. Ganti permainan tidak perlu login baru.","Nyaman. Lobby slot gacor PAHLAWAN4D ringkas di HP, RTP dan jackpot tetap kebaca, sesi bisa dipotong kapan saja.","Pindah permainan di lobby yang sama. PAHLAWAN4D tidak memaksa bertahan di satu meja kalau ritmenya tidak nyambung.","Ya. PAHLAWAN4D menata slot gacor dalam satu lobby. Anda bisa cek RTP, pilih permainan, lalu main pelan tanpa pindah situs.","Saya tarik dari PAHLAWAN4D setelah sesi slot gacor malam ini. Prosesnya rapi, tidak banyak tanya. Besok saya tidak maksa balik kalau mood tidak pas.","Saya chat PAHLAWAN4D soal permainan yang RTP-nya tidak muncul. Dijawab singkat, lalu saya pilih slot gacor lain. Alurnya manusiawi, tidak bertele.","Saya bawa PAHLAWAN4D dari browser ke HP, slot gacor-nya tetap ada. Jackpot yang tadi saya lihat masih kebaca. Tidak perlu akun kedua.","Saya set limit sebelum buka slot gacor PAHLAWAN4D. Pas nyentuh, saya berhenti meski masih ingin spin. Disiplin itu yang saya bawa dari sesi ini.","Saya buka PAHLAWAN4D karena cari situs slot gacor yang denahnya jelas. RTP-nya kebaca, saya pilih satu permainan lalu main pelan. Habis ada naik tipis, saya tarik dan tidak nambah sesi.","Agus Wijaya","Rizky Pratama","Nisa Fadilah","Ayu Rahma","Arif Rahman","PAHLAWAN4D login","PAHLAWAN4D daftar","Alternatif PAHLAWAN4D","PAHLAWAN4D slot","PAHLAWAN4D rtp"
"speakers-exhibition","JUTAWANBET","JUTAWANBET Hadir di Sesi Wild West Gold x Speakers Exhibition","JUTAWANBET menghadirkan situs slot gacor dengan pintu masuk yang pendek dengan akses permainan slot gacor yang dirapikan, ringkasan jackpot harian, dan catatan RTP yang jelas biar gak nyasar pindah situs.","<a href=""#"">JUTAWANBET</a> menghadirkan situs slot gacor dengan pintu masuk yang pendek dengan akses permainan slot gacor yang dirapikan, ringkasan jackpot harian, dan catatan RTP yang jelas biar gak nyasar pindah situs.","Kabar slot gacor JUTAWANBET hari ini","JUTAWANBET merapikan info RTP dan jackpot slot gacor","Kabar pola maxwin 2026 di situs slot gacor JUTAWANBET","JUTAWANBET hadirkan pilihan slot gacor dalam satu lobby","Update jackpot terkini slot gacor JUTAWANBET","Bisakah pindah permainan slot gacor tanpa daftar ulang di JUTAWANBET?","Apakah slot gacor JUTAWANBET nyaman di HP?","Bagaimana kalau meja slot gacor di JUTAWANBET terasa dingin?","Apakah JUTAWANBET situs slot gacor yang bisa dicoba hari ini?","Bagaimana cara mulai main slot gacor di JUTAWANBET?","Bisa. Slot gacor JUTAWANBET ada di satu akun. Ganti permainan tidak perlu login baru.","Nyaman. Lobby slot gacor JUTAWANBET ringkas di HP, RTP dan jackpot tetap kebaca, sesi bisa dipotong kapan saja.","Pindah permainan di lobby yang sama. JUTAWANBET tidak memaksa bertahan di satu meja kalau ritmenya tidak nyambung.","Ya. JUTAWANBET menata slot gacor dalam satu lobby. Anda bisa cek RTP, pilih permainan, lalu main pelan tanpa pindah situs.","Masuk JUTAWANBET, pilih permainan slot gacor yang ingin dijajal, mulai dengan taruhan kecil. RTP dan info jackpot ada sebelum sesi berjalan.","Saya coba slot gacor di JUTAWANBET dengan taruhan kecil dulu. Pola yang tampil saya anggap catatan, bukan jaminan. Sesi itu cukup buat ngerasain mejanya, lalu saya tutup.","Saya lihat info jackpot di JUTAWANBET sebelum spin. Bukan angka gila, tapi cukup buat nentuin mau lanjut atau pindah. Slot gacor-nya terasa rapi, tidak berisik.","Saya pindah permainan slot gacor di JUTAWANBET setelah yang pertama sepi. Lobby-nya satu pintu, gak logout. RTP meja kedua lebih nyambung, saya stop pas sudah plus tipis.","Saya main slot gacor JUTAWANBET di HP sambil nunggu. Grafiknya ringan, jackpot dan RTP tetap kelihatan. Sesi pendek, saya tidak dipaksa gas besar.","Saya sempat ragu pola maxwin di JUTAWANBET. Setelah dicoba, itu hanya panduan. Yang saya pakai justru pilih meja pelan dan tarik begitu sudah cukup.","Rina Wulandari","Maya Sari","Agus Wijaya","Arif Rahman","Andi Saputra","JUTAWANBET login","JUTAWANBET daftar","Alternatif JUTAWANBET","JUTAWANBET link","JUTAWANBET masuk"
"sessions-exhibition","CUANBET","CUANBET Sesi Nunggu Takeaway x Sessions Exhibition","CUANBET siap dipakai sebagai situs slot gacor untuk main pelan hari ini dengan pilihan meja yang gampang dicari, kabar jackpot terkini, dan RTP yang bisa dicek dengan bantuan yang tetap bisa dihubungi.","<a href=""#"">CUANBET</a> siap dipakai sebagai situs slot gacor untuk main pelan hari ini dengan pilihan meja yang gampang dicari, kabar jackpot terkini, dan RTP yang bisa dicek dengan bantuan yang tetap bisa dihubungi.","Update slot gacor CUANBET hari ini","CUANBET merapikan info RTP dan jackpot slot gacor","Kabar pola maxwin 2026 di situs slot gacor CUANBET","CUANBET hadirkan pilihan slot gacor dalam satu lobby","Update jackpot terkini slot gacor CUANBET","Apakah slot gacor CUANBET nyaman di HP?","Bagaimana kalau meja slot gacor di CUANBET terasa dingin?","Apakah CUANBET situs slot gacor yang bisa dicoba hari ini?","Bagaimana cara mulai main slot gacor di CUANBET?","Apakah RTP slot gacor di CUANBET bisa dilihat?","Nyaman. Lobby slot gacor CUANBET ringkas di HP, RTP dan jackpot tetap kebaca, sesi bisa dipotong kapan saja.","Pindah permainan di lobby yang sama. CUANBET tidak memaksa bertahan di satu meja kalau ritmenya tidak nyambung.","Ya. CUANBET menata slot gacor dalam satu lobby. Anda bisa cek RTP, pilih permainan, lalu main pelan tanpa pindah situs.","Masuk CUANBET, pilih permainan slot gacor yang ingin dijajal, mulai dengan taruhan kecil. RTP dan info jackpot ada sebelum sesi berjalan.","Bisa. CUANBET menampilkan ringkasan RTP supaya pemain punya acuan pilih meja, bukan janji menang terus.","Saya daftar CUANBET lalu langsung ke slot gacor, tidak muter halaman. Info jackpot 2026-nya kebaca. Saya kunci sesi sebelum jadi lama.","Saya banding RTP beberapa permainan di CUANBET. Yang lebih tinggi saya jajal dulu. Slot gacor-nya tidak janji menang terus, dan itu yang bikin saya tenang.","Saya tarik dari CUANBET setelah sesi slot gacor malam ini. Prosesnya rapi, tidak banyak tanya. Besok saya tidak maksa balik kalau mood tidak pas.","Saya chat CUANBET soal permainan yang RTP-nya tidak muncul. Dijawab singkat, lalu saya pilih slot gacor lain. Alurnya manusiawi, tidak bertele.","Saya bawa CUANBET dari browser ke HP, slot gacor-nya tetap ada. Jackpot yang tadi saya lihat masih kebaca. Tidak perlu akun kedua.","Arif Rahman","Mutiara Kartika","Bayu Firmansyah","Yoga Prasetyo","Lina Kartika","CUANBET login","CUANBET daftar","Alternatif CUANBET","CUANBET official","CUANBET apk"
"buy-passes-exhibition","MUSANG178","MUSANG178 Kabar Spin Terakhir yang Tetap Kehitung x Buy Passes Exhibition","MUSANG178 berdiri sebagai situs slot gacor yang menata permainan dalam satu lobby dengan pilihan meja yang gampang dicari, kabar jackpot terkini, dan RTP yang bisa dicek untuk main di HP maupun browser.","<a href=""#"">MUSANG178</a> berdiri sebagai situs slot gacor yang menata permainan dalam satu lobby dengan pilihan meja yang gampang dicari, kabar jackpot terkini, dan RTP yang bisa dicek untuk main di HP maupun browser.","Intip slot gacor MUSANG178 hari ini","MUSANG178 merapikan info RTP dan jackpot slot gacor","Kabar pola maxwin 2026 di situs slot gacor MUSANG178","MUSANG178 hadirkan pilihan slot gacor dalam satu lobby","Update jackpot terkini slot gacor MUSANG178","Bagaimana kalau meja slot gacor di MUSANG178 terasa dingin?","Apakah MUSANG178 situs slot gacor yang bisa dicoba hari ini?","Bagaimana cara mulai main slot gacor di MUSANG178?","Apakah RTP slot gacor di MUSANG178 bisa dilihat?","Bagaimana info jackpot di MUSANG178 diperbarui?","Pindah permainan di lobby yang sama. MUSANG178 tidak memaksa bertahan di satu meja kalau ritmenya tidak nyambung.","Ya. MUSANG178 menata slot gacor dalam satu lobby. Anda bisa cek RTP, pilih permainan, lalu main pelan tanpa pindah situs.","Masuk MUSANG178, pilih permainan slot gacor yang ingin dijajal, mulai dengan taruhan kecil. RTP dan info jackpot ada sebelum sesi berjalan.","Bisa. MUSANG178 menampilkan ringkasan RTP supaya pemain punya acuan pilih meja, bukan janji menang terus.","Informasi jackpot di MUSANG178 disusun agar kebaca sebelum main. Angkanya jadi pantauan, bukan slogan di judul.","Saya set limit sebelum buka slot gacor MUSANG178. Pas nyentuh, saya berhenti meski masih ingin spin. Disiplin itu yang saya bawa dari sesi ini.","Saya buka MUSANG178 karena cari situs slot gacor yang denahnya jelas. RTP-nya kebaca, saya pilih satu permainan lalu main pelan. Habis ada naik tipis, saya tarik dan tidak nambah sesi.","Saya coba slot gacor di MUSANG178 dengan taruhan kecil dulu. Pola yang tampil saya anggap catatan, bukan jaminan. Sesi itu cukup buat ngerasain mejanya, lalu saya tutup.","Saya lihat info jackpot di MUSANG178 sebelum spin. Bukan angka gila, tapi cukup buat nentuin mau lanjut atau pindah. Slot gacor-nya terasa rapi, tidak berisik.","Saya pindah permainan slot gacor di MUSANG178 setelah yang pertama sepi. Lobby-nya satu pintu, gak logout. RTP meja kedua lebih nyambung, saya stop pas sudah plus tipis.","Ilham Ramadhan","Ayu Rahma","Rizky Pratama","Nadia Putri","Agus Wijaya","MUSANG178 login","MUSANG178 daftar","Alternatif MUSANG178","link alternatif MUSANG178","MUSANG178 wap"
"workshops-exhibition","DELTA88","DELTA88 Coba Headphone biar Gak Ganggu Rumah x Workshops Exhibition","DELTA88 hadir sebagai situs slot gacor gampang menang hari ini dengan info RTP yang kebaca sebelum mulai, kabar jackpot terkini, dan RTP yang bisa dicek.","<a href=""#"">DELTA88</a> hadir sebagai situs slot gacor gampang menang hari ini dengan info RTP yang kebaca sebelum mulai, kabar jackpot terkini, dan RTP yang bisa dicek.","Yuk cek slot gacor DELTA88 hari ini","DELTA88 merapikan info RTP dan jackpot slot gacor","Kabar pola maxwin 2026 di situs slot gacor DELTA88","DELTA88 hadirkan pilihan slot gacor dalam satu lobby","Update jackpot terkini slot gacor DELTA88","Apakah DELTA88 situs slot gacor yang bisa dicoba hari ini?","Bagaimana cara mulai main slot gacor di DELTA88?","Apakah RTP slot gacor di DELTA88 bisa dilihat?","Bagaimana info jackpot di DELTA88 diperbarui?","Apakah pola maxwin di DELTA88 wajib diikuti?","Ya. DELTA88 menata slot gacor dalam satu lobby. Anda bisa cek RTP, pilih permainan, lalu main pelan tanpa pindah situs.","Masuk DELTA88, pilih permainan slot gacor yang ingin dijajal, mulai dengan taruhan kecil. RTP dan info jackpot ada sebelum sesi berjalan.","Bisa. DELTA88 menampilkan ringkasan RTP supaya pemain punya acuan pilih meja, bukan janji menang terus.","Informasi jackpot di DELTA88 disusun agar kebaca sebelum main. Angkanya jadi pantauan, bukan slogan di judul.","Tidak wajib. Pola di DELTA88 hanya referensi. Keputusan taruhan tetap di pemain, meja tetap bisa diganti kalau terasa sepi.","Saya main slot gacor DELTA88 di HP sambil nunggu. Grafiknya ringan, jackpot dan RTP tetap kelihatan. Sesi pendek, saya tidak dipaksa gas besar.","Saya sempat ragu pola maxwin di DELTA88. Setelah dicoba, itu hanya panduan. Yang saya pakai justru pilih meja pelan dan tarik begitu sudah cukup.","Saya daftar DELTA88 lalu langsung ke slot gacor, tidak muter halaman. Info jackpot 2026-nya kebaca. Saya kunci sesi sebelum jadi lama.","Saya banding RTP beberapa permainan di DELTA88. Yang lebih tinggi saya jajal dulu. Slot gacor-nya tidak janji menang terus, dan itu yang bikin saya tenang.","Saya tarik dari DELTA88 setelah sesi slot gacor malam ini. Prosesnya rapi, tidak banyak tanya. Besok saya tidak maksa balik kalau mood tidak pas.","Dimas Kurniawan","Ayu Rahma","Aldi Salim","Nadia Putri","Rafi Maulana","DELTA88 login","DELTA88 daftar","Alternatif DELTA88","DELTA88 gacor","situs DELTA88"
"business-events-exhibition","JERUK123","JERUK123 Update Event yang Gak Pakai Tiket Ribet x Business Events Exhibition","JERUK123 dikenal sebagai situs slot gacor yang nyaman dijajal hari ini dengan info RTP yang kebaca sebelum mulai, info jackpot yang diperbarui, dan RTP yang transparan tanpa banyak slogan.","<a href=""#"">JERUK123</a> dikenal sebagai situs slot gacor yang nyaman dijajal hari ini dengan info RTP yang kebaca sebelum mulai, info jackpot yang diperbarui, dan RTP yang transparan tanpa banyak slogan.","Jangan lewatkan slot gacor JERUK123 hari ini","JERUK123 merapikan info RTP dan jackpot slot gacor","Kabar pola maxwin 2026 di situs slot gacor JERUK123","JERUK123 hadirkan pilihan slot gacor dalam satu lobby","Update jackpot terkini slot gacor JERUK123","Bagaimana cara mulai main slot gacor di JERUK123?","Apakah RTP slot gacor di JERUK123 bisa dilihat?","Bagaimana info jackpot di JERUK123 diperbarui?","Apakah pola maxwin di JERUK123 wajib diikuti?","Bisakah pindah permainan slot gacor tanpa daftar ulang di JERUK123?","Masuk JERUK123, pilih permainan slot gacor yang ingin dijajal, mulai dengan taruhan kecil. RTP dan info jackpot ada sebelum sesi berjalan.","Bisa. JERUK123 menampilkan ringkasan RTP supaya pemain punya acuan pilih meja, bukan janji menang terus.","Informasi jackpot di JERUK123 disusun agar kebaca sebelum main. Angkanya jadi pantauan, bukan slogan di judul.","Tidak wajib. Pola di JERUK123 hanya referensi. Keputusan taruhan tetap di pemain, meja tetap bisa diganti kalau terasa sepi.","Bisa. Slot gacor JERUK123 ada di satu akun. Ganti permainan tidak perlu login baru.","Saya chat JERUK123 soal permainan yang RTP-nya tidak muncul. Dijawab singkat, lalu saya pilih slot gacor lain. Alurnya manusiawi, tidak bertele.","Saya bawa JERUK123 dari browser ke HP, slot gacor-nya tetap ada. Jackpot yang tadi saya lihat masih kebaca. Tidak perlu akun kedua.","Saya set limit sebelum buka slot gacor JERUK123. Pas nyentuh, saya berhenti meski masih ingin spin. Disiplin itu yang saya bawa dari sesi ini.","Saya buka JERUK123 karena cari situs slot gacor yang denahnya jelas. RTP-nya kebaca, saya pilih satu permainan lalu main pelan. Habis ada naik tipis, saya tarik dan tidak nambah sesi.","Saya coba slot gacor di JERUK123 dengan taruhan kecil dulu. Pola yang tampil saya anggap catatan, bukan jaminan. Sesi itu cukup buat ngerasain mejanya, lalu saya tutup.","Mutiara Kartika","Yoga Prasetyo","Dimas Kurniawan","Putri Ayu","Hendra Gunawan","JERUK123 login","JERUK123 daftar","Alternatif JERUK123","JERUK123 slot gacor","JERUK123 terpercaya"
"video-marketing-events-exhibition","MERDEKA138","MERDEKA138 Yuk Tutup sebelum Begadang x Video Marketing Events Exhibition","MERDEKA138 menjadi pilihan situs slot gacor buat sesi harian dengan katalog permainan yang tidak tercecer, info jackpot yang diperbarui, dan RTP yang transparan untuk pemain yang mau coba dulu.","<a href=""#"">MERDEKA138</a> menjadi pilihan situs slot gacor buat sesi harian dengan katalog permainan yang tidak tercecer, info jackpot yang diperbarui, dan RTP yang transparan untuk pemain yang mau coba dulu.","Kabar slot gacor MERDEKA138 hari ini","MERDEKA138 merapikan info RTP dan jackpot slot gacor","Kabar pola maxwin 2026 di situs slot gacor MERDEKA138","MERDEKA138 hadirkan pilihan slot gacor dalam satu lobby","Update jackpot terkini slot gacor MERDEKA138","Apakah RTP slot gacor di MERDEKA138 bisa dilihat?","Bagaimana info jackpot di MERDEKA138 diperbarui?","Apakah pola maxwin di MERDEKA138 wajib diikuti?","Bisakah pindah permainan slot gacor tanpa daftar ulang di MERDEKA138?","Apakah slot gacor MERDEKA138 nyaman di HP?","Bisa. MERDEKA138 menampilkan ringkasan RTP supaya pemain punya acuan pilih meja, bukan janji menang terus.","Informasi jackpot di MERDEKA138 disusun agar kebaca sebelum main. Angkanya jadi pantauan, bukan slogan di judul.","Tidak wajib. Pola di MERDEKA138 hanya referensi. Keputusan taruhan tetap di pemain, meja tetap bisa diganti kalau terasa sepi.","Bisa. Slot gacor MERDEKA138 ada di satu akun. Ganti permainan tidak perlu login baru.","Nyaman. Lobby slot gacor MERDEKA138 ringkas di HP, RTP dan jackpot tetap kebaca, sesi bisa dipotong kapan saja.","Saya lihat info jackpot di MERDEKA138 sebelum spin. Bukan angka gila, tapi cukup buat nentuin mau lanjut atau pindah. Slot gacor-nya terasa rapi, tidak berisik.","Saya pindah permainan slot gacor di MERDEKA138 setelah yang pertama sepi. Lobby-nya satu pintu, gak logout. RTP meja kedua lebih nyambung, saya stop pas sudah plus tipis.","Saya main slot gacor MERDEKA138 di HP sambil nunggu. Grafiknya ringan, jackpot dan RTP tetap kelihatan. Sesi pendek, saya tidak dipaksa gas besar.","Saya sempat ragu pola maxwin di MERDEKA138. Setelah dicoba, itu hanya panduan. Yang saya pakai justru pilih meja pelan dan tarik begitu sudah cukup.","Saya daftar MERDEKA138 lalu langsung ke slot gacor, tidak muter halaman. Info jackpot 2026-nya kebaca. Saya kunci sesi sebelum jadi lama.","Dimas Kurniawan","Aldi Salim","Nadia Putri","Mutiara Kartika","Rizky Pratama","MERDEKA138 login","MERDEKA138 daftar","Alternatif MERDEKA138","MERDEKA138 link login","MERDEKA138 slot online"
"exhibition-exhibition","JUARA88","JUARA88 Jangan Nambah Bet Pas Udah Capek x Exhibition Exhibition","JUARA88 menyediakan akses situs slot gacor dengan alur yang ringkas dengan katalog permainan yang tidak tercecer, info jackpot yang diperbarui, dan RTP yang transparan dengan sesi yang bisa ditutup kapan saja.","<a href=""#"">JUARA88</a> menyediakan akses situs slot gacor dengan alur yang ringkas dengan katalog permainan yang tidak tercecer, info jackpot yang diperbarui, dan RTP yang transparan dengan sesi yang bisa ditutup kapan saja.","Update slot gacor JUARA88 hari ini","JUARA88 merapikan info RTP dan jackpot slot gacor","Kabar pola maxwin 2026 di situs slot gacor JUARA88","JUARA88 hadirkan pilihan slot gacor dalam satu lobby","Update jackpot terkini slot gacor JUARA88","Bagaimana info jackpot di JUARA88 diperbarui?","Apakah pola maxwin di JUARA88 wajib diikuti?","Bisakah pindah permainan slot gacor tanpa daftar ulang di JUARA88?","Apakah slot gacor JUARA88 nyaman di HP?","Bagaimana kalau meja slot gacor di JUARA88 terasa dingin?","Informasi jackpot di JUARA88 disusun agar kebaca sebelum main. Angkanya jadi pantauan, bukan slogan di judul.","Tidak wajib. Pola di JUARA88 hanya referensi. Keputusan taruhan tetap di pemain, meja tetap bisa diganti kalau terasa sepi.","Bisa. Slot gacor JUARA88 ada di satu akun. Ganti permainan tidak perlu login baru.","Nyaman. Lobby slot gacor JUARA88 ringkas di HP, RTP dan jackpot tetap kebaca, sesi bisa dipotong kapan saja.","Pindah permainan di lobby yang sama. JUARA88 tidak memaksa bertahan di satu meja kalau ritmenya tidak nyambung.","Saya banding RTP beberapa permainan di JUARA88. Yang lebih tinggi saya jajal dulu. Slot gacor-nya tidak janji menang terus, dan itu yang bikin saya tenang.","Saya tarik dari JUARA88 setelah sesi slot gacor malam ini. Prosesnya rapi, tidak banyak tanya. Besok saya tidak maksa balik kalau mood tidak pas.","Saya chat JUARA88 soal permainan yang RTP-nya tidak muncul. Dijawab singkat, lalu saya pilih slot gacor lain. Alurnya manusiawi, tidak bertele.","Saya bawa JUARA88 dari browser ke HP, slot gacor-nya tetap ada. Jackpot yang tadi saya lihat masih kebaca. Tidak perlu akun kedua.","Saya set limit sebelum buka slot gacor JUARA88. Pas nyentuh, saya berhenti meski masih ingin spin. Disiplin itu yang saya bawa dari sesi ini.","Dimas Kurniawan","Nisa Fadilah","Nadia Putri","Rafi Maulana","Agus Wijaya","JUARA88 login","JUARA88 daftar","Alternatif JUARA88","JUARA88 slot","JUARA88 rtp"
"register-now-exhibition","KENZOTOTO","KENZOTOTO Hadir di Lobby Aztec Priestess x Register Now Exhibition","KENZOTOTO tampil sebagai situs slot gacor resmi yang gampang diikuti dengan jalur login yang tidak muter-muter, data RTP terkini, dan pantauan jackpot yang rapi supaya denah permainannya kebaca.","<a href=""#"">KENZOTOTO</a> tampil sebagai situs slot gacor resmi yang gampang diikuti dengan jalur login yang tidak muter-muter, data RTP terkini, dan pantauan jackpot yang rapi supaya denah permainannya kebaca.","Intip slot gacor KENZOTOTO hari ini","KENZOTOTO merapikan info RTP dan jackpot slot gacor","Kabar pola maxwin 2026 di situs slot gacor KENZOTOTO","KENZOTOTO hadirkan pilihan slot gacor dalam satu lobby","Update jackpot terkini slot gacor KENZOTOTO","Apakah pola maxwin di KENZOTOTO wajib diikuti?","Bisakah pindah permainan slot gacor tanpa daftar ulang di KENZOTOTO?","Apakah slot gacor KENZOTOTO nyaman di HP?","Bagaimana kalau meja slot gacor di KENZOTOTO terasa dingin?","Apakah KENZOTOTO situs slot gacor yang bisa dicoba hari ini?","Tidak wajib. Pola di KENZOTOTO hanya referensi. Keputusan taruhan tetap di pemain, meja tetap bisa diganti kalau terasa sepi.","Bisa. Slot gacor KENZOTOTO ada di satu akun. Ganti permainan tidak perlu login baru.","Nyaman. Lobby slot gacor KENZOTOTO ringkas di HP, RTP dan jackpot tetap kebaca, sesi bisa dipotong kapan saja.","Pindah permainan di lobby yang sama. KENZOTOTO tidak memaksa bertahan di satu meja kalau ritmenya tidak nyambung.","Ya. KENZOTOTO menata slot gacor dalam satu lobby. Anda bisa cek RTP, pilih permainan, lalu main pelan tanpa pindah situs.","Saya buka KENZOTOTO karena cari situs slot gacor yang denahnya jelas. RTP-nya kebaca, saya pilih satu permainan lalu main pelan. Habis ada naik tipis, saya tarik dan tidak nambah sesi.","Saya coba slot gacor di KENZOTOTO dengan taruhan kecil dulu. Pola yang tampil saya anggap catatan, bukan jaminan. Sesi itu cukup buat ngerasain mejanya, lalu saya tutup.","Saya lihat info jackpot di KENZOTOTO sebelum spin. Bukan angka gila, tapi cukup buat nentuin mau lanjut atau pindah. Slot gacor-nya terasa rapi, tidak berisik.","Saya pindah permainan slot gacor di KENZOTOTO setelah yang pertama sepi. Lobby-nya satu pintu, gak logout. RTP meja kedua lebih nyambung, saya stop pas sudah plus tipis.","Saya main slot gacor KENZOTOTO di HP sambil nunggu. Grafiknya ringan, jackpot dan RTP tetap kelihatan. Sesi pendek, saya tidak dipaksa gas besar.","Aldi Salim","Nadia Putri","Sinta Dewi","Bayu Firmansyah","Agus Wijaya","KENZOTOTO login","KENZOTOTO daftar","Alternatif KENZOTOTO","KENZOTOTO link","KENZOTOTO masuk"
"buy-tickets-exhibition","SKY99","SKY99 Sesi Nunggu Antre Klinik x Buy Tickets Exhibition","SKY99 menghadirkan situs slot gacor dengan pintu masuk yang pendek dengan jalur login yang tidak muter-muter, data RTP terkini, dan pantauan jackpot yang rapi biar gak nyasar pindah situs.","<a href=""#"">SKY99</a> menghadirkan situs slot gacor dengan pintu masuk yang pendek dengan jalur login yang tidak muter-muter, data RTP terkini, dan pantauan jackpot yang rapi biar gak nyasar pindah situs.","Yuk cek slot gacor SKY99 hari ini","SKY99 merapikan info RTP dan jackpot slot gacor","Kabar pola maxwin 2026 di situs slot gacor SKY99","SKY99 hadirkan pilihan slot gacor dalam satu lobby","Update jackpot terkini slot gacor SKY99","Bisakah pindah permainan slot gacor tanpa daftar ulang di SKY99?","Apakah slot gacor SKY99 nyaman di HP?","Bagaimana kalau meja slot gacor di SKY99 terasa dingin?","Apakah SKY99 situs slot gacor yang bisa dicoba hari ini?","Bagaimana cara mulai main slot gacor di SKY99?","Bisa. Slot gacor SKY99 ada di satu akun. Ganti permainan tidak perlu login baru.","Nyaman. Lobby slot gacor SKY99 ringkas di HP, RTP dan jackpot tetap kebaca, sesi bisa dipotong kapan saja.","Pindah permainan di lobby yang sama. SKY99 tidak memaksa bertahan di satu meja kalau ritmenya tidak nyambung.","Ya. SKY99 menata slot gacor dalam satu lobby. Anda bisa cek RTP, pilih permainan, lalu main pelan tanpa pindah situs.","Masuk SKY99, pilih permainan slot gacor yang ingin dijajal, mulai dengan taruhan kecil. RTP dan info jackpot ada sebelum sesi berjalan.","Saya sempat ragu pola maxwin di SKY99. Setelah dicoba, itu hanya panduan. Yang saya pakai justru pilih meja pelan dan tarik begitu sudah cukup.","Saya daftar SKY99 lalu langsung ke slot gacor, tidak muter halaman. Info jackpot 2026-nya kebaca. Saya kunci sesi sebelum jadi lama.","Saya banding RTP beberapa permainan di SKY99. Yang lebih tinggi saya jajal dulu. Slot gacor-nya tidak janji menang terus, dan itu yang bikin saya tenang.","Saya tarik dari SKY99 setelah sesi slot gacor malam ini. Prosesnya rapi, tidak banyak tanya. Besok saya tidak maksa balik kalau mood tidak pas.","Saya chat SKY99 soal permainan yang RTP-nya tidak muncul. Dijawab singkat, lalu saya pilih slot gacor lain. Alurnya manusiawi, tidak bertele.","Alika Rahman","Rina Wulandari","Agus Wijaya","Fajar Nugroho","Budi Hartono","SKY99 login","SKY99 daftar","Alternatif SKY99","SKY99 official","SKY99 apk"
"about-digimarcon-exhibition","POHON4D","POHON4D Kabar Refresh Saldo yang Langsung Muncul x About DigiMarCon Exhibition","POHON4D siap dipakai sebagai situs slot gacor untuk main pelan hari ini dengan koleksi slot gacor dari beberapa provider, data RTP terkini, dan pantauan jackpot yang rapi dengan bantuan yang tetap bisa dihubungi.","<a href=""#"">POHON4D</a> siap dipakai sebagai situs slot gacor untuk main pelan hari ini dengan koleksi slot gacor dari beberapa provider, data RTP terkini, dan pantauan jackpot yang rapi dengan bantuan yang tetap bisa dihubungi.","Jangan lewatkan slot gacor POHON4D hari ini","POHON4D merapikan info RTP dan jackpot slot gacor","Kabar pola maxwin 2026 di situs slot gacor POHON4D","POHON4D hadirkan pilihan slot gacor dalam satu lobby","Update jackpot terkini slot gacor POHON4D","Apakah slot gacor POHON4D nyaman di HP?","Bagaimana kalau meja slot gacor di POHON4D terasa dingin?","Apakah POHON4D situs slot gacor yang bisa dicoba hari ini?","Bagaimana cara mulai main slot gacor di POHON4D?","Apakah RTP slot gacor di POHON4D bisa dilihat?","Nyaman. Lobby slot gacor POHON4D ringkas di HP, RTP dan jackpot tetap kebaca, sesi bisa dipotong kapan saja.","Pindah permainan di lobby yang sama. POHON4D tidak memaksa bertahan di satu meja kalau ritmenya tidak nyambung.","Ya. POHON4D menata slot gacor dalam satu lobby. Anda bisa cek RTP, pilih permainan, lalu main pelan tanpa pindah situs.","Masuk POHON4D, pilih permainan slot gacor yang ingin dijajal, mulai dengan taruhan kecil. RTP dan info jackpot ada sebelum sesi berjalan.","Bisa. POHON4D menampilkan ringkasan RTP supaya pemain punya acuan pilih meja, bukan janji menang terus.","Saya bawa POHON4D dari browser ke HP, slot gacor-nya tetap ada. Jackpot yang tadi saya lihat masih kebaca. Tidak perlu akun kedua.","Saya set limit sebelum buka slot gacor POHON4D. Pas nyentuh, saya berhenti meski masih ingin spin. Disiplin itu yang saya bawa dari sesi ini.","Saya buka POHON4D karena cari situs slot gacor yang denahnya jelas. RTP-nya kebaca, saya pilih satu permainan lalu main pelan. Habis ada naik tipis, saya tarik dan tidak nambah sesi.","Saya coba slot gacor di POHON4D dengan taruhan kecil dulu. Pola yang tampil saya anggap catatan, bukan jaminan. Sesi itu cukup buat ngerasain mejanya, lalu saya tutup.","Saya lihat info jackpot di POHON4D sebelum spin. Bukan angka gila, tapi cukup buat nentuin mau lanjut atau pindah. Slot gacor-nya terasa rapi, tidak berisik.","Citra Melati","Putri Ayu","Fajar Nugroho","Bayu Firmansyah","Dimas Kurniawan","POHON4D login","POHON4D daftar","Alternatif POHON4D","link alternatif POHON4D","POHON4D wap"
"sponsorship-inquiries-exhibition","DELTASLOT88","DELTASLOT88 Coba Satu Cangkir Satu Sesi x Sponsorship Inquiries Exhibition","DELTASLOT88 berdiri sebagai situs slot gacor yang menata permainan dalam satu lobby dengan koleksi slot gacor dari beberapa provider, update jackpot 2026, dan RTP yang tidak disembunyiin untuk main di HP maupun browser.","<a href=""#"">DELTASLOT88</a> berdiri sebagai situs slot gacor yang menata permainan dalam satu lobby dengan koleksi slot gacor dari beberapa provider, update jackpot 2026, dan RTP yang tidak disembunyiin untuk main di HP maupun browser.","Kabar slot gacor DELTASLOT88 hari ini","DELTASLOT88 merapikan info RTP dan jackpot slot gacor","Kabar pola maxwin 2026 di situs slot gacor DELTASLOT88","DELTASLOT88 hadirkan pilihan slot gacor dalam satu lobby","Update jackpot terkini slot gacor DELTASLOT88","Bagaimana kalau meja slot gacor di DELTASLOT88 terasa dingin?","Apakah DELTASLOT88 situs slot gacor yang bisa dicoba hari ini?","Bagaimana cara mulai main slot gacor di DELTASLOT88?","Apakah RTP slot gacor di DELTASLOT88 bisa dilihat?","Bagaimana info jackpot di DELTASLOT88 diperbarui?","Pindah permainan di lobby yang sama. DELTASLOT88 tidak memaksa bertahan di satu meja kalau ritmenya tidak nyambung.","Ya. DELTASLOT88 menata slot gacor dalam satu lobby. Anda bisa cek RTP, pilih permainan, lalu main pelan tanpa pindah situs.","Masuk DELTASLOT88, pilih permainan slot gacor yang ingin dijajal, mulai dengan taruhan kecil. RTP dan info jackpot ada sebelum sesi berjalan.","Bisa. DELTASLOT88 menampilkan ringkasan RTP supaya pemain punya acuan pilih meja, bukan janji menang terus.","Informasi jackpot di DELTASLOT88 disusun agar kebaca sebelum main. Angkanya jadi pantauan, bukan slogan di judul.","Saya pindah permainan slot gacor di DELTASLOT88 setelah yang pertama sepi. Lobby-nya satu pintu, gak logout. RTP meja kedua lebih nyambung, saya stop pas sudah plus tipis.","Saya main slot gacor DELTASLOT88 di HP sambil nunggu. Grafiknya ringan, jackpot dan RTP tetap kelihatan. Sesi pendek, saya tidak dipaksa gas besar.","Saya sempat ragu pola maxwin di DELTASLOT88. Setelah dicoba, itu hanya panduan. Yang saya pakai justru pilih meja pelan dan tarik begitu sudah cukup.","Saya daftar DELTASLOT88 lalu langsung ke slot gacor, tidak muter halaman. Info jackpot 2026-nya kebaca. Saya kunci sesi sebelum jadi lama.","Saya banding RTP beberapa permainan di DELTASLOT88. Yang lebih tinggi saya jajal dulu. Slot gacor-nya tidak janji menang terus, dan itu yang bikin saya tenang.","Rina Wulandari","Budi Hartono","Agus Wijaya","Citra Melati","Aldi Salim","DELTASLOT88 login","DELTASLOT88 daftar","Alternatif DELTASLOT88","DELTASLOT88 gacor","situs DELTASLOT88"
"speaker-requests-exhibition","HOKI78","HOKI78 Update Katalog Super Live x Speaker Requests Exhibition","HOKI78 hadir sebagai situs slot gacor gampang menang hari ini dengan link pola maxwin terbaru 2026, update jackpot 2026, dan RTP yang tidak disembunyiin.","<a href=""#"">HOKI78</a> hadir sebagai situs slot gacor gampang menang hari ini dengan link pola maxwin terbaru 2026, update jackpot 2026, dan RTP yang tidak disembunyiin.","Update slot gacor HOKI78 hari ini","HOKI78 merapikan info RTP dan jackpot slot gacor","Kabar pola maxwin 2026 di situs slot gacor HOKI78","HOKI78 hadirkan pilihan slot gacor dalam satu lobby","Update jackpot terkini slot gacor HOKI78","Apakah HOKI78 situs slot gacor yang bisa dicoba hari ini?","Bagaimana cara mulai main slot gacor di HOKI78?","Apakah RTP slot gacor di HOKI78 bisa dilihat?","Bagaimana info jackpot di HOKI78 diperbarui?","Apakah pola maxwin di HOKI78 wajib diikuti?","Ya. HOKI78 menata slot gacor dalam satu lobby. Anda bisa cek RTP, pilih permainan, lalu main pelan tanpa pindah situs.","Masuk HOKI78, pilih permainan slot gacor yang ingin dijajal, mulai dengan taruhan kecil. RTP dan info jackpot ada sebelum sesi berjalan.","Bisa. HOKI78 menampilkan ringkasan RTP supaya pemain punya acuan pilih meja, bukan janji menang terus.","Informasi jackpot di HOKI78 disusun agar kebaca sebelum main. Angkanya jadi pantauan, bukan slogan di judul.","Tidak wajib. Pola di HOKI78 hanya referensi. Keputusan taruhan tetap di pemain, meja tetap bisa diganti kalau terasa sepi.","Saya tarik dari HOKI78 setelah sesi slot gacor malam ini. Prosesnya rapi, tidak banyak tanya. Besok saya tidak maksa balik kalau mood tidak pas.","Saya chat HOKI78 soal permainan yang RTP-nya tidak muncul. Dijawab singkat, lalu saya pilih slot gacor lain. Alurnya manusiawi, tidak bertele.","Saya bawa HOKI78 dari browser ke HP, slot gacor-nya tetap ada. Jackpot yang tadi saya lihat masih kebaca. Tidak perlu akun kedua.","Saya set limit sebelum buka slot gacor HOKI78. Pas nyentuh, saya berhenti meski masih ingin spin. Disiplin itu yang saya bawa dari sesi ini.","Saya buka HOKI78 karena cari situs slot gacor yang denahnya jelas. RTP-nya kebaca, saya pilih satu permainan lalu main pelan. Habis ada naik tipis, saya tarik dan tidak nambah sesi.","Dewi Anggraini","Eko Santoso","Fajar Nugroho","Lina Kartika","Hendra Gunawan","HOKI78 login","HOKI78 daftar","Alternatif HOKI78","HOKI78 slot gacor","HOKI78 terpercaya"
"volunteer-applications-exhibition","AMAN788","AMAN788 Yuk Catat Meja yang Hidup x Volunteer Applications Exhibition","AMAN788 dikenal sebagai situs slot gacor yang nyaman dijajal hari ini dengan link pola maxwin terbaru 2026, update jackpot 2026, dan RTP yang tidak disembunyiin tanpa banyak slogan.","<a href=""#"">AMAN788</a> dikenal sebagai situs slot gacor yang nyaman dijajal hari ini dengan link pola maxwin terbaru 2026, update jackpot 2026, dan RTP yang tidak disembunyiin tanpa banyak slogan.","Intip slot gacor AMAN788 hari ini","AMAN788 merapikan info RTP dan jackpot slot gacor","Kabar pola maxwin 2026 di situs slot gacor AMAN788","AMAN788 hadirkan pilihan slot gacor dalam satu lobby","Update jackpot terkini slot gacor AMAN788","Bagaimana cara mulai main slot gacor di AMAN788?","Apakah RTP slot gacor di AMAN788 bisa dilihat?","Bagaimana info jackpot di AMAN788 diperbarui?","Apakah pola maxwin di AMAN788 wajib diikuti?","Bisakah pindah permainan slot gacor tanpa daftar ulang di AMAN788?","Masuk AMAN788, pilih permainan slot gacor yang ingin dijajal, mulai dengan taruhan kecil. RTP dan info jackpot ada sebelum sesi berjalan.","Bisa. AMAN788 menampilkan ringkasan RTP supaya pemain punya acuan pilih meja, bukan janji menang terus.","Informasi jackpot di AMAN788 disusun agar kebaca sebelum main. Angkanya jadi pantauan, bukan slogan di judul.","Tidak wajib. Pola di AMAN788 hanya referensi. Keputusan taruhan tetap di pemain, meja tetap bisa diganti kalau terasa sepi.","Bisa. Slot gacor AMAN788 ada di satu akun. Ganti permainan tidak perlu login baru.","Saya coba slot gacor di AMAN788 dengan taruhan kecil dulu. Pola yang tampil saya anggap catatan, bukan jaminan. Sesi itu cukup buat ngerasain mejanya, lalu saya tutup.","Saya lihat info jackpot di AMAN788 sebelum spin. Bukan angka gila, tapi cukup buat nentuin mau lanjut atau pindah. Slot gacor-nya terasa rapi, tidak berisik.","Saya pindah permainan slot gacor di AMAN788 setelah yang pertama sepi. Lobby-nya satu pintu, gak logout. RTP meja kedua lebih nyambung, saya stop pas sudah plus tipis.","Saya main slot gacor AMAN788 di HP sambil nunggu. Grafiknya ringan, jackpot dan RTP tetap kelihatan. Sesi pendek, saya tidak dipaksa gas besar.","Saya sempat ragu pola maxwin di AMAN788. Setelah dicoba, itu hanya panduan. Yang saya pakai justru pilih meja pelan dan tarik begitu sudah cukup.","Yoga Prasetyo","Ayu Rahma","Rina Wulandari","Fajar Nugroho","Agus Wijaya","AMAN788 login","AMAN788 daftar","Alternatif AMAN788","AMAN788 link login","AMAN788 slot online"
"faqs-exhibition","UFO777","UFO777 Jangan Lewatkan Sesi yang Break Even x FAQ's Exhibition","UFO777 menjadi pilihan situs slot gacor buat sesi harian dengan pembaruan pola main yang dibahas tahun 2026, informasi jackpot yang mudah dibaca, dan RTP yang membantu pilih meja untuk pemain yang mau coba dulu.","<a href=""#"">UFO777</a> menjadi pilihan situs slot gacor buat sesi harian dengan pembaruan pola main yang dibahas tahun 2026, informasi jackpot yang mudah dibaca, dan RTP yang membantu pilih meja untuk pemain yang mau coba dulu.","Yuk cek slot gacor UFO777 hari ini","UFO777 merapikan info RTP dan jackpot slot gacor","Kabar pola maxwin 2026 di situs slot gacor UFO777","UFO777 hadirkan pilihan slot gacor dalam satu lobby","Update jackpot terkini slot gacor UFO777","Apakah RTP slot gacor di UFO777 bisa dilihat?","Bagaimana info jackpot di UFO777 diperbarui?","Apakah pola maxwin di UFO777 wajib diikuti?","Bisakah pindah permainan slot gacor tanpa daftar ulang di UFO777?","Apakah slot gacor UFO777 nyaman di HP?","Bisa. UFO777 menampilkan ringkasan RTP supaya pemain punya acuan pilih meja, bukan janji menang terus.","Informasi jackpot di UFO777 disusun agar kebaca sebelum main. Angkanya jadi pantauan, bukan slogan di judul.","Tidak wajib. Pola di UFO777 hanya referensi. Keputusan taruhan tetap di pemain, meja tetap bisa diganti kalau terasa sepi.","Bisa. Slot gacor UFO777 ada di satu akun. Ganti permainan tidak perlu login baru.","Nyaman. Lobby slot gacor UFO777 ringkas di HP, RTP dan jackpot tetap kebaca, sesi bisa dipotong kapan saja.","Saya daftar UFO777 lalu langsung ke slot gacor, tidak muter halaman. Info jackpot 2026-nya kebaca. Saya kunci sesi sebelum jadi lama.","Saya banding RTP beberapa permainan di UFO777. Yang lebih tinggi saya jajal dulu. Slot gacor-nya tidak janji menang terus, dan itu yang bikin saya tenang.","Saya tarik dari UFO777 setelah sesi slot gacor malam ini. Prosesnya rapi, tidak banyak tanya. Besok saya tidak maksa balik kalau mood tidak pas.","Saya chat UFO777 soal permainan yang RTP-nya tidak muncul. Dijawab singkat, lalu saya pilih slot gacor lain. Alurnya manusiawi, tidak bertele.","Saya bawa UFO777 dari browser ke HP, slot gacor-nya tetap ada. Jackpot yang tadi saya lihat masih kebaca. Tidak perlu akun kedua.","Eko Santoso","Bayu Firmansyah","Dewi Anggraini","Rina Wulandari","Agus Wijaya","UFO777 login","UFO777 daftar","Alternatif UFO777","UFO777 slot","UFO777 rtp"
"press-passes-exhibition","RAWIT128","RAWIT128 Hadir di Meja Princess of the Moon x Press Passes Exhibition","RAWIT128 menyediakan akses situs slot gacor dengan alur yang ringkas dengan pembaruan pola main yang dibahas tahun 2026, informasi jackpot yang mudah dibaca, dan RTP yang membantu pilih meja dengan sesi yang bisa ditutup kapan saja.","<a href=""#"">RAWIT128</a> menyediakan akses situs slot gacor dengan alur yang ringkas dengan pembaruan pola main yang dibahas tahun 2026, informasi jackpot yang mudah dibaca, dan RTP yang membantu pilih meja dengan sesi yang bisa ditutup kapan saja.","Jangan lewatkan slot gacor RAWIT128 hari ini","RAWIT128 merapikan info RTP dan jackpot slot gacor","Kabar pola maxwin 2026 di situs slot gacor RAWIT128","RAWIT128 hadirkan pilihan slot gacor dalam satu lobby","Update jackpot terkini slot gacor RAWIT128","Bagaimana info jackpot di RAWIT128 diperbarui?","Apakah pola maxwin di RAWIT128 wajib diikuti?","Bisakah pindah permainan slot gacor tanpa daftar ulang di RAWIT128?","Apakah slot gacor RAWIT128 nyaman di HP?","Bagaimana kalau meja slot gacor di RAWIT128 terasa dingin?","Informasi jackpot di RAWIT128 disusun agar kebaca sebelum main. Angkanya jadi pantauan, bukan slogan di judul.","Tidak wajib. Pola di RAWIT128 hanya referensi. Keputusan taruhan tetap di pemain, meja tetap bisa diganti kalau terasa sepi.","Bisa. Slot gacor RAWIT128 ada di satu akun. Ganti permainan tidak perlu login baru.","Nyaman. Lobby slot gacor RAWIT128 ringkas di HP, RTP dan jackpot tetap kebaca, sesi bisa dipotong kapan saja.","Pindah permainan di lobby yang sama. RAWIT128 tidak memaksa bertahan di satu meja kalau ritmenya tidak nyambung.","Saya set limit sebelum buka slot gacor RAWIT128. Pas nyentuh, saya berhenti meski masih ingin spin. Disiplin itu yang saya bawa dari sesi ini.","Saya buka RAWIT128 karena cari situs slot gacor yang denahnya jelas. RTP-nya kebaca, saya pilih satu permainan lalu main pelan. Habis ada naik tipis, saya tarik dan tidak nambah sesi.","Saya coba slot gacor di RAWIT128 dengan taruhan kecil dulu. Pola yang tampil saya anggap catatan, bukan jaminan. Sesi itu cukup buat ngerasain mejanya, lalu saya tutup.","Saya lihat info jackpot di RAWIT128 sebelum spin. Bukan angka gila, tapi cukup buat nentuin mau lanjut atau pindah. Slot gacor-nya terasa rapi, tidak berisik.","Saya pindah permainan slot gacor di RAWIT128 setelah yang pertama sepi. Lobby-nya satu pintu, gak logout. RTP meja kedua lebih nyambung, saya stop pas sudah plus tipis.","Arif Rahman","Dinda Lestari","Ayu Rahma","Hendra Gunawan","Aldi Salim","RAWIT128 login","RAWIT128 daftar","Alternatif RAWIT128","RAWIT128 link","RAWIT128 masuk"
"virtual-pass-exhibition","OWNERTOTO","OWNERTOTO Sesi Nunggu Charging 20 Persen x Virtual Pass Exhibition","OWNERTOTO tampil sebagai situs slot gacor resmi yang gampang diikuti dengan akses permainan slot gacor yang dirapikan, informasi jackpot yang mudah dibaca, dan RTP yang membantu pilih meja supaya denah permainannya kebaca.","<a href=""#"">OWNERTOTO</a> tampil sebagai situs slot gacor resmi yang gampang diikuti dengan akses permainan slot gacor yang dirapikan, informasi jackpot yang mudah dibaca, dan RTP yang membantu pilih meja supaya denah permainannya kebaca.","Kabar slot gacor OWNERTOTO hari ini","OWNERTOTO merapikan info RTP dan jackpot slot gacor","Kabar pola maxwin 2026 di situs slot gacor OWNERTOTO","OWNERTOTO hadirkan pilihan slot gacor dalam satu lobby","Update jackpot terkini slot gacor OWNERTOTO","Apakah pola maxwin di OWNERTOTO wajib diikuti?","Bisakah pindah permainan slot gacor tanpa daftar ulang di OWNERTOTO?","Apakah slot gacor OWNERTOTO nyaman di HP?","Bagaimana kalau meja slot gacor di OWNERTOTO terasa dingin?","Apakah OWNERTOTO situs slot gacor yang bisa dicoba hari ini?","Tidak wajib. Pola di OWNERTOTO hanya referensi. Keputusan taruhan tetap di pemain, meja tetap bisa diganti kalau terasa sepi.","Bisa. Slot gacor OWNERTOTO ada di satu akun. Ganti permainan tidak perlu login baru.","Nyaman. Lobby slot gacor OWNERTOTO ringkas di HP, RTP dan jackpot tetap kebaca, sesi bisa dipotong kapan saja.","Pindah permainan di lobby yang sama. OWNERTOTO tidak memaksa bertahan di satu meja kalau ritmenya tidak nyambung.","Ya. OWNERTOTO menata slot gacor dalam satu lobby. Anda bisa cek RTP, pilih permainan, lalu main pelan tanpa pindah situs.","Saya main slot gacor OWNERTOTO di HP sambil nunggu. Grafiknya ringan, jackpot dan RTP tetap kelihatan. Sesi pendek, saya tidak dipaksa gas besar.","Saya sempat ragu pola maxwin di OWNERTOTO. Setelah dicoba, itu hanya panduan. Yang saya pakai justru pilih meja pelan dan tarik begitu sudah cukup.","Saya daftar OWNERTOTO lalu langsung ke slot gacor, tidak muter halaman. Info jackpot 2026-nya kebaca. Saya kunci sesi sebelum jadi lama.","Saya banding RTP beberapa permainan di OWNERTOTO. Yang lebih tinggi saya jajal dulu. Slot gacor-nya tidak janji menang terus, dan itu yang bikin saya tenang.","Saya tarik dari OWNERTOTO setelah sesi slot gacor malam ini. Prosesnya rapi, tidak banyak tanya. Besok saya tidak maksa balik kalau mood tidak pas.","Alika Rahman","Andi Saputra","Lina Kartika","Budi Hartono","Ilham Ramadhan","OWNERTOTO login","OWNERTOTO daftar","Alternatif OWNERTOTO","OWNERTOTO official","OWNERTOTO apk"
"group-rates-exhibition","TIMNAS4D","TIMNAS4D Kabar CS yang Gak Nyuruh Deposit Lagi x Group Rates Exhibition","TIMNAS4D menghadirkan situs slot gacor dengan pintu masuk yang pendek dengan akses permainan slot gacor yang dirapikan, pantauan RTP, dan kabar jackpot yang tidak berlebihan biar gak nyasar pindah situs.","<a href=""#"">TIMNAS4D</a> menghadirkan situs slot gacor dengan pintu masuk yang pendek dengan akses permainan slot gacor yang dirapikan, pantauan RTP, dan kabar jackpot yang tidak berlebihan biar gak nyasar pindah situs.","Update slot gacor TIMNAS4D hari ini","TIMNAS4D merapikan info RTP dan jackpot slot gacor","Kabar pola maxwin 2026 di situs slot gacor TIMNAS4D","TIMNAS4D hadirkan pilihan slot gacor dalam satu lobby","Update jackpot terkini slot gacor TIMNAS4D","Bisakah pindah permainan slot gacor tanpa daftar ulang di TIMNAS4D?","Apakah slot gacor TIMNAS4D nyaman di HP?","Bagaimana kalau meja slot gacor di TIMNAS4D terasa dingin?","Apakah TIMNAS4D situs slot gacor yang bisa dicoba hari ini?","Bagaimana cara mulai main slot gacor di TIMNAS4D?","Bisa. Slot gacor TIMNAS4D ada di satu akun. Ganti permainan tidak perlu login baru.","Nyaman. Lobby slot gacor TIMNAS4D ringkas di HP, RTP dan jackpot tetap kebaca, sesi bisa dipotong kapan saja.","Pindah permainan di lobby yang sama. TIMNAS4D tidak memaksa bertahan di satu meja kalau ritmenya tidak nyambung.","Ya. TIMNAS4D menata slot gacor dalam satu lobby. Anda bisa cek RTP, pilih permainan, lalu main pelan tanpa pindah situs.","Masuk TIMNAS4D, pilih permainan slot gacor yang ingin dijajal, mulai dengan taruhan kecil. RTP dan info jackpot ada sebelum sesi berjalan.","Saya chat TIMNAS4D soal permainan yang RTP-nya tidak muncul. Dijawab singkat, lalu saya pilih slot gacor lain. Alurnya manusiawi, tidak bertele.","Saya bawa TIMNAS4D dari browser ke HP, slot gacor-nya tetap ada. Jackpot yang tadi saya lihat masih kebaca. Tidak perlu akun kedua.","Saya set limit sebelum buka slot gacor TIMNAS4D. Pas nyentuh, saya berhenti meski masih ingin spin. Disiplin itu yang saya bawa dari sesi ini.","Saya buka TIMNAS4D karena cari situs slot gacor yang denahnya jelas. RTP-nya kebaca, saya pilih satu permainan lalu main pelan. Habis ada naik tipis, saya tarik dan tidak nambah sesi.","Saya coba slot gacor di TIMNAS4D dengan taruhan kecil dulu. Pola yang tampil saya anggap catatan, bukan jaminan. Sesi itu cukup buat ngerasain mejanya, lalu saya tutup.","Sinta Dewi","Ilham Ramadhan","Nadia Putri","Dimas Kurniawan","Budi Hartono","TIMNAS4D login","TIMNAS4D daftar","Alternatif TIMNAS4D","link alternatif TIMNAS4D","TIMNAS4D wap"
"student-rates-exhibition","SUNGAITOTO","SUNGAITOTO Coba Logout dari Satu Tab Saja x Student Rates Exhibition","SUNGAITOTO siap dipakai sebagai situs slot gacor untuk main pelan hari ini dengan pilihan meja yang gampang dicari, pantauan RTP, dan kabar jackpot yang tidak berlebihan dengan bantuan yang tetap bisa dihubungi.","<a href=""#"">SUNGAITOTO</a> siap dipakai sebagai situs slot gacor untuk main pelan hari ini dengan pilihan meja yang gampang dicari, pantauan RTP, dan kabar jackpot yang tidak berlebihan dengan bantuan yang tetap bisa dihubungi.","Intip slot gacor SUNGAITOTO hari ini","SUNGAITOTO merapikan info RTP dan jackpot slot gacor","Kabar pola maxwin 2026 di situs slot gacor SUNGAITOTO","SUNGAITOTO hadirkan pilihan slot gacor dalam satu lobby","Update jackpot terkini slot gacor SUNGAITOTO","Apakah slot gacor SUNGAITOTO nyaman di HP?","Bagaimana kalau meja slot gacor di SUNGAITOTO terasa dingin?","Apakah SUNGAITOTO situs slot gacor yang bisa dicoba hari ini?","Bagaimana cara mulai main slot gacor di SUNGAITOTO?","Apakah RTP slot gacor di SUNGAITOTO bisa dilihat?","Nyaman. Lobby slot gacor SUNGAITOTO ringkas di HP, RTP dan jackpot tetap kebaca, sesi bisa dipotong kapan saja.","Pindah permainan di lobby yang sama. SUNGAITOTO tidak memaksa bertahan di satu meja kalau ritmenya tidak nyambung.","Ya. SUNGAITOTO menata slot gacor dalam satu lobby. Anda bisa cek RTP, pilih permainan, lalu main pelan tanpa pindah situs.","Masuk SUNGAITOTO, pilih permainan slot gacor yang ingin dijajal, mulai dengan taruhan kecil. RTP dan info jackpot ada sebelum sesi berjalan.","Bisa. SUNGAITOTO menampilkan ringkasan RTP supaya pemain punya acuan pilih meja, bukan janji menang terus.","Saya lihat info jackpot di SUNGAITOTO sebelum spin. Bukan angka gila, tapi cukup buat nentuin mau lanjut atau pindah. Slot gacor-nya terasa rapi, tidak berisik.","Saya pindah permainan slot gacor di SUNGAITOTO setelah yang pertama sepi. Lobby-nya satu pintu, gak logout. RTP meja kedua lebih nyambung, saya stop pas sudah plus tipis.","Saya main slot gacor SUNGAITOTO di HP sambil nunggu. Grafiknya ringan, jackpot dan RTP tetap kelihatan. Sesi pendek, saya tidak dipaksa gas besar.","Saya sempat ragu pola maxwin di SUNGAITOTO. Setelah dicoba, itu hanya panduan. Yang saya pakai justru pilih meja pelan dan tarik begitu sudah cukup.","Saya daftar SUNGAITOTO lalu langsung ke slot gacor, tidak muter halaman. Info jackpot 2026-nya kebaca. Saya kunci sesi sebelum jadi lama.","Bayu Firmansyah","Maya Sari","Mutiara Kartika","Aldi Salim","Andi Saputra","SUNGAITOTO login","SUNGAITOTO daftar","Alternatif SUNGAITOTO","SUNGAITOTO gacor","situs SUNGAITOTO"
"rates-pass-details-exhibition","RATUGACOR77","RATUGACOR77 Update Bonus Hold yang Gak Hangus x Rates & Pass Details Exhibition","RATUGACOR77 berdiri sebagai situs slot gacor yang menata permainan dalam satu lobby dengan pilihan meja yang gampang dicari, pantauan RTP, dan kabar jackpot yang tidak berlebihan untuk main di HP maupun browser.","<a href=""#"">RATUGACOR77</a> berdiri sebagai situs slot gacor yang menata permainan dalam satu lobby dengan pilihan meja yang gampang dicari, pantauan RTP, dan kabar jackpot yang tidak berlebihan untuk main di HP maupun browser.","Yuk cek slot gacor RATUGACOR77 hari ini","RATUGACOR77 merapikan info RTP dan jackpot slot gacor","Kabar pola maxwin 2026 di situs slot gacor RATUGACOR77","RATUGACOR77 hadirkan pilihan slot gacor dalam satu lobby","Update jackpot terkini slot gacor RATUGACOR77","Bagaimana kalau meja slot gacor di RATUGACOR77 terasa dingin?","Apakah RATUGACOR77 situs slot gacor yang bisa dicoba hari ini?","Bagaimana cara mulai main slot gacor di RATUGACOR77?","Apakah RTP slot gacor di RATUGACOR77 bisa dilihat?","Bagaimana info jackpot di RATUGACOR77 diperbarui?","Pindah permainan di lobby yang sama. RATUGACOR77 tidak memaksa bertahan di satu meja kalau ritmenya tidak nyambung.","Ya. RATUGACOR77 menata slot gacor dalam satu lobby. Anda bisa cek RTP, pilih permainan, lalu main pelan tanpa pindah situs.","Masuk RATUGACOR77, pilih permainan slot gacor yang ingin dijajal, mulai dengan taruhan kecil. RTP dan info jackpot ada sebelum sesi berjalan.","Bisa. RATUGACOR77 menampilkan ringkasan RTP supaya pemain punya acuan pilih meja, bukan janji menang terus.","Informasi jackpot di RATUGACOR77 disusun agar kebaca sebelum main. Angkanya jadi pantauan, bukan slogan di judul.","Saya banding RTP beberapa permainan di RATUGACOR77. Yang lebih tinggi saya jajal dulu. Slot gacor-nya tidak janji menang terus, dan itu yang bikin saya tenang.","Saya tarik dari RATUGACOR77 setelah sesi slot gacor malam ini. Prosesnya rapi, tidak banyak tanya. Besok saya tidak maksa balik kalau mood tidak pas.","Saya chat RATUGACOR77 soal permainan yang RTP-nya tidak muncul. Dijawab singkat, lalu saya pilih slot gacor lain. Alurnya manusiawi, tidak bertele.","Saya bawa RATUGACOR77 dari browser ke HP, slot gacor-nya tetap ada. Jackpot yang tadi saya lihat masih kebaca. Tidak perlu akun kedua.","Saya set limit sebelum buka slot gacor RATUGACOR77. Pas nyentuh, saya berhenti meski masih ingin spin. Disiplin itu yang saya bawa dari sesi ini.","Dimas Kurniawan","Alika Rahman","Rafi Maulana","Bayu Firmansyah","Putri Ayu","RATUGACOR77 login","RATUGACOR77 daftar","Alternatif RATUGACOR77","RATUGACOR77 slot gacor","RATUGACOR77 terpercaya"
"upgrades-add-ons-exhibition","PAY4D","PAY4D Yuk Banding Jam Semalam sama Malam Ini x Upgrades & Add-ons Exhibition","PAY4D hadir sebagai situs slot gacor gampang menang hari ini dengan info RTP yang kebaca sebelum mulai, RTP tinggi, dan informasi jackpot terkini.","<a href=""#"">PAY4D</a> hadir sebagai situs slot gacor gampang menang hari ini dengan info RTP yang kebaca sebelum mulai, RTP tinggi, dan informasi jackpot terkini.","Jangan lewatkan slot gacor PAY4D hari ini","PAY4D merapikan info RTP dan jackpot slot gacor","Kabar pola maxwin 2026 di situs slot gacor PAY4D","PAY4D hadirkan pilihan slot gacor dalam satu lobby","Update jackpot terkini slot gacor PAY4D","Apakah PAY4D situs slot gacor yang bisa dicoba hari ini?","Bagaimana cara mulai main slot gacor di PAY4D?","Apakah RTP slot gacor di PAY4D bisa dilihat?","Bagaimana info jackpot di PAY4D diperbarui?","Apakah pola maxwin di PAY4D wajib diikuti?","Ya. PAY4D menata slot gacor dalam satu lobby. Anda bisa cek RTP, pilih permainan, lalu main pelan tanpa pindah situs.","Masuk PAY4D, pilih permainan slot gacor yang ingin dijajal, mulai dengan taruhan kecil. RTP dan info jackpot ada sebelum sesi berjalan.","Bisa. PAY4D menampilkan ringkasan RTP supaya pemain punya acuan pilih meja, bukan janji menang terus.","Informasi jackpot di PAY4D disusun agar kebaca sebelum main. Angkanya jadi pantauan, bukan slogan di judul.","Tidak wajib. Pola di PAY4D hanya referensi. Keputusan taruhan tetap di pemain, meja tetap bisa diganti kalau terasa sepi.","Saya buka PAY4D karena cari situs slot gacor yang denahnya jelas. RTP-nya kebaca, saya pilih satu permainan lalu main pelan. Habis ada naik tipis, saya tarik dan tidak nambah sesi.","Saya coba slot gacor di PAY4D dengan taruhan kecil dulu. Pola yang tampil saya anggap catatan, bukan jaminan. Sesi itu cukup buat ngerasain mejanya, lalu saya tutup.","Saya lihat info jackpot di PAY4D sebelum spin. Bukan angka gila, tapi cukup buat nentuin mau lanjut atau pindah. Slot gacor-nya terasa rapi, tidak berisik.","Saya pindah permainan slot gacor di PAY4D setelah yang pertama sepi. Lobby-nya satu pintu, gak logout. RTP meja kedua lebih nyambung, saya stop pas sudah plus tipis.","Saya main slot gacor PAY4D di HP sambil nunggu. Grafiknya ringan, jackpot dan RTP tetap kelihatan. Sesi pendek, saya tidak dipaksa gas besar.","Andi Saputra","Putri Ayu","Alika Rahman","Aldi Salim","Fajar Nugroho","PAY4D login","PAY4D daftar","Alternatif PAY4D","PAY4D link login","PAY4D slot online"
"lets-connect-exhibition","WATITOTO","WATITOTO Jangan All-In karena Scatter Semalam x Let's Connect Exhibition","WATITOTO dikenal sebagai situs slot gacor yang nyaman dijajal hari ini dengan info RTP yang kebaca sebelum mulai, RTP tinggi, dan informasi jackpot terkini tanpa banyak slogan.","<a href=""#"">WATITOTO</a> dikenal sebagai situs slot gacor yang nyaman dijajal hari ini dengan info RTP yang kebaca sebelum mulai, RTP tinggi, dan informasi jackpot terkini tanpa banyak slogan.","Kabar slot gacor WATITOTO hari ini","WATITOTO merapikan info RTP dan jackpot slot gacor","Kabar pola maxwin 2026 di situs slot gacor WATITOTO","WATITOTO hadirkan pilihan slot gacor dalam satu lobby","Update jackpot terkini slot gacor WATITOTO","Bagaimana cara mulai main slot gacor di WATITOTO?","Apakah RTP slot gacor di WATITOTO bisa dilihat?","Bagaimana info jackpot di WATITOTO diperbarui?","Apakah pola maxwin di WATITOTO wajib diikuti?","Bisakah pindah permainan slot gacor tanpa daftar ulang di WATITOTO?","Masuk WATITOTO, pilih permainan slot gacor yang ingin dijajal, mulai dengan taruhan kecil. RTP dan info jackpot ada sebelum sesi berjalan.","Bisa. WATITOTO menampilkan ringkasan RTP supaya pemain punya acuan pilih meja, bukan janji menang terus.","Informasi jackpot di WATITOTO disusun agar kebaca sebelum main. Angkanya jadi pantauan, bukan slogan di judul.","Tidak wajib. Pola di WATITOTO hanya referensi. Keputusan taruhan tetap di pemain, meja tetap bisa diganti kalau terasa sepi.","Bisa. Slot gacor WATITOTO ada di satu akun. Ganti permainan tidak perlu login baru.","Saya sempat ragu pola maxwin di WATITOTO. Setelah dicoba, itu hanya panduan. Yang saya pakai justru pilih meja pelan dan tarik begitu sudah cukup.","Saya daftar WATITOTO lalu langsung ke slot gacor, tidak muter halaman. Info jackpot 2026-nya kebaca. Saya kunci sesi sebelum jadi lama.","Saya banding RTP beberapa permainan di WATITOTO. Yang lebih tinggi saya jajal dulu. Slot gacor-nya tidak janji menang terus, dan itu yang bikin saya tenang.","Saya tarik dari WATITOTO setelah sesi slot gacor malam ini. Prosesnya rapi, tidak banyak tanya. Besok saya tidak maksa balik kalau mood tidak pas.","Saya chat WATITOTO soal permainan yang RTP-nya tidak muncul. Dijawab singkat, lalu saya pilih slot gacor lain. Alurnya manusiawi, tidak bertele.","Arif Rahman","Mutiara Kartika","Rizky Pratama","Eko Santoso","Sinta Dewi","WATITOTO login","WATITOTO daftar","Alternatif WATITOTO","WATITOTO slot","WATITOTO rtp"
"get-involved-exhibition","JAGOLEDAK","JAGOLEDAK Hadir di Lobby Spadegaming Live x Get Involved Exhibition","JAGOLEDAK menjadi pilihan situs slot gacor buat sesi harian dengan katalog permainan yang tidak tercecer, RTP tinggi, dan informasi jackpot terkini untuk pemain yang mau coba dulu.","<a href=""#"">JAGOLEDAK</a> menjadi pilihan situs slot gacor buat sesi harian dengan katalog permainan yang tidak tercecer, RTP tinggi, dan informasi jackpot terkini untuk pemain yang mau coba dulu.","Update slot gacor JAGOLEDAK hari ini","JAGOLEDAK merapikan info RTP dan jackpot slot gacor","Kabar pola maxwin 2026 di situs slot gacor JAGOLEDAK","JAGOLEDAK hadirkan pilihan slot gacor dalam satu lobby","Update jackpot terkini slot gacor JAGOLEDAK","Apakah RTP slot gacor di JAGOLEDAK bisa dilihat?","Bagaimana info jackpot di JAGOLEDAK diperbarui?","Apakah pola maxwin di JAGOLEDAK wajib diikuti?","Bisakah pindah permainan slot gacor tanpa daftar ulang di JAGOLEDAK?","Apakah slot gacor JAGOLEDAK nyaman di HP?","Bisa. JAGOLEDAK menampilkan ringkasan RTP supaya pemain punya acuan pilih meja, bukan janji menang terus.","Informasi jackpot di JAGOLEDAK disusun agar kebaca sebelum main. Angkanya jadi pantauan, bukan slogan di judul.","Tidak wajib. Pola di JAGOLEDAK hanya referensi. Keputusan taruhan tetap di pemain, meja tetap bisa diganti kalau terasa sepi.","Bisa. Slot gacor JAGOLEDAK ada di satu akun. Ganti permainan tidak perlu login baru.","Nyaman. Lobby slot gacor JAGOLEDAK ringkas di HP, RTP dan jackpot tetap kebaca, sesi bisa dipotong kapan saja.","Saya bawa JAGOLEDAK dari browser ke HP, slot gacor-nya tetap ada. Jackpot yang tadi saya lihat masih kebaca. Tidak perlu akun kedua.","Saya set limit sebelum buka slot gacor JAGOLEDAK. Pas nyentuh, saya berhenti meski masih ingin spin. Disiplin itu yang saya bawa dari sesi ini.","Saya buka JAGOLEDAK karena cari situs slot gacor yang denahnya jelas. RTP-nya kebaca, saya pilih satu permainan lalu main pelan. Habis ada naik tipis, saya tarik dan tidak nambah sesi.","Saya coba slot gacor di JAGOLEDAK dengan taruhan kecil dulu. Pola yang tampil saya anggap catatan, bukan jaminan. Sesi itu cukup buat ngerasain mejanya, lalu saya tutup.","Saya lihat info jackpot di JAGOLEDAK sebelum spin. Bukan angka gila, tapi cukup buat nentuin mau lanjut atau pindah. Slot gacor-nya terasa rapi, tidak berisik.","Rafi Maulana","Yoga Prasetyo","Nisa Fadilah","Arif Rahman","Nadia Putri","JAGOLEDAK login","JAGOLEDAK daftar","Alternatif JAGOLEDAK","JAGOLEDAK link","JAGOLEDAK masuk"
"call-for-volunteers-exhibition","RUPIAHTOTO","RUPIAHTOTO Sesi Nunggu Laundry Lipat x Call for Volunteers Exhibition","RUPIAHTOTO menyediakan akses situs slot gacor dengan alur yang ringkas dengan katalog permainan yang tidak tercecer, ringkasan jackpot harian, dan catatan RTP yang jelas dengan sesi yang bisa ditutup kapan saja.","<a href=""#"">RUPIAHTOTO</a> menyediakan akses situs slot gacor dengan alur yang ringkas dengan katalog permainan yang tidak tercecer, ringkasan jackpot harian, dan catatan RTP yang jelas dengan sesi yang bisa ditutup kapan saja.","Intip slot gacor RUPIAHTOTO hari ini","RUPIAHTOTO merapikan info RTP dan jackpot slot gacor","Kabar pola maxwin 2026 di situs slot gacor RUPIAHTOTO","RUPIAHTOTO hadirkan pilihan slot gacor dalam satu lobby","Update jackpot terkini slot gacor RUPIAHTOTO","Bagaimana info jackpot di RUPIAHTOTO diperbarui?","Apakah pola maxwin di RUPIAHTOTO wajib diikuti?","Bisakah pindah permainan slot gacor tanpa daftar ulang di RUPIAHTOTO?","Apakah slot gacor RUPIAHTOTO nyaman di HP?","Bagaimana kalau meja slot gacor di RUPIAHTOTO terasa dingin?","Informasi jackpot di RUPIAHTOTO disusun agar kebaca sebelum main. Angkanya jadi pantauan, bukan slogan di judul.","Tidak wajib. Pola di RUPIAHTOTO hanya referensi. Keputusan taruhan tetap di pemain, meja tetap bisa diganti kalau terasa sepi.","Bisa. Slot gacor RUPIAHTOTO ada di satu akun. Ganti permainan tidak perlu login baru.","Nyaman. Lobby slot gacor RUPIAHTOTO ringkas di HP, RTP dan jackpot tetap kebaca, sesi bisa dipotong kapan saja.","Pindah permainan di lobby yang sama. RUPIAHTOTO tidak memaksa bertahan di satu meja kalau ritmenya tidak nyambung.","Saya pindah permainan slot gacor di RUPIAHTOTO setelah yang pertama sepi. Lobby-nya satu pintu, gak logout. RTP meja kedua lebih nyambung, saya stop pas sudah plus tipis.","Saya main slot gacor RUPIAHTOTO di HP sambil nunggu. Grafiknya ringan, jackpot dan RTP tetap kelihatan. Sesi pendek, saya tidak dipaksa gas besar.","Saya sempat ragu pola maxwin di RUPIAHTOTO. Setelah dicoba, itu hanya panduan. Yang saya pakai justru pilih meja pelan dan tarik begitu sudah cukup.","Saya daftar RUPIAHTOTO lalu langsung ke slot gacor, tidak muter halaman. Info jackpot 2026-nya kebaca. Saya kunci sesi sebelum jadi lama.","Saya banding RTP beberapa permainan di RUPIAHTOTO. Yang lebih tinggi saya jajal dulu. Slot gacor-nya tidak janji menang terus, dan itu yang bikin saya tenang.","Ilham Ramadhan","Dinda Lestari","Fajar Nugroho","Bayu Firmansyah","Ayu Rahma","RUPIAHTOTO login","RUPIAHTOTO daftar","Alternatif RUPIAHTOTO","RUPIAHTOTO official","RUPIAHTOTO apk"
"live-on-demand-exhibition","JARUMTOTO","JARUMTOTO Kabar Grafik yang Gak Bikin Pusing x Live & On Demand Exhibition","JARUMTOTO tampil sebagai situs slot gacor resmi yang gampang diikuti dengan jalur login yang tidak muter-muter, ringkasan jackpot harian, dan catatan RTP yang jelas supaya denah permainannya kebaca.","<a href=""#"">JARUMTOTO</a> tampil sebagai situs slot gacor resmi yang gampang diikuti dengan jalur login yang tidak muter-muter, ringkasan jackpot harian, dan catatan RTP yang jelas supaya denah permainannya kebaca.","Yuk cek slot gacor JARUMTOTO hari ini","JARUMTOTO merapikan info RTP dan jackpot slot gacor","Kabar pola maxwin 2026 di situs slot gacor JARUMTOTO","JARUMTOTO hadirkan pilihan slot gacor dalam satu lobby","Update jackpot terkini slot gacor JARUMTOTO","Apakah pola maxwin di JARUMTOTO wajib diikuti?","Bisakah pindah permainan slot gacor tanpa daftar ulang di JARUMTOTO?","Apakah slot gacor JARUMTOTO nyaman di HP?","Bagaimana kalau meja slot gacor di JARUMTOTO terasa dingin?","Apakah JARUMTOTO situs slot gacor yang bisa dicoba hari ini?","Tidak wajib. Pola di JARUMTOTO hanya referensi. Keputusan taruhan tetap di pemain, meja tetap bisa diganti kalau terasa sepi.","Bisa. Slot gacor JARUMTOTO ada di satu akun. Ganti permainan tidak perlu login baru.","Nyaman. Lobby slot gacor JARUMTOTO ringkas di HP, RTP dan jackpot tetap kebaca, sesi bisa dipotong kapan saja.","Pindah permainan di lobby yang sama. JARUMTOTO tidak memaksa bertahan di satu meja kalau ritmenya tidak nyambung.","Ya. JARUMTOTO menata slot gacor dalam satu lobby. Anda bisa cek RTP, pilih permainan, lalu main pelan tanpa pindah situs.","Saya tarik dari JARUMTOTO setelah sesi slot gacor malam ini. Prosesnya rapi, tidak banyak tanya. Besok saya tidak maksa balik kalau mood tidak pas.","Saya chat JARUMTOTO soal permainan yang RTP-nya tidak muncul. Dijawab singkat, lalu saya pilih slot gacor lain. Alurnya manusiawi, tidak bertele.","Saya bawa JARUMTOTO dari browser ke HP, slot gacor-nya tetap ada. Jackpot yang tadi saya lihat masih kebaca. Tidak perlu akun kedua.","Saya set limit sebelum buka slot gacor JARUMTOTO. Pas nyentuh, saya berhenti meski masih ingin spin. Disiplin itu yang saya bawa dari sesi ini.","Saya buka JARUMTOTO karena cari situs slot gacor yang denahnya jelas. RTP-nya kebaca, saya pilih satu permainan lalu main pelan. Habis ada naik tipis, saya tarik dan tidak nambah sesi.","Yoga Prasetyo","Arif Rahman","Mutiara Kartika","Eko Santoso","Nisa Fadilah","JARUMTOTO login","JARUMTOTO daftar","Alternatif JARUMTOTO","link alternatif JARUMTOTO","JARUMTOTO wap"
"digital-marketing-conference-exhibition","MANTRA88","MANTRA88 Coba Stop Auto di Tengah x Digital Marketing Conference Exhibition","MANTRA88 menghadirkan situs slot gacor dengan pintu masuk yang pendek dengan jalur login yang tidak muter-muter, ringkasan jackpot harian, dan catatan RTP yang jelas biar gak nyasar pindah situs.","<a href=""#"">MANTRA88</a> menghadirkan situs slot gacor dengan pintu masuk yang pendek dengan jalur login yang tidak muter-muter, ringkasan jackpot harian, dan catatan RTP yang jelas biar gak nyasar pindah situs.","Jangan lewatkan slot gacor MANTRA88 hari ini","MANTRA88 merapikan info RTP dan jackpot slot gacor","Kabar pola maxwin 2026 di situs slot gacor MANTRA88","MANTRA88 hadirkan pilihan slot gacor dalam satu lobby","Update jackpot terkini slot gacor MANTRA88","Bisakah pindah permainan slot gacor tanpa daftar ulang di MANTRA88?","Apakah slot gacor MANTRA88 nyaman di HP?","Bagaimana kalau meja slot gacor di MANTRA88 terasa dingin?","Apakah MANTRA88 situs slot gacor yang bisa dicoba hari ini?","Bagaimana cara mulai main slot gacor di MANTRA88?","Bisa. Slot gacor MANTRA88 ada di satu akun. Ganti permainan tidak perlu login baru.","Nyaman. Lobby slot gacor MANTRA88 ringkas di HP, RTP dan jackpot tetap kebaca, sesi bisa dipotong kapan saja.","Pindah permainan di lobby yang sama. MANTRA88 tidak memaksa bertahan di satu meja kalau ritmenya tidak nyambung.","Ya. MANTRA88 menata slot gacor dalam satu lobby. Anda bisa cek RTP, pilih permainan, lalu main pelan tanpa pindah situs.","Masuk MANTRA88, pilih permainan slot gacor yang ingin dijajal, mulai dengan taruhan kecil. RTP dan info jackpot ada sebelum sesi berjalan.","Saya coba slot gacor di MANTRA88 dengan taruhan kecil dulu. Pola yang tampil saya anggap catatan, bukan jaminan. Sesi itu cukup buat ngerasain mejanya, lalu saya tutup.","Saya lihat info jackpot di MANTRA88 sebelum spin. Bukan angka gila, tapi cukup buat nentuin mau lanjut atau pindah. Slot gacor-nya terasa rapi, tidak berisik.","Saya pindah permainan slot gacor di MANTRA88 setelah yang pertama sepi. Lobby-nya satu pintu, gak logout. RTP meja kedua lebih nyambung, saya stop pas sudah plus tipis.","Saya main slot gacor MANTRA88 di HP sambil nunggu. Grafiknya ringan, jackpot dan RTP tetap kelihatan. Sesi pendek, saya tidak dipaksa gas besar.","Saya sempat ragu pola maxwin di MANTRA88. Setelah dicoba, itu hanya panduan. Yang saya pakai justru pilih meja pelan dan tarik begitu sudah cukup.","Mutiara Kartika","Nisa Fadilah","Bayu Firmansyah","Andi Saputra","Agus Wijaya","MANTRA88 login","MANTRA88 daftar","Alternatif MANTRA88","MANTRA88 gacor","situs MANTRA88"
"media-and-advertising-conference-exhibition","BATOTO","BATOTO Update Akun yang Gak KYC Aneh x Media and Advertising Conference Exhibition","BATOTO siap dipakai sebagai situs slot gacor untuk main pelan hari ini dengan koleksi slot gacor dari beberapa provider, kabar jackpot terkini, dan RTP yang bisa dicek dengan bantuan yang tetap bisa dihubungi.","<a href=""#"">BATOTO</a> siap dipakai sebagai situs slot gacor untuk main pelan hari ini dengan koleksi slot gacor dari beberapa provider, kabar jackpot terkini, dan RTP yang bisa dicek dengan bantuan yang tetap bisa dihubungi.","Kabar slot gacor BATOTO hari ini","BATOTO merapikan info RTP dan jackpot slot gacor","Kabar pola maxwin 2026 di situs slot gacor BATOTO","BATOTO hadirkan pilihan slot gacor dalam satu lobby","Update jackpot terkini slot gacor BATOTO","Apakah slot gacor BATOTO nyaman di HP?","Bagaimana kalau meja slot gacor di BATOTO terasa dingin?","Apakah BATOTO situs slot gacor yang bisa dicoba hari ini?","Bagaimana cara mulai main slot gacor di BATOTO?","Apakah RTP slot gacor di BATOTO bisa dilihat?","Nyaman. Lobby slot gacor BATOTO ringkas di HP, RTP dan jackpot tetap kebaca, sesi bisa dipotong kapan saja.","Pindah permainan di lobby yang sama. BATOTO tidak memaksa bertahan di satu meja kalau ritmenya tidak nyambung.","Ya. BATOTO menata slot gacor dalam satu lobby. Anda bisa cek RTP, pilih permainan, lalu main pelan tanpa pindah situs.","Masuk BATOTO, pilih permainan slot gacor yang ingin dijajal, mulai dengan taruhan kecil. RTP dan info jackpot ada sebelum sesi berjalan.","Bisa. BATOTO menampilkan ringkasan RTP supaya pemain punya acuan pilih meja, bukan janji menang terus.","Saya daftar BATOTO lalu langsung ke slot gacor, tidak muter halaman. Info jackpot 2026-nya kebaca. Saya kunci sesi sebelum jadi lama.","Saya banding RTP beberapa permainan di BATOTO. Yang lebih tinggi saya jajal dulu. Slot gacor-nya tidak janji menang terus, dan itu yang bikin saya tenang.","Saya tarik dari BATOTO setelah sesi slot gacor malam ini. Prosesnya rapi, tidak banyak tanya. Besok saya tidak maksa balik kalau mood tidak pas.","Saya chat BATOTO soal permainan yang RTP-nya tidak muncul. Dijawab singkat, lalu saya pilih slot gacor lain. Alurnya manusiawi, tidak bertele.","Saya bawa BATOTO dari browser ke HP, slot gacor-nya tetap ada. Jackpot yang tadi saya lihat masih kebaca. Tidak perlu akun kedua.","Lina Kartika","Agus Wijaya","Alika Rahman","Hendra Gunawan","Rafi Maulana","BATOTO login","BATOTO daftar","Alternatif BATOTO","BATOTO slot gacor","BATOTO terpercaya"
"customer-support-exhibition","RPGG","RPGG Yuk Simpen Jam Basah di Notes x Customer Support Exhibition","RPGG berdiri sebagai situs slot gacor yang menata permainan dalam satu lobby dengan koleksi slot gacor dari beberapa provider, kabar jackpot terkini, dan RTP yang bisa dicek untuk main di HP maupun browser.","<a href=""#"">RPGG</a> berdiri sebagai situs slot gacor yang menata permainan dalam satu lobby dengan koleksi slot gacor dari beberapa provider, kabar jackpot terkini, dan RTP yang bisa dicek untuk main di HP maupun browser.","Update slot gacor RPGG hari ini","RPGG merapikan info RTP dan jackpot slot gacor","Kabar pola maxwin 2026 di situs slot gacor RPGG","RPGG hadirkan pilihan slot gacor dalam satu lobby","Update jackpot terkini slot gacor RPGG","Bagaimana kalau meja slot gacor di RPGG terasa dingin?","Apakah RPGG situs slot gacor yang bisa dicoba hari ini?","Bagaimana cara mulai main slot gacor di RPGG?","Apakah RTP slot gacor di RPGG bisa dilihat?","Bagaimana info jackpot di RPGG diperbarui?","Pindah permainan di lobby yang sama. RPGG tidak memaksa bertahan di satu meja kalau ritmenya tidak nyambung.","Ya. RPGG menata slot gacor dalam satu lobby. Anda bisa cek RTP, pilih permainan, lalu main pelan tanpa pindah situs.","Masuk RPGG, pilih permainan slot gacor yang ingin dijajal, mulai dengan taruhan kecil. RTP dan info jackpot ada sebelum sesi berjalan.","Bisa. RPGG menampilkan ringkasan RTP supaya pemain punya acuan pilih meja, bukan janji menang terus.","Informasi jackpot di RPGG disusun agar kebaca sebelum main. Angkanya jadi pantauan, bukan slogan di judul.","Saya set limit sebelum buka slot gacor RPGG. Pas nyentuh, saya berhenti meski masih ingin spin. Disiplin itu yang saya bawa dari sesi ini.","Saya buka RPGG karena cari situs slot gacor yang denahnya jelas. RTP-nya kebaca, saya pilih satu permainan lalu main pelan. Habis ada naik tipis, saya tarik dan tidak nambah sesi.","Saya coba slot gacor di RPGG dengan taruhan kecil dulu. Pola yang tampil saya anggap catatan, bukan jaminan. Sesi itu cukup buat ngerasain mejanya, lalu saya tutup.","Saya lihat info jackpot di RPGG sebelum spin. Bukan angka gila, tapi cukup buat nentuin mau lanjut atau pindah. Slot gacor-nya terasa rapi, tidak berisik.","Saya pindah permainan slot gacor di RPGG setelah yang pertama sepi. Lobby-nya satu pintu, gak logout. RTP meja kedua lebih nyambung, saya stop pas sudah plus tipis.","Rafi Maulana","Agus Wijaya","Nisa Fadilah","Citra Melati","Bayu Firmansyah","RPGG login","RPGG daftar","Alternatif RPGG","RPGG link login","RPGG slot online"
"ticket-sales-exhibition","TOKYO88","TOKYO88 Jangan Lewatkan WD ke Rekening yang Masuk x Ticket Sales Exhibition","TOKYO88 hadir sebagai situs slot gacor gampang menang hari ini dengan link pola maxwin terbaru 2026, kabar jackpot terkini, dan RTP yang bisa dicek.","<a href=""#"">TOKYO88</a> hadir sebagai situs slot gacor gampang menang hari ini dengan link pola maxwin terbaru 2026, kabar jackpot terkini, dan RTP yang bisa dicek.","Intip slot gacor TOKYO88 hari ini","TOKYO88 merapikan info RTP dan jackpot slot gacor","Kabar pola maxwin 2026 di situs slot gacor TOKYO88","TOKYO88 hadirkan pilihan slot gacor dalam satu lobby","Update jackpot terkini slot gacor TOKYO88","Apakah TOKYO88 situs slot gacor yang bisa dicoba hari ini?","Bagaimana cara mulai main slot gacor di TOKYO88?","Apakah RTP slot gacor di TOKYO88 bisa dilihat?","Bagaimana info jackpot di TOKYO88 diperbarui?","Apakah pola maxwin di TOKYO88 wajib diikuti?","Ya. TOKYO88 menata slot gacor dalam satu lobby. Anda bisa cek RTP, pilih permainan, lalu main pelan tanpa pindah situs.","Masuk TOKYO88, pilih permainan slot gacor yang ingin dijajal, mulai dengan taruhan kecil. RTP dan info jackpot ada sebelum sesi berjalan.","Bisa. TOKYO88 menampilkan ringkasan RTP supaya pemain punya acuan pilih meja, bukan janji menang terus.","Informasi jackpot di TOKYO88 disusun agar kebaca sebelum main. Angkanya jadi pantauan, bukan slogan di judul.","Tidak wajib. Pola di TOKYO88 hanya referensi. Keputusan taruhan tetap di pemain, meja tetap bisa diganti kalau terasa sepi.","Saya main slot gacor TOKYO88 di HP sambil nunggu. Grafiknya ringan, jackpot dan RTP tetap kelihatan. Sesi pendek, saya tidak dipaksa gas besar.","Saya sempat ragu pola maxwin di TOKYO88. Setelah dicoba, itu hanya panduan. Yang saya pakai justru pilih meja pelan dan tarik begitu sudah cukup.","Saya daftar TOKYO88 lalu langsung ke slot gacor, tidak muter halaman. Info jackpot 2026-nya kebaca. Saya kunci sesi sebelum jadi lama.","Saya banding RTP beberapa permainan di TOKYO88. Yang lebih tinggi saya jajal dulu. Slot gacor-nya tidak janji menang terus, dan itu yang bikin saya tenang.","Saya tarik dari TOKYO88 setelah sesi slot gacor malam ini. Prosesnya rapi, tidak banyak tanya. Besok saya tidak maksa balik kalau mood tidak pas.","Arif Rahman","Eko Santoso","Alika Rahman","Dinda Lestari","Agus Wijaya","TOKYO88 login","TOKYO88 daftar","Alternatif TOKYO88","TOKYO88 slot","TOKYO88 rtp"
"upcoming-conferences-exhibition","VIPHOKI","VIPHOKI Hadir di Meja Slot Gacor Pilihan Minggu Ini x Upcoming Conferences Exhibition","VIPHOKI dikenal sebagai situs slot gacor yang nyaman dijajal hari ini dengan link pola maxwin terbaru 2026, info jackpot yang diperbarui, dan RTP yang transparan tanpa banyak slogan.","<a href=""#"">VIPHOKI</a> dikenal sebagai situs slot gacor yang nyaman dijajal hari ini dengan link pola maxwin terbaru 2026, info jackpot yang diperbarui, dan RTP yang transparan tanpa banyak slogan.","Yuk cek slot gacor VIPHOKI hari ini","VIPHOKI merapikan info RTP dan jackpot slot gacor","Kabar pola maxwin 2026 di situs slot gacor VIPHOKI","VIPHOKI hadirkan pilihan slot gacor dalam satu lobby","Update jackpot terkini slot gacor VIPHOKI","Bagaimana cara mulai main slot gacor di VIPHOKI?","Apakah RTP slot gacor di VIPHOKI bisa dilihat?","Bagaimana info jackpot di VIPHOKI diperbarui?","Apakah pola maxwin di VIPHOKI wajib diikuti?","Bisakah pindah permainan slot gacor tanpa daftar ulang di VIPHOKI?","Masuk VIPHOKI, pilih permainan slot gacor yang ingin dijajal, mulai dengan taruhan kecil. RTP dan info jackpot ada sebelum sesi berjalan.","Bisa. VIPHOKI menampilkan ringkasan RTP supaya pemain punya acuan pilih meja, bukan janji menang terus.","Informasi jackpot di VIPHOKI disusun agar kebaca sebelum main. Angkanya jadi pantauan, bukan slogan di judul.","Tidak wajib. Pola di VIPHOKI hanya referensi. Keputusan taruhan tetap di pemain, meja tetap bisa diganti kalau terasa sepi.","Bisa. Slot gacor VIPHOKI ada di satu akun. Ganti permainan tidak perlu login baru.","Saya chat VIPHOKI soal permainan yang RTP-nya tidak muncul. Dijawab singkat, lalu saya pilih slot gacor lain. Alurnya manusiawi, tidak bertele.","Saya bawa VIPHOKI dari browser ke HP, slot gacor-nya tetap ada. Jackpot yang tadi saya lihat masih kebaca. Tidak perlu akun kedua.","Saya set limit sebelum buka slot gacor VIPHOKI. Pas nyentuh, saya berhenti meski masih ingin spin. Disiplin itu yang saya bawa dari sesi ini.","Saya buka VIPHOKI karena cari situs slot gacor yang denahnya jelas. RTP-nya kebaca, saya pilih satu permainan lalu main pelan. Habis ada naik tipis, saya tarik dan tidak nambah sesi.","Saya coba slot gacor di VIPHOKI dengan taruhan kecil dulu. Pola yang tampil saya anggap catatan, bukan jaminan. Sesi itu cukup buat ngerasain mejanya, lalu saya tutup.","Ilham Ramadhan","Dewi Anggraini","Hendra Gunawan","Alika Rahman","Rizky Pratama","VIPHOKI login","VIPHOKI daftar","Alternatif VIPHOKI","VIPHOKI link","VIPHOKI masuk"
"why-attend-exhibition","ORBIT4D","ORBIT4D Sesi Nunggu Hujan Reda x Why Attend Exhibition","ORBIT4D menjadi pilihan situs slot gacor buat sesi harian dengan pembaruan pola main yang dibahas tahun 2026, info jackpot yang diperbarui, dan RTP yang transparan untuk pemain yang mau coba dulu.","<a href=""#"">ORBIT4D</a> menjadi pilihan situs slot gacor buat sesi harian dengan pembaruan pola main yang dibahas tahun 2026, info jackpot yang diperbarui, dan RTP yang transparan untuk pemain yang mau coba dulu.","Jangan lewatkan slot gacor ORBIT4D hari ini","ORBIT4D merapikan info RTP dan jackpot slot gacor","Kabar pola maxwin 2026 di situs slot gacor ORBIT4D","ORBIT4D hadirkan pilihan slot gacor dalam satu lobby","Update jackpot terkini slot gacor ORBIT4D","Apakah RTP slot gacor di ORBIT4D bisa dilihat?","Bagaimana info jackpot di ORBIT4D diperbarui?","Apakah pola maxwin di ORBIT4D wajib diikuti?","Bisakah pindah permainan slot gacor tanpa daftar ulang di ORBIT4D?","Apakah slot gacor ORBIT4D nyaman di HP?","Bisa. ORBIT4D menampilkan ringkasan RTP supaya pemain punya acuan pilih meja, bukan janji menang terus.","Informasi jackpot di ORBIT4D disusun agar kebaca sebelum main. Angkanya jadi pantauan, bukan slogan di judul.","Tidak wajib. Pola di ORBIT4D hanya referensi. Keputusan taruhan tetap di pemain, meja tetap bisa diganti kalau terasa sepi.","Bisa. Slot gacor ORBIT4D ada di satu akun. Ganti permainan tidak perlu login baru.","Nyaman. Lobby slot gacor ORBIT4D ringkas di HP, RTP dan jackpot tetap kebaca, sesi bisa dipotong kapan saja.","Saya lihat info jackpot di ORBIT4D sebelum spin. Bukan angka gila, tapi cukup buat nentuin mau lanjut atau pindah. Slot gacor-nya terasa rapi, tidak berisik.","Saya pindah permainan slot gacor di ORBIT4D setelah yang pertama sepi. Lobby-nya satu pintu, gak logout. RTP meja kedua lebih nyambung, saya stop pas sudah plus tipis.","Saya main slot gacor ORBIT4D di HP sambil nunggu. Grafiknya ringan, jackpot dan RTP tetap kelihatan. Sesi pendek, saya tidak dipaksa gas besar.","Saya sempat ragu pola maxwin di ORBIT4D. Setelah dicoba, itu hanya panduan. Yang saya pakai justru pilih meja pelan dan tarik begitu sudah cukup.","Saya daftar ORBIT4D lalu langsung ke slot gacor, tidak muter halaman. Info jackpot 2026-nya kebaca. Saya kunci sesi sebelum jadi lama.","Ilham Ramadhan","Andi Saputra","Eko Santoso","Nisa Fadilah","Maya Sari","ORBIT4D login","ORBIT4D daftar","Alternatif ORBIT4D","ORBIT4D official","ORBIT4D apk"
"agenda-exhibition","KOKO303","KOKO303 Kabar Pop-up Promo yang Gak Nge-Spam x Agenda Exhibition","KOKO303 menyediakan akses situs slot gacor dengan alur yang ringkas dengan pembaruan pola main yang dibahas tahun 2026, info jackpot yang diperbarui, dan RTP yang transparan dengan sesi yang bisa ditutup kapan saja.","<a href=""#"">KOKO303</a> menyediakan akses situs slot gacor dengan alur yang ringkas dengan pembaruan pola main yang dibahas tahun 2026, info jackpot yang diperbarui, dan RTP yang transparan dengan sesi yang bisa ditutup kapan saja.","Kabar slot gacor KOKO303 hari ini","KOKO303 merapikan info RTP dan jackpot slot gacor","Kabar pola maxwin 2026 di situs slot gacor KOKO303","KOKO303 hadirkan pilihan slot gacor dalam satu lobby","Update jackpot terkini slot gacor KOKO303","Bagaimana info jackpot di KOKO303 diperbarui?","Apakah pola maxwin di KOKO303 wajib diikuti?","Bisakah pindah permainan slot gacor tanpa daftar ulang di KOKO303?","Apakah slot gacor KOKO303 nyaman di HP?","Bagaimana kalau meja slot gacor di KOKO303 terasa dingin?","Informasi jackpot di KOKO303 disusun agar kebaca sebelum main. Angkanya jadi pantauan, bukan slogan di judul.","Tidak wajib. Pola di KOKO303 hanya referensi. Keputusan taruhan tetap di pemain, meja tetap bisa diganti kalau terasa sepi.","Bisa. Slot gacor KOKO303 ada di satu akun. Ganti permainan tidak perlu login baru.","Nyaman. Lobby slot gacor KOKO303 ringkas di HP, RTP dan jackpot tetap kebaca, sesi bisa dipotong kapan saja.","Pindah permainan di lobby yang sama. KOKO303 tidak memaksa bertahan di satu meja kalau ritmenya tidak nyambung.","Saya banding RTP beberapa permainan di KOKO303. Yang lebih tinggi saya jajal dulu. Slot gacor-nya tidak janji menang terus, dan itu yang bikin saya tenang.","Saya tarik dari KOKO303 setelah sesi slot gacor malam ini. Prosesnya rapi, tidak banyak tanya. Besok saya tidak maksa balik kalau mood tidak pas.","Saya chat KOKO303 soal permainan yang RTP-nya tidak muncul. Dijawab singkat, lalu saya pilih slot gacor lain. Alurnya manusiawi, tidak bertele.","Saya bawa KOKO303 dari browser ke HP, slot gacor-nya tetap ada. Jackpot yang tadi saya lihat masih kebaca. Tidak perlu akun kedua.","Saya set limit sebelum buka slot gacor KOKO303. Pas nyentuh, saya berhenti meski masih ingin spin. Disiplin itu yang saya bawa dari sesi ini.","Yoga Prasetyo","Andi Saputra","Alika Rahman","Dewi Anggraini","Agus Wijaya","KOKO303 login","KOKO303 daftar","Alternatif KOKO303","link alternatif KOKO303","KOKO303 wap"
"venue-exhibition","DOLANTOGEL","DOLANTOGEL Coba Main abis Olahraga Kepala Dingin x Venue Exhibition","DOLANTOGEL tampil sebagai situs slot gacor resmi yang gampang diikuti dengan akses permainan slot gacor yang dirapikan, data RTP terkini, dan pantauan jackpot yang rapi supaya denah permainannya kebaca.","<a href=""#"">DOLANTOGEL</a> tampil sebagai situs slot gacor resmi yang gampang diikuti dengan akses permainan slot gacor yang dirapikan, data RTP terkini, dan pantauan jackpot yang rapi supaya denah permainannya kebaca.","Update slot gacor DOLANTOGEL hari ini","DOLANTOGEL merapikan info RTP dan jackpot slot gacor","Kabar pola maxwin 2026 di situs slot gacor DOLANTOGEL","DOLANTOGEL hadirkan pilihan slot gacor dalam satu lobby","Update jackpot terkini slot gacor DOLANTOGEL","Apakah pola maxwin di DOLANTOGEL wajib diikuti?","Bisakah pindah permainan slot gacor tanpa daftar ulang di DOLANTOGEL?","Apakah slot gacor DOLANTOGEL nyaman di HP?","Bagaimana kalau meja slot gacor di DOLANTOGEL terasa dingin?","Apakah DOLANTOGEL situs slot gacor yang bisa dicoba hari ini?","Tidak wajib. Pola di DOLANTOGEL hanya referensi. Keputusan taruhan tetap di pemain, meja tetap bisa diganti kalau terasa sepi.","Bisa. Slot gacor DOLANTOGEL ada di satu akun. Ganti permainan tidak perlu login baru.","Nyaman. Lobby slot gacor DOLANTOGEL ringkas di HP, RTP dan jackpot tetap kebaca, sesi bisa dipotong kapan saja.","Pindah permainan di lobby yang sama. DOLANTOGEL tidak memaksa bertahan di satu meja kalau ritmenya tidak nyambung.","Ya. DOLANTOGEL menata slot gacor dalam satu lobby. Anda bisa cek RTP, pilih permainan, lalu main pelan tanpa pindah situs.","Saya buka DOLANTOGEL karena cari situs slot gacor yang denahnya jelas. RTP-nya kebaca, saya pilih satu permainan lalu main pelan. Habis ada naik tipis, saya tarik dan tidak nambah sesi.","Saya coba slot gacor di DOLANTOGEL dengan taruhan kecil dulu. Pola yang tampil saya anggap catatan, bukan jaminan. Sesi itu cukup buat ngerasain mejanya, lalu saya tutup.","Saya lihat info jackpot di DOLANTOGEL sebelum spin. Bukan angka gila, tapi cukup buat nentuin mau lanjut atau pindah. Slot gacor-nya terasa rapi, tidak berisik.","Saya pindah permainan slot gacor di DOLANTOGEL setelah yang pertama sepi. Lobby-nya satu pintu, gak logout. RTP meja kedua lebih nyambung, saya stop pas sudah plus tipis.","Saya main slot gacor DOLANTOGEL di HP sambil nunggu. Grafiknya ringan, jackpot dan RTP tetap kelihatan. Sesi pendek, saya tidak dipaksa gas besar.","Aldi Salim","Dimas Kurniawan","Ayu Rahma","Hendra Gunawan","Putri Ayu","DOLANTOGEL login","DOLANTOGEL daftar","Alternatif DOLANTOGEL","DOLANTOGEL gacor","situs DOLANTOGEL"
"partners-exhibition","BANDAR99","BANDAR99 Update Link Alternatif yang Tetap Satu Akun x Partners Exhibition","BANDAR99 menghadirkan situs slot gacor dengan pintu masuk yang pendek dengan akses permainan slot gacor yang dirapikan, data RTP terkini, dan pantauan jackpot yang rapi biar gak nyasar pindah situs.","<a href=""#"">BANDAR99</a> menghadirkan situs slot gacor dengan pintu masuk yang pendek dengan akses permainan slot gacor yang dirapikan, data RTP terkini, dan pantauan jackpot yang rapi biar gak nyasar pindah situs.","Intip slot gacor BANDAR99 hari ini","BANDAR99 merapikan info RTP dan jackpot slot gacor","Kabar pola maxwin 2026 di situs slot gacor BANDAR99","BANDAR99 hadirkan pilihan slot gacor dalam satu lobby","Update jackpot terkini slot gacor BANDAR99","Bisakah pindah permainan slot gacor tanpa daftar ulang di BANDAR99?","Apakah slot gacor BANDAR99 nyaman di HP?","Bagaimana kalau meja slot gacor di BANDAR99 terasa dingin?","Apakah BANDAR99 situs slot gacor yang bisa dicoba hari ini?","Bagaimana cara mulai main slot gacor di BANDAR99?","Bisa. Slot gacor BANDAR99 ada di satu akun. Ganti permainan tidak perlu login baru.","Nyaman. Lobby slot gacor BANDAR99 ringkas di HP, RTP dan jackpot tetap kebaca, sesi bisa dipotong kapan saja.","Pindah permainan di lobby yang sama. BANDAR99 tidak memaksa bertahan di satu meja kalau ritmenya tidak nyambung.","Ya. BANDAR99 menata slot gacor dalam satu lobby. Anda bisa cek RTP, pilih permainan, lalu main pelan tanpa pindah situs.","Masuk BANDAR99, pilih permainan slot gacor yang ingin dijajal, mulai dengan taruhan kecil. RTP dan info jackpot ada sebelum sesi berjalan.","Saya sempat ragu pola maxwin di BANDAR99. Setelah dicoba, itu hanya panduan. Yang saya pakai justru pilih meja pelan dan tarik begitu sudah cukup.","Saya daftar BANDAR99 lalu langsung ke slot gacor, tidak muter halaman. Info jackpot 2026-nya kebaca. Saya kunci sesi sebelum jadi lama.","Saya banding RTP beberapa permainan di BANDAR99. Yang lebih tinggi saya jajal dulu. Slot gacor-nya tidak janji menang terus, dan itu yang bikin saya tenang.","Saya tarik dari BANDAR99 setelah sesi slot gacor malam ini. Prosesnya rapi, tidak banyak tanya. Besok saya tidak maksa balik kalau mood tidak pas.","Saya chat BANDAR99 soal permainan yang RTP-nya tidak muncul. Dijawab singkat, lalu saya pilih slot gacor lain. Alurnya manusiawi, tidak bertele.","Agus Wijaya","Sinta Dewi","Rafi Maulana","Lina Kartika","Rizky Pratama","BANDAR99 login","BANDAR99 daftar","Alternatif BANDAR99","BANDAR99 slot gacor","BANDAR99 terpercaya"
"sponsors-exhibition","ROYALEBET168","ROYALEBET168 Yuk Gak Deposit Lagi Malam Ini x Sponsors Exhibition","ROYALEBET168 siap dipakai sebagai situs slot gacor untuk main pelan hari ini dengan pilihan meja yang gampang dicari, data RTP terkini, dan pantauan jackpot yang rapi dengan bantuan yang tetap bisa dihubungi.","<a href=""#"">ROYALEBET168</a> siap dipakai sebagai situs slot gacor untuk main pelan hari ini dengan pilihan meja yang gampang dicari, data RTP terkini, dan pantauan jackpot yang rapi dengan bantuan yang tetap bisa dihubungi.","Yuk cek slot gacor ROYALEBET168 hari ini","ROYALEBET168 merapikan info RTP dan jackpot slot gacor","Kabar pola maxwin 2026 di situs slot gacor ROYALEBET168","ROYALEBET168 hadirkan pilihan slot gacor dalam satu lobby","Update jackpot terkini slot gacor ROYALEBET168","Apakah slot gacor ROYALEBET168 nyaman di HP?","Bagaimana kalau meja slot gacor di ROYALEBET168 terasa dingin?","Apakah ROYALEBET168 situs slot gacor yang bisa dicoba hari ini?","Bagaimana cara mulai main slot gacor di ROYALEBET168?","Apakah RTP slot gacor di ROYALEBET168 bisa dilihat?","Nyaman. Lobby slot gacor ROYALEBET168 ringkas di HP, RTP dan jackpot tetap kebaca, sesi bisa dipotong kapan saja.","Pindah permainan di lobby yang sama. ROYALEBET168 tidak memaksa bertahan di satu meja kalau ritmenya tidak nyambung.","Ya. ROYALEBET168 menata slot gacor dalam satu lobby. Anda bisa cek RTP, pilih permainan, lalu main pelan tanpa pindah situs.","Masuk ROYALEBET168, pilih permainan slot gacor yang ingin dijajal, mulai dengan taruhan kecil. RTP dan info jackpot ada sebelum sesi berjalan.","Bisa. ROYALEBET168 menampilkan ringkasan RTP supaya pemain punya acuan pilih meja, bukan janji menang terus.","Saya bawa ROYALEBET168 dari browser ke HP, slot gacor-nya tetap ada. Jackpot yang tadi saya lihat masih kebaca. Tidak perlu akun kedua.","Saya set limit sebelum buka slot gacor ROYALEBET168. Pas nyentuh, saya berhenti meski masih ingin spin. Disiplin itu yang saya bawa dari sesi ini.","Saya buka ROYALEBET168 karena cari situs slot gacor yang denahnya jelas. RTP-nya kebaca, saya pilih satu permainan lalu main pelan. Habis ada naik tipis, saya tarik dan tidak nambah sesi.","Saya coba slot gacor di ROYALEBET168 dengan taruhan kecil dulu. Pola yang tampil saya anggap catatan, bukan jaminan. Sesi itu cukup buat ngerasain mejanya, lalu saya tutup.","Saya lihat info jackpot di ROYALEBET168 sebelum spin. Bukan angka gila, tapi cukup buat nentuin mau lanjut atau pindah. Slot gacor-nya terasa rapi, tidak berisik.","Rafi Maulana","Ayu Rahma","Putri Ayu","Budi Hartono","Agus Wijaya","ROYALEBET168 login","ROYALEBET168 daftar","Alternatif ROYALEBET168","ROYALEBET168 link login","ROYALEBET168 slot online"
"networking-exhibition","VISITORBET","VISITORBET Jangan Ngejar Meja Temen x Networking Exhibition","VISITORBET berdiri sebagai situs slot gacor yang menata permainan dalam satu lobby dengan pilihan meja yang gampang dicari, update jackpot 2026, dan RTP yang tidak disembunyiin untuk main di HP maupun browser.","<a href=""#"">VISITORBET</a> berdiri sebagai situs slot gacor yang menata permainan dalam satu lobby dengan pilihan meja yang gampang dicari, update jackpot 2026, dan RTP yang tidak disembunyiin untuk main di HP maupun browser.","Jangan lewatkan slot gacor VISITORBET hari ini","VISITORBET merapikan info RTP dan jackpot slot gacor","Kabar pola maxwin 2026 di situs slot gacor VISITORBET","VISITORBET hadirkan pilihan slot gacor dalam satu lobby","Update jackpot terkini slot gacor VISITORBET","Bagaimana kalau meja slot gacor di VISITORBET terasa dingin?","Apakah VISITORBET situs slot gacor yang bisa dicoba hari ini?","Bagaimana cara mulai main slot gacor di VISITORBET?","Apakah RTP slot gacor di VISITORBET bisa dilihat?","Bagaimana info jackpot di VISITORBET diperbarui?","Pindah permainan di lobby yang sama. VISITORBET tidak memaksa bertahan di satu meja kalau ritmenya tidak nyambung.","Ya. VISITORBET menata slot gacor dalam satu lobby. Anda bisa cek RTP, pilih permainan, lalu main pelan tanpa pindah situs.","Masuk VISITORBET, pilih permainan slot gacor yang ingin dijajal, mulai dengan taruhan kecil. RTP dan info jackpot ada sebelum sesi berjalan.","Bisa. VISITORBET menampilkan ringkasan RTP supaya pemain punya acuan pilih meja, bukan janji menang terus.","Informasi jackpot di VISITORBET disusun agar kebaca sebelum main. Angkanya jadi pantauan, bukan slogan di judul.","Saya pindah permainan slot gacor di VISITORBET setelah yang pertama sepi. Lobby-nya satu pintu, gak logout. RTP meja kedua lebih nyambung, saya stop pas sudah plus tipis.","Saya main slot gacor VISITORBET di HP sambil nunggu. Grafiknya ringan, jackpot dan RTP tetap kelihatan. Sesi pendek, saya tidak dipaksa gas besar.","Saya sempat ragu pola maxwin di VISITORBET. Setelah dicoba, itu hanya panduan. Yang saya pakai justru pilih meja pelan dan tarik begitu sudah cukup.","Saya daftar VISITORBET lalu langsung ke slot gacor, tidak muter halaman. Info jackpot 2026-nya kebaca. Saya kunci sesi sebelum jadi lama.","Saya banding RTP beberapa permainan di VISITORBET. Yang lebih tinggi saya jajal dulu. Slot gacor-nya tidak janji menang terus, dan itu yang bikin saya tenang.","Budi Hartono","Aldi Salim","Alika Rahman","Fajar Nugroho","Lina Kartika","VISITORBET login","VISITORBET daftar","Alternatif VISITORBET","VISITORBET slot","VISITORBET rtp"
"best-practices-exhibition","NEYMAR88","NEYMAR88 Hadir di Lobby Game Baru yang Gak Berat x Best Practices Exhibition","NEYMAR88 hadir sebagai situs slot gacor gampang menang hari ini dengan info RTP yang kebaca sebelum mulai, update jackpot 2026, dan RTP yang tidak disembunyiin.","<a href=""#"">NEYMAR88</a> hadir sebagai situs slot gacor gampang menang hari ini dengan info RTP yang kebaca sebelum mulai, update jackpot 2026, dan RTP yang tidak disembunyiin.","Kabar slot gacor NEYMAR88 hari ini","NEYMAR88 merapikan info RTP dan jackpot slot gacor","Kabar pola maxwin 2026 di situs slot gacor NEYMAR88","NEYMAR88 hadirkan pilihan slot gacor dalam satu lobby","Update jackpot terkini slot gacor NEYMAR88","Apakah NEYMAR88 situs slot gacor yang bisa dicoba hari ini?","Bagaimana cara mulai main slot gacor di NEYMAR88?","Apakah RTP slot gacor di NEYMAR88 bisa dilihat?","Bagaimana info jackpot di NEYMAR88 diperbarui?","Apakah pola maxwin di NEYMAR88 wajib diikuti?","Ya. NEYMAR88 menata slot gacor dalam satu lobby. Anda bisa cek RTP, pilih permainan, lalu main pelan tanpa pindah situs.","Masuk NEYMAR88, pilih permainan slot gacor yang ingin dijajal, mulai dengan taruhan kecil. RTP dan info jackpot ada sebelum sesi berjalan.","Bisa. NEYMAR88 menampilkan ringkasan RTP supaya pemain punya acuan pilih meja, bukan janji menang terus.","Informasi jackpot di NEYMAR88 disusun agar kebaca sebelum main. Angkanya jadi pantauan, bukan slogan di judul.","Tidak wajib. Pola di NEYMAR88 hanya referensi. Keputusan taruhan tetap di pemain, meja tetap bisa diganti kalau terasa sepi.","Saya tarik dari NEYMAR88 setelah sesi slot gacor malam ini. Prosesnya rapi, tidak banyak tanya. Besok saya tidak maksa balik kalau mood tidak pas.","Saya chat NEYMAR88 soal permainan yang RTP-nya tidak muncul. Dijawab singkat, lalu saya pilih slot gacor lain. Alurnya manusiawi, tidak bertele.","Saya bawa NEYMAR88 dari browser ke HP, slot gacor-nya tetap ada. Jackpot yang tadi saya lihat masih kebaca. Tidak perlu akun kedua.","Saya set limit sebelum buka slot gacor NEYMAR88. Pas nyentuh, saya berhenti meski masih ingin spin. Disiplin itu yang saya bawa dari sesi ini.","Saya buka NEYMAR88 karena cari situs slot gacor yang denahnya jelas. RTP-nya kebaca, saya pilih satu permainan lalu main pelan. Habis ada naik tipis, saya tarik dan tidak nambah sesi.","Aulia Zahra","Dimas Kurniawan","Fajar Nugroho","Eko Santoso","Rina Wulandari","NEYMAR88 login","NEYMAR88 daftar","Alternatif NEYMAR88","NEYMAR88 link","NEYMAR88 masuk"
"latest-trends-exhibition","KAKEK303","KAKEK303 Sesi Nunggu Sikat Gigi Notif Masuk x Latest Trends Exhibition","KAKEK303 dikenal sebagai situs slot gacor yang nyaman dijajal hari ini dengan info RTP yang kebaca sebelum mulai, update jackpot 2026, dan RTP yang tidak disembunyiin tanpa banyak slogan.","<a href=""#"">KAKEK303</a> dikenal sebagai situs slot gacor yang nyaman dijajal hari ini dengan info RTP yang kebaca sebelum mulai, update jackpot 2026, dan RTP yang tidak disembunyiin tanpa banyak slogan.","Update slot gacor KAKEK303 hari ini","KAKEK303 merapikan info RTP dan jackpot slot gacor","Kabar pola maxwin 2026 di situs slot gacor KAKEK303","KAKEK303 hadirkan pilihan slot gacor dalam satu lobby","Update jackpot terkini slot gacor KAKEK303","Bagaimana cara mulai main slot gacor di KAKEK303?","Apakah RTP slot gacor di KAKEK303 bisa dilihat?","Bagaimana info jackpot di KAKEK303 diperbarui?","Apakah pola maxwin di KAKEK303 wajib diikuti?","Bisakah pindah permainan slot gacor tanpa daftar ulang di KAKEK303?","Masuk KAKEK303, pilih permainan slot gacor yang ingin dijajal, mulai dengan taruhan kecil. RTP dan info jackpot ada sebelum sesi berjalan.","Bisa. KAKEK303 menampilkan ringkasan RTP supaya pemain punya acuan pilih meja, bukan janji menang terus.","Informasi jackpot di KAKEK303 disusun agar kebaca sebelum main. Angkanya jadi pantauan, bukan slogan di judul.","Tidak wajib. Pola di KAKEK303 hanya referensi. Keputusan taruhan tetap di pemain, meja tetap bisa diganti kalau terasa sepi.","Bisa. Slot gacor KAKEK303 ada di satu akun. Ganti permainan tidak perlu login baru.","Saya coba slot gacor di KAKEK303 dengan taruhan kecil dulu. Pola yang tampil saya anggap catatan, bukan jaminan. Sesi itu cukup buat ngerasain mejanya, lalu saya tutup.","Saya lihat info jackpot di KAKEK303 sebelum spin. Bukan angka gila, tapi cukup buat nentuin mau lanjut atau pindah. Slot gacor-nya terasa rapi, tidak berisik.","Saya pindah permainan slot gacor di KAKEK303 setelah yang pertama sepi. Lobby-nya satu pintu, gak logout. RTP meja kedua lebih nyambung, saya stop pas sudah plus tipis.","Saya main slot gacor KAKEK303 di HP sambil nunggu. Grafiknya ringan, jackpot dan RTP tetap kelihatan. Sesi pendek, saya tidak dipaksa gas besar.","Saya sempat ragu pola maxwin di KAKEK303. Setelah dicoba, itu hanya panduan. Yang saya pakai justru pilih meja pelan dan tarik begitu sudah cukup.","Andi Saputra","Aulia Zahra","Dimas Kurniawan","Sinta Dewi","Eko Santoso","KAKEK303 login","KAKEK303 daftar","Alternatif KAKEK303","KAKEK303 official","KAKEK303 apk"
"aarhus-branding-events-exhibition","RAWIT138","RAWIT138 Kabar Antri Lima Menit yang ditepati x Aarhus Branding Events Exhibition","RAWIT138 menjadi pilihan situs slot gacor buat sesi harian dengan katalog permainan yang tidak tercecer, informasi jackpot yang mudah dibaca, dan RTP yang membantu pilih meja untuk pemain yang mau coba dulu.","<a href=""#"">RAWIT138</a> menjadi pilihan situs slot gacor buat sesi harian dengan katalog permainan yang tidak tercecer, informasi jackpot yang mudah dibaca, dan RTP yang membantu pilih meja untuk pemain yang mau coba dulu.","Intip slot gacor RAWIT138 hari ini","RAWIT138 merapikan info RTP dan jackpot slot gacor","Kabar pola maxwin 2026 di situs slot gacor RAWIT138","RAWIT138 hadirkan pilihan slot gacor dalam satu lobby","Update jackpot terkini slot gacor RAWIT138","Apakah RTP slot gacor di RAWIT138 bisa dilihat?","Bagaimana info jackpot di RAWIT138 diperbarui?","Apakah pola maxwin di RAWIT138 wajib diikuti?","Bisakah pindah permainan slot gacor tanpa daftar ulang di RAWIT138?","Apakah slot gacor RAWIT138 nyaman di HP?","Bisa. RAWIT138 menampilkan ringkasan RTP supaya pemain punya acuan pilih meja, bukan janji menang terus.","Informasi jackpot di RAWIT138 disusun agar kebaca sebelum main. Angkanya jadi pantauan, bukan slogan di judul.","Tidak wajib. Pola di RAWIT138 hanya referensi. Keputusan taruhan tetap di pemain, meja tetap bisa diganti kalau terasa sepi.","Bisa. Slot gacor RAWIT138 ada di satu akun. Ganti permainan tidak perlu login baru.","Nyaman. Lobby slot gacor RAWIT138 ringkas di HP, RTP dan jackpot tetap kebaca, sesi bisa dipotong kapan saja.","Saya daftar RAWIT138 lalu langsung ke slot gacor, tidak muter halaman. Info jackpot 2026-nya kebaca. Saya kunci sesi sebelum jadi lama.","Saya banding RTP beberapa permainan di RAWIT138. Yang lebih tinggi saya jajal dulu. Slot gacor-nya tidak janji menang terus, dan itu yang bikin saya tenang.","Saya tarik dari RAWIT138 setelah sesi slot gacor malam ini. Prosesnya rapi, tidak banyak tanya. Besok saya tidak maksa balik kalau mood tidak pas.","Saya chat RAWIT138 soal permainan yang RTP-nya tidak muncul. Dijawab singkat, lalu saya pilih slot gacor lain. Alurnya manusiawi, tidak bertele.","Saya bawa RAWIT138 dari browser ke HP, slot gacor-nya tetap ada. Jackpot yang tadi saya lihat masih kebaca. Tidak perlu akun kedua.","Rina Wulandari","Aldi Salim","Rizky Pratama","Dimas Kurniawan","Dinda Lestari","RAWIT138 login","RAWIT138 daftar","Alternatif RAWIT138","link alternatif RAWIT138","RAWIT138 wap"
"aarhus-e-commerce-events-exhibition","UANGQQ","UANGQQ Coba Pelan daripada Turbo Buta x Aarhus E-Commerce Events Exhibition","UANGQQ menyediakan akses situs slot gacor dengan alur yang ringkas dengan katalog permainan yang tidak tercecer, informasi jackpot yang mudah dibaca, dan RTP yang membantu pilih meja dengan sesi yang bisa ditutup kapan saja.","<a href=""#"">UANGQQ</a> menyediakan akses situs slot gacor dengan alur yang ringkas dengan katalog permainan yang tidak tercecer, informasi jackpot yang mudah dibaca, dan RTP yang membantu pilih meja dengan sesi yang bisa ditutup kapan saja.","Yuk cek slot gacor UANGQQ hari ini","UANGQQ merapikan info RTP dan jackpot slot gacor","Kabar pola maxwin 2026 di situs slot gacor UANGQQ","UANGQQ hadirkan pilihan slot gacor dalam satu lobby","Update jackpot terkini slot gacor UANGQQ","Bagaimana info jackpot di UANGQQ diperbarui?","Apakah pola maxwin di UANGQQ wajib diikuti?","Bisakah pindah permainan slot gacor tanpa daftar ulang di UANGQQ?","Apakah slot gacor UANGQQ nyaman di HP?","Bagaimana kalau meja slot gacor di UANGQQ terasa dingin?","Informasi jackpot di UANGQQ disusun agar kebaca sebelum main. Angkanya jadi pantauan, bukan slogan di judul.","Tidak wajib. Pola di UANGQQ hanya referensi. Keputusan taruhan tetap di pemain, meja tetap bisa diganti kalau terasa sepi.","Bisa. Slot gacor UANGQQ ada di satu akun. Ganti permainan tidak perlu login baru.","Nyaman. Lobby slot gacor UANGQQ ringkas di HP, RTP dan jackpot tetap kebaca, sesi bisa dipotong kapan saja.","Pindah permainan di lobby yang sama. UANGQQ tidak memaksa bertahan di satu meja kalau ritmenya tidak nyambung.","Saya set limit sebelum buka slot gacor UANGQQ. Pas nyentuh, saya berhenti meski masih ingin spin. Disiplin itu yang saya bawa dari sesi ini.","Saya buka UANGQQ karena cari situs slot gacor yang denahnya jelas. RTP-nya kebaca, saya pilih satu permainan lalu main pelan. Habis ada naik tipis, saya tarik dan tidak nambah sesi.","Saya coba slot gacor di UANGQQ dengan taruhan kecil dulu. Pola yang tampil saya anggap catatan, bukan jaminan. Sesi itu cukup buat ngerasain mejanya, lalu saya tutup.","Saya lihat info jackpot di UANGQQ sebelum spin. Bukan angka gila, tapi cukup buat nentuin mau lanjut atau pindah. Slot gacor-nya terasa rapi, tidak berisik.","Saya pindah permainan slot gacor di UANGQQ setelah yang pertama sepi. Lobby-nya satu pintu, gak logout. RTP meja kedua lebih nyambung, saya stop pas sudah plus tipis.","Aldi Salim","Eko Santoso","Dimas Kurniawan","Nisa Fadilah","Rina Wulandari","UANGQQ login","UANGQQ daftar","Alternatif UANGQQ","UANGQQ gacor","situs UANGQQ"
"aarhus-digital-media-events-exhibition","BOSVIP88","BOSVIP88 Update Saldo Gantung yang Muncul abis Refresh x Aarhus Digital Media Events Exhibition","BOSVIP88 tampil sebagai situs slot gacor resmi yang gampang diikuti dengan jalur login yang tidak muter-muter, informasi jackpot yang mudah dibaca, dan RTP yang membantu pilih meja supaya denah permainannya kebaca.","<a href=""#"">BOSVIP88</a> tampil sebagai situs slot gacor resmi yang gampang diikuti dengan jalur login yang tidak muter-muter, informasi jackpot yang mudah dibaca, dan RTP yang membantu pilih meja supaya denah permainannya kebaca.","Jangan lewatkan slot gacor BOSVIP88 hari ini","BOSVIP88 merapikan info RTP dan jackpot slot gacor","Kabar pola maxwin 2026 di situs slot gacor BOSVIP88","BOSVIP88 hadirkan pilihan slot gacor dalam satu lobby","Update jackpot terkini slot gacor BOSVIP88","Apakah pola maxwin di BOSVIP88 wajib diikuti?","Bisakah pindah permainan slot gacor tanpa daftar ulang di BOSVIP88?","Apakah slot gacor BOSVIP88 nyaman di HP?","Bagaimana kalau meja slot gacor di BOSVIP88 terasa dingin?","Apakah BOSVIP88 situs slot gacor yang bisa dicoba hari ini?","Tidak wajib. Pola di BOSVIP88 hanya referensi. Keputusan taruhan tetap di pemain, meja tetap bisa diganti kalau terasa sepi.","Bisa. Slot gacor BOSVIP88 ada di satu akun. Ganti permainan tidak perlu login baru.","Nyaman. Lobby slot gacor BOSVIP88 ringkas di HP, RTP dan jackpot tetap kebaca, sesi bisa dipotong kapan saja.","Pindah permainan di lobby yang sama. BOSVIP88 tidak memaksa bertahan di satu meja kalau ritmenya tidak nyambung.","Ya. BOSVIP88 menata slot gacor dalam satu lobby. Anda bisa cek RTP, pilih permainan, lalu main pelan tanpa pindah situs.","Saya main slot gacor BOSVIP88 di HP sambil nunggu. Grafiknya ringan, jackpot dan RTP tetap kelihatan. Sesi pendek, saya tidak dipaksa gas besar.","Saya sempat ragu pola maxwin di BOSVIP88. Setelah dicoba, itu hanya panduan. Yang saya pakai justru pilih meja pelan dan tarik begitu sudah cukup.","Saya daftar BOSVIP88 lalu langsung ke slot gacor, tidak muter halaman. Info jackpot 2026-nya kebaca. Saya kunci sesi sebelum jadi lama.","Saya banding RTP beberapa permainan di BOSVIP88. Yang lebih tinggi saya jajal dulu. Slot gacor-nya tidak janji menang terus, dan itu yang bikin saya tenang.","Saya tarik dari BOSVIP88 setelah sesi slot gacor malam ini. Prosesnya rapi, tidak banyak tanya. Besok saya tidak maksa balik kalau mood tidak pas.","Agus Wijaya","Nisa Fadilah","Andi Saputra","Sinta Dewi","Ilham Ramadhan","BOSVIP88 login","BOSVIP88 daftar","Alternatif BOSVIP88","BOSVIP88 slot gacor","BOSVIP88 terpercaya"
"aarhus-marketing-events-exhibition","CIATOGEL","CIATOGEL Yuk Tutup Pas Target Bensin x Aarhus Marketing Events Exhibition","CIATOGEL menghadirkan situs slot gacor dengan pintu masuk yang pendek dengan jalur login yang tidak muter-muter, pantauan RTP, dan kabar jackpot yang tidak berlebihan biar gak nyasar pindah situs.","<a href=""#"">CIATOGEL</a> menghadirkan situs slot gacor dengan pintu masuk yang pendek dengan jalur login yang tidak muter-muter, pantauan RTP, dan kabar jackpot yang tidak berlebihan biar gak nyasar pindah situs.","Kabar slot gacor CIATOGEL hari ini","CIATOGEL merapikan info RTP dan jackpot slot gacor","Kabar pola maxwin 2026 di situs slot gacor CIATOGEL","CIATOGEL hadirkan pilihan slot gacor dalam satu lobby","Update jackpot terkini slot gacor CIATOGEL","Bisakah pindah permainan slot gacor tanpa daftar ulang di CIATOGEL?","Apakah slot gacor CIATOGEL nyaman di HP?","Bagaimana kalau meja slot gacor di CIATOGEL terasa dingin?","Apakah CIATOGEL situs slot gacor yang bisa dicoba hari ini?","Bagaimana cara mulai main slot gacor di CIATOGEL?","Bisa. Slot gacor CIATOGEL ada di satu akun. Ganti permainan tidak perlu login baru.","Nyaman. Lobby slot gacor CIATOGEL ringkas di HP, RTP dan jackpot tetap kebaca, sesi bisa dipotong kapan saja.","Pindah permainan di lobby yang sama. CIATOGEL tidak memaksa bertahan di satu meja kalau ritmenya tidak nyambung.","Ya. CIATOGEL menata slot gacor dalam satu lobby. Anda bisa cek RTP, pilih permainan, lalu main pelan tanpa pindah situs.","Masuk CIATOGEL, pilih permainan slot gacor yang ingin dijajal, mulai dengan taruhan kecil. RTP dan info jackpot ada sebelum sesi berjalan.","Saya chat CIATOGEL soal permainan yang RTP-nya tidak muncul. Dijawab singkat, lalu saya pilih slot gacor lain. Alurnya manusiawi, tidak bertele.","Saya bawa CIATOGEL dari browser ke HP, slot gacor-nya tetap ada. Jackpot yang tadi saya lihat masih kebaca. Tidak perlu akun kedua.","Saya set limit sebelum buka slot gacor CIATOGEL. Pas nyentuh, saya berhenti meski masih ingin spin. Disiplin itu yang saya bawa dari sesi ini.","Saya buka CIATOGEL karena cari situs slot gacor yang denahnya jelas. RTP-nya kebaca, saya pilih satu permainan lalu main pelan. Habis ada naik tipis, saya tarik dan tidak nambah sesi.","Saya coba slot gacor di CIATOGEL dengan taruhan kecil dulu. Pola yang tampil saya anggap catatan, bukan jaminan. Sesi itu cukup buat ngerasain mejanya, lalu saya tutup.","Rina Wulandari","Putri Ayu","Hendra Gunawan","Ilham Ramadhan","Budi Hartono","CIATOGEL login","CIATOGEL daftar","Alternatif CIATOGEL","CIATOGEL link login","CIATOGEL slot online"
"register-and-secure-your-seat-exhibition","PUSAT303","PUSAT303 Jangan Lewatkan Sesi Plus Tipis yang Disiplin x Register and Secure Your Seat Exhibition","PUSAT303 siap dipakai sebagai situs slot gacor untuk main pelan hari ini dengan koleksi slot gacor dari beberapa provider, pantauan RTP, dan kabar jackpot yang tidak berlebihan dengan bantuan yang tetap bisa dihubungi.","<a href=""#"">PUSAT303</a> siap dipakai sebagai situs slot gacor untuk main pelan hari ini dengan koleksi slot gacor dari beberapa provider, pantauan RTP, dan kabar jackpot yang tidak berlebihan dengan bantuan yang tetap bisa dihubungi.","Update slot gacor PUSAT303 hari ini","PUSAT303 merapikan info RTP dan jackpot slot gacor","Kabar pola maxwin 2026 di situs slot gacor PUSAT303","PUSAT303 hadirkan pilihan slot gacor dalam satu lobby","Update jackpot terkini slot gacor PUSAT303","Apakah slot gacor PUSAT303 nyaman di HP?","Bagaimana kalau meja slot gacor di PUSAT303 terasa dingin?","Apakah PUSAT303 situs slot gacor yang bisa dicoba hari ini?","Bagaimana cara mulai main slot gacor di PUSAT303?","Apakah RTP slot gacor di PUSAT303 bisa dilihat?","Nyaman. Lobby slot gacor PUSAT303 ringkas di HP, RTP dan jackpot tetap kebaca, sesi bisa dipotong kapan saja.","Pindah permainan di lobby yang sama. PUSAT303 tidak memaksa bertahan di satu meja kalau ritmenya tidak nyambung.","Ya. PUSAT303 menata slot gacor dalam satu lobby. Anda bisa cek RTP, pilih permainan, lalu main pelan tanpa pindah situs.","Masuk PUSAT303, pilih permainan slot gacor yang ingin dijajal, mulai dengan taruhan kecil. RTP dan info jackpot ada sebelum sesi berjalan.","Bisa. PUSAT303 menampilkan ringkasan RTP supaya pemain punya acuan pilih meja, bukan janji menang terus.","Saya lihat info jackpot di PUSAT303 sebelum spin. Bukan angka gila, tapi cukup buat nentuin mau lanjut atau pindah. Slot gacor-nya terasa rapi, tidak berisik.","Saya pindah permainan slot gacor di PUSAT303 setelah yang pertama sepi. Lobby-nya satu pintu, gak logout. RTP meja kedua lebih nyambung, saya stop pas sudah plus tipis.","Saya main slot gacor PUSAT303 di HP sambil nunggu. Grafiknya ringan, jackpot dan RTP tetap kelihatan. Sesi pendek, saya tidak dipaksa gas besar.","Saya sempat ragu pola maxwin di PUSAT303. Setelah dicoba, itu hanya panduan. Yang saya pakai justru pilih meja pelan dan tarik begitu sudah cukup.","Saya daftar PUSAT303 lalu langsung ke slot gacor, tidak muter halaman. Info jackpot 2026-nya kebaca. Saya kunci sesi sebelum jadi lama.","Hendra Gunawan","Alika Rahman","Putri Ayu","Rizky Pratama","Eko Santoso","PUSAT303 login","PUSAT303 daftar","Alternatif PUSAT303","PUSAT303 slot","PUSAT303 rtp"
"the-digimarcon-difference-exhibition","BAGINDA168","BAGINDA168 Hadir di Meja yang Biasanya Kering tapi Hidup x The DigiMarCon Difference Exhibition","BAGINDA168 berdiri sebagai situs slot gacor yang menata permainan dalam satu lobby dengan koleksi slot gacor dari beberapa provider, pantauan RTP, dan kabar jackpot yang tidak berlebihan untuk main di HP maupun browser.","<a href=""#"">BAGINDA168</a> berdiri sebagai situs slot gacor yang menata permainan dalam satu lobby dengan koleksi slot gacor dari beberapa provider, pantauan RTP, dan kabar jackpot yang tidak berlebihan untuk main di HP maupun browser.","Intip slot gacor BAGINDA168 hari ini","BAGINDA168 merapikan info RTP dan jackpot slot gacor","Kabar pola maxwin 2026 di situs slot gacor BAGINDA168","BAGINDA168 hadirkan pilihan slot gacor dalam satu lobby","Update jackpot terkini slot gacor BAGINDA168","Bagaimana kalau meja slot gacor di BAGINDA168 terasa dingin?","Apakah BAGINDA168 situs slot gacor yang bisa dicoba hari ini?","Bagaimana cara mulai main slot gacor di BAGINDA168?","Apakah RTP slot gacor di BAGINDA168 bisa dilihat?","Bagaimana info jackpot di BAGINDA168 diperbarui?","Pindah permainan di lobby yang sama. BAGINDA168 tidak memaksa bertahan di satu meja kalau ritmenya tidak nyambung.","Ya. BAGINDA168 menata slot gacor dalam satu lobby. Anda bisa cek RTP, pilih permainan, lalu main pelan tanpa pindah situs.","Masuk BAGINDA168, pilih permainan slot gacor yang ingin dijajal, mulai dengan taruhan kecil. RTP dan info jackpot ada sebelum sesi berjalan.","Bisa. BAGINDA168 menampilkan ringkasan RTP supaya pemain punya acuan pilih meja, bukan janji menang terus.","Informasi jackpot di BAGINDA168 disusun agar kebaca sebelum main. Angkanya jadi pantauan, bukan slogan di judul.","Saya banding RTP beberapa permainan di BAGINDA168. Yang lebih tinggi saya jajal dulu. Slot gacor-nya tidak janji menang terus, dan itu yang bikin saya tenang.","Saya tarik dari BAGINDA168 setelah sesi slot gacor malam ini. Prosesnya rapi, tidak banyak tanya. Besok saya tidak maksa balik kalau mood tidak pas.","Saya chat BAGINDA168 soal permainan yang RTP-nya tidak muncul. Dijawab singkat, lalu saya pilih slot gacor lain. Alurnya manusiawi, tidak bertele.","Saya bawa BAGINDA168 dari browser ke HP, slot gacor-nya tetap ada. Jackpot yang tadi saya lihat masih kebaca. Tidak perlu akun kedua.","Saya set limit sebelum buka slot gacor BAGINDA168. Pas nyentuh, saya berhenti meski masih ingin spin. Disiplin itu yang saya bawa dari sesi ini.","Maya Sari","Nisa Fadilah","Rizky Pratama","Budi Hartono","Andi Saputra","BAGINDA168 login","BAGINDA168 daftar","Alternatif BAGINDA168","BAGINDA168 link","BAGINDA168 masuk"
"stay-tuned-exhibition","BEWOKWIN","BEWOKWIN Sesi Nunggu Adzan Magrib x Stay Tuned Exhibition","BEWOKWIN hadir sebagai situs slot gacor gampang menang hari ini dengan link pola maxwin terbaru 2026, RTP tinggi, dan informasi jackpot terkini.","<a href=""#"">BEWOKWIN</a> hadir sebagai situs slot gacor gampang menang hari ini dengan link pola maxwin terbaru 2026, RTP tinggi, dan informasi jackpot terkini.","Yuk cek slot gacor BEWOKWIN hari ini","BEWOKWIN merapikan info RTP dan jackpot slot gacor","Kabar pola maxwin 2026 di situs slot gacor BEWOKWIN","BEWOKWIN hadirkan pilihan slot gacor dalam satu lobby","Update jackpot terkini slot gacor BEWOKWIN","Apakah BEWOKWIN situs slot gacor yang bisa dicoba hari ini?","Bagaimana cara mulai main slot gacor di BEWOKWIN?","Apakah RTP slot gacor di BEWOKWIN bisa dilihat?","Bagaimana info jackpot di BEWOKWIN diperbarui?","Apakah pola maxwin di BEWOKWIN wajib diikuti?","Ya. BEWOKWIN menata slot gacor dalam satu lobby. Anda bisa cek RTP, pilih permainan, lalu main pelan tanpa pindah situs.","Masuk BEWOKWIN, pilih permainan slot gacor yang ingin dijajal, mulai dengan taruhan kecil. RTP dan info jackpot ada sebelum sesi berjalan.","Bisa. BEWOKWIN menampilkan ringkasan RTP supaya pemain punya acuan pilih meja, bukan janji menang terus.","Informasi jackpot di BEWOKWIN disusun agar kebaca sebelum main. Angkanya jadi pantauan, bukan slogan di judul.","Tidak wajib. Pola di BEWOKWIN hanya referensi. Keputusan taruhan tetap di pemain, meja tetap bisa diganti kalau terasa sepi.","Saya buka BEWOKWIN karena cari situs slot gacor yang denahnya jelas. RTP-nya kebaca, saya pilih satu permainan lalu main pelan. Habis ada naik tipis, saya tarik dan tidak nambah sesi.","Saya coba slot gacor di BEWOKWIN dengan taruhan kecil dulu. Pola yang tampil saya anggap catatan, bukan jaminan. Sesi itu cukup buat ngerasain mejanya, lalu saya tutup.","Saya lihat info jackpot di BEWOKWIN sebelum spin. Bukan angka gila, tapi cukup buat nentuin mau lanjut atau pindah. Slot gacor-nya terasa rapi, tidak berisik.","Saya pindah permainan slot gacor di BEWOKWIN setelah yang pertama sepi. Lobby-nya satu pintu, gak logout. RTP meja kedua lebih nyambung, saya stop pas sudah plus tipis.","Saya main slot gacor BEWOKWIN di HP sambil nunggu. Grafiknya ringan, jackpot dan RTP tetap kelihatan. Sesi pendek, saya tidak dipaksa gas besar.","Ilham Ramadhan","Eko Santoso","Dinda Lestari","Rina Wulandari","Budi Hartono","BEWOKWIN login","BEWOKWIN daftar","Alternatif BEWOKWIN","BEWOKWIN official","BEWOKWIN apk"
"online-live-exhibition","MAXWIN138","MAXWIN138 Kabar Live Chat Stiker tapi WD Profesional x Online Live Exhibition","MAXWIN138 dikenal sebagai situs slot gacor yang nyaman dijajal hari ini dengan link pola maxwin terbaru 2026, RTP tinggi, dan informasi jackpot terkini tanpa banyak slogan.","<a href=""#"">MAXWIN138</a> dikenal sebagai situs slot gacor yang nyaman dijajal hari ini dengan link pola maxwin terbaru 2026, RTP tinggi, dan informasi jackpot terkini tanpa banyak slogan.","Jangan lewatkan slot gacor MAXWIN138 hari ini","MAXWIN138 merapikan info RTP dan jackpot slot gacor","Kabar pola maxwin 2026 di situs slot gacor MAXWIN138","MAXWIN138 hadirkan pilihan slot gacor dalam satu lobby","Update jackpot terkini slot gacor MAXWIN138","Bagaimana cara mulai main slot gacor di MAXWIN138?","Apakah RTP slot gacor di MAXWIN138 bisa dilihat?","Bagaimana info jackpot di MAXWIN138 diperbarui?","Apakah pola maxwin di MAXWIN138 wajib diikuti?","Bisakah pindah permainan slot gacor tanpa daftar ulang di MAXWIN138?","Masuk MAXWIN138, pilih permainan slot gacor yang ingin dijajal, mulai dengan taruhan kecil. RTP dan info jackpot ada sebelum sesi berjalan.","Bisa. MAXWIN138 menampilkan ringkasan RTP supaya pemain punya acuan pilih meja, bukan janji menang terus.","Informasi jackpot di MAXWIN138 disusun agar kebaca sebelum main. Angkanya jadi pantauan, bukan slogan di judul.","Tidak wajib. Pola di MAXWIN138 hanya referensi. Keputusan taruhan tetap di pemain, meja tetap bisa diganti kalau terasa sepi.","Bisa. Slot gacor MAXWIN138 ada di satu akun. Ganti permainan tidak perlu login baru.","Saya sempat ragu pola maxwin di MAXWIN138. Setelah dicoba, itu hanya panduan. Yang saya pakai justru pilih meja pelan dan tarik begitu sudah cukup.","Saya daftar MAXWIN138 lalu langsung ke slot gacor, tidak muter halaman. Info jackpot 2026-nya kebaca. Saya kunci sesi sebelum jadi lama.","Saya banding RTP beberapa permainan di MAXWIN138. Yang lebih tinggi saya jajal dulu. Slot gacor-nya tidak janji menang terus, dan itu yang bikin saya tenang.","Saya tarik dari MAXWIN138 setelah sesi slot gacor malam ini. Prosesnya rapi, tidak banyak tanya. Besok saya tidak maksa balik kalau mood tidak pas.","Saya chat MAXWIN138 soal permainan yang RTP-nya tidak muncul. Dijawab singkat, lalu saya pilih slot gacor lain. Alurnya manusiawi, tidak bertele.","Rizky Pratama","Eko Santoso","Hendra Gunawan","Ayu Rahma","Rina Wulandari","MAXWIN138 login","MAXWIN138 daftar","Alternatif MAXWIN138","link alternatif MAXWIN138","MAXWIN138 wap"
"conference-exhibition-exhibition","RATU303","RATU303 Coba Satu Provider Kunci Hasilnya x Conference & Exhibition Exhibition","RATU303 menjadi pilihan situs slot gacor buat sesi harian dengan pembaruan pola main yang dibahas tahun 2026, RTP tinggi, dan informasi jackpot terkini untuk pemain yang mau coba dulu.","<a href=""#"">RATU303</a> menjadi pilihan situs slot gacor buat sesi harian dengan pembaruan pola main yang dibahas tahun 2026, RTP tinggi, dan informasi jackpot terkini untuk pemain yang mau coba dulu.","Kabar slot gacor RATU303 hari ini","RATU303 merapikan info RTP dan jackpot slot gacor","Kabar pola maxwin 2026 di situs slot gacor RATU303","RATU303 hadirkan pilihan slot gacor dalam satu lobby","Update jackpot terkini slot gacor RATU303","Apakah RTP slot gacor di RATU303 bisa dilihat?","Bagaimana info jackpot di RATU303 diperbarui?","Apakah pola maxwin di RATU303 wajib diikuti?","Bisakah pindah permainan slot gacor tanpa daftar ulang di RATU303?","Apakah slot gacor RATU303 nyaman di HP?","Bisa. RATU303 menampilkan ringkasan RTP supaya pemain punya acuan pilih meja, bukan janji menang terus.","Informasi jackpot di RATU303 disusun agar kebaca sebelum main. Angkanya jadi pantauan, bukan slogan di judul.","Tidak wajib. Pola di RATU303 hanya referensi. Keputusan taruhan tetap di pemain, meja tetap bisa diganti kalau terasa sepi.","Bisa. Slot gacor RATU303 ada di satu akun. Ganti permainan tidak perlu login baru.","Nyaman. Lobby slot gacor RATU303 ringkas di HP, RTP dan jackpot tetap kebaca, sesi bisa dipotong kapan saja.","Saya bawa RATU303 dari browser ke HP, slot gacor-nya tetap ada. Jackpot yang tadi saya lihat masih kebaca. Tidak perlu akun kedua.","Saya set limit sebelum buka slot gacor RATU303. Pas nyentuh, saya berhenti meski masih ingin spin. Disiplin itu yang saya bawa dari sesi ini.","Saya buka RATU303 karena cari situs slot gacor yang denahnya jelas. RTP-nya kebaca, saya pilih satu permainan lalu main pelan. Habis ada naik tipis, saya tarik dan tidak nambah sesi.","Saya coba slot gacor di RATU303 dengan taruhan kecil dulu. Pola yang tampil saya anggap catatan, bukan jaminan. Sesi itu cukup buat ngerasain mejanya, lalu saya tutup.","Saya lihat info jackpot di RATU303 sebelum spin. Bukan angka gila, tapi cukup buat nentuin mau lanjut atau pindah. Slot gacor-nya terasa rapi, tidak berisik.","Fajar Nugroho","Dimas Kurniawan","Dinda Lestari","Rizky Pratama","Nadia Putri","RATU303 login","RATU303 daftar","Alternatif RATU303","RATU303 gacor","situs RATU303"
"attendee-info-exhibition","BOTAKBET","BOTAKBET Update Katalog yang Gak Nyasar x Attendee Info Exhibition","BOTAKBET menyediakan akses situs slot gacor dengan alur yang ringkas dengan pembaruan pola main yang dibahas tahun 2026, ringkasan jackpot harian, dan catatan RTP yang jelas dengan sesi yang bisa ditutup kapan saja.","<a href=""#"">BOTAKBET</a> menyediakan akses situs slot gacor dengan alur yang ringkas dengan pembaruan pola main yang dibahas tahun 2026, ringkasan jackpot harian, dan catatan RTP yang jelas dengan sesi yang bisa ditutup kapan saja.","Update slot gacor BOTAKBET hari ini","BOTAKBET merapikan info RTP dan jackpot slot gacor","Kabar pola maxwin 2026 di situs slot gacor BOTAKBET","BOTAKBET hadirkan pilihan slot gacor dalam satu lobby","Update jackpot terkini slot gacor BOTAKBET","Bagaimana info jackpot di BOTAKBET diperbarui?","Apakah pola maxwin di BOTAKBET wajib diikuti?","Bisakah pindah permainan slot gacor tanpa daftar ulang di BOTAKBET?","Apakah slot gacor BOTAKBET nyaman di HP?","Bagaimana kalau meja slot gacor di BOTAKBET terasa dingin?","Informasi jackpot di BOTAKBET disusun agar kebaca sebelum main. Angkanya jadi pantauan, bukan slogan di judul.","Tidak wajib. Pola di BOTAKBET hanya referensi. Keputusan taruhan tetap di pemain, meja tetap bisa diganti kalau terasa sepi.","Bisa. Slot gacor BOTAKBET ada di satu akun. Ganti permainan tidak perlu login baru.","Nyaman. Lobby slot gacor BOTAKBET ringkas di HP, RTP dan jackpot tetap kebaca, sesi bisa dipotong kapan saja.","Pindah permainan di lobby yang sama. BOTAKBET tidak memaksa bertahan di satu meja kalau ritmenya tidak nyambung.","Saya pindah permainan slot gacor di BOTAKBET setelah yang pertama sepi. Lobby-nya satu pintu, gak logout. RTP meja kedua lebih nyambung, saya stop pas sudah plus tipis.","Saya main slot gacor BOTAKBET di HP sambil nunggu. Grafiknya ringan, jackpot dan RTP tetap kelihatan. Sesi pendek, saya tidak dipaksa gas besar.","Saya sempat ragu pola maxwin di BOTAKBET. Setelah dicoba, itu hanya panduan. Yang saya pakai justru pilih meja pelan dan tarik begitu sudah cukup.","Saya daftar BOTAKBET lalu langsung ke slot gacor, tidak muter halaman. Info jackpot 2026-nya kebaca. Saya kunci sesi sebelum jadi lama.","Saya banding RTP beberapa permainan di BOTAKBET. Yang lebih tinggi saya jajal dulu. Slot gacor-nya tidak janji menang terus, dan itu yang bikin saya tenang.","Arif Rahman","Aulia Zahra","Budi Hartono","Ayu Rahma","Bayu Firmansyah","BOTAKBET login","BOTAKBET daftar","Alternatif BOTAKBET","BOTAKBET slot gacor","BOTAKBET terpercaya"
"agenda-at-a-glance-exhibition","PSG77","PSG77 Yuk Jeda Mandi Baru Balik x Agenda at a Glance Exhibition","PSG77 tampil sebagai situs slot gacor resmi yang gampang diikuti dengan akses permainan slot gacor yang dirapikan, ringkasan jackpot harian, dan catatan RTP yang jelas supaya denah permainannya kebaca.","<a href=""#"">PSG77</a> tampil sebagai situs slot gacor resmi yang gampang diikuti dengan akses permainan slot gacor yang dirapikan, ringkasan jackpot harian, dan catatan RTP yang jelas supaya denah permainannya kebaca.","Intip slot gacor PSG77 hari ini","PSG77 merapikan info RTP dan jackpot slot gacor","Kabar pola maxwin 2026 di situs slot gacor PSG77","PSG77 hadirkan pilihan slot gacor dalam satu lobby","Update jackpot terkini slot gacor PSG77","Apakah pola maxwin di PSG77 wajib diikuti?","Bisakah pindah permainan slot gacor tanpa daftar ulang di PSG77?","Apakah slot gacor PSG77 nyaman di HP?","Bagaimana kalau meja slot gacor di PSG77 terasa dingin?","Apakah PSG77 situs slot gacor yang bisa dicoba hari ini?","Tidak wajib. Pola di PSG77 hanya referensi. Keputusan taruhan tetap di pemain, meja tetap bisa diganti kalau terasa sepi.","Bisa. Slot gacor PSG77 ada di satu akun. Ganti permainan tidak perlu login baru.","Nyaman. Lobby slot gacor PSG77 ringkas di HP, RTP dan jackpot tetap kebaca, sesi bisa dipotong kapan saja.","Pindah permainan di lobby yang sama. PSG77 tidak memaksa bertahan di satu meja kalau ritmenya tidak nyambung.","Ya. PSG77 menata slot gacor dalam satu lobby. Anda bisa cek RTP, pilih permainan, lalu main pelan tanpa pindah situs.","Saya tarik dari PSG77 setelah sesi slot gacor malam ini. Prosesnya rapi, tidak banyak tanya. Besok saya tidak maksa balik kalau mood tidak pas.","Saya chat PSG77 soal permainan yang RTP-nya tidak muncul. Dijawab singkat, lalu saya pilih slot gacor lain. Alurnya manusiawi, tidak bertele.","Saya bawa PSG77 dari browser ke HP, slot gacor-nya tetap ada. Jackpot yang tadi saya lihat masih kebaca. Tidak perlu akun kedua.","Saya set limit sebelum buka slot gacor PSG77. Pas nyentuh, saya berhenti meski masih ingin spin. Disiplin itu yang saya bawa dari sesi ini.","Saya buka PSG77 karena cari situs slot gacor yang denahnya jelas. RTP-nya kebaca, saya pilih satu permainan lalu main pelan. Habis ada naik tipis, saya tarik dan tidak nambah sesi.","Rina Wulandari","Arif Rahman","Sinta Dewi","Fajar Nugroho","Budi Hartono","PSG77 login","PSG77 daftar","Alternatif PSG77","PSG77 link login","PSG77 slot online"
"contact-us-conference","BOSWIN123","BOSWIN123 Jangan Buka Lagi abis Logout x Contact Us Conference","BOSWIN123 menghadirkan situs slot gacor dengan pintu masuk yang pendek dengan akses permainan slot gacor yang dirapikan, ringkasan jackpot harian, dan catatan RTP yang jelas biar gak nyasar pindah situs.","<a href=""#"">BOSWIN123</a> menghadirkan situs slot gacor dengan pintu masuk yang pendek dengan akses permainan slot gacor yang dirapikan, ringkasan jackpot harian, dan catatan RTP yang jelas biar gak nyasar pindah situs.","Yuk cek slot gacor BOSWIN123 hari ini","BOSWIN123 merapikan info RTP dan jackpot slot gacor","Kabar pola maxwin 2026 di situs slot gacor BOSWIN123","BOSWIN123 hadirkan pilihan slot gacor dalam satu lobby","Update jackpot terkini slot gacor BOSWIN123","Bisakah pindah permainan slot gacor tanpa daftar ulang di BOSWIN123?","Apakah slot gacor BOSWIN123 nyaman di HP?","Bagaimana kalau meja slot gacor di BOSWIN123 terasa dingin?","Apakah BOSWIN123 situs slot gacor yang bisa dicoba hari ini?","Bagaimana cara mulai main slot gacor di BOSWIN123?","Bisa. Slot gacor BOSWIN123 ada di satu akun. Ganti permainan tidak perlu login baru.","Nyaman. Lobby slot gacor BOSWIN123 ringkas di HP, RTP dan jackpot tetap kebaca, sesi bisa dipotong kapan saja.","Pindah permainan di lobby yang sama. BOSWIN123 tidak memaksa bertahan di satu meja kalau ritmenya tidak nyambung.","Ya. BOSWIN123 menata slot gacor dalam satu lobby. Anda bisa cek RTP, pilih permainan, lalu main pelan tanpa pindah situs.","Masuk BOSWIN123, pilih permainan slot gacor yang ingin dijajal, mulai dengan taruhan kecil. RTP dan info jackpot ada sebelum sesi berjalan.","Saya coba slot gacor di BOSWIN123 dengan taruhan kecil dulu. Pola yang tampil saya anggap catatan, bukan jaminan. Sesi itu cukup buat ngerasain mejanya, lalu saya tutup.","Saya lihat info jackpot di BOSWIN123 sebelum spin. Bukan angka gila, tapi cukup buat nentuin mau lanjut atau pindah. Slot gacor-nya terasa rapi, tidak berisik.","Saya pindah permainan slot gacor di BOSWIN123 setelah yang pertama sepi. Lobby-nya satu pintu, gak logout. RTP meja kedua lebih nyambung, saya stop pas sudah plus tipis.","Saya main slot gacor BOSWIN123 di HP sambil nunggu. Grafiknya ringan, jackpot dan RTP tetap kelihatan. Sesi pendek, saya tidak dipaksa gas besar.","Saya sempat ragu pola maxwin di BOSWIN123. Setelah dicoba, itu hanya panduan. Yang saya pakai justru pilih meja pelan dan tarik begitu sudah cukup.","Andi Saputra","Rizky Pratama","Putri Ayu","Fajar Nugroho","Sinta Dewi","BOSWIN123 login","BOSWIN123 daftar","Alternatif BOSWIN123","BOSWIN123 slot","BOSWIN123 rtp"
"speakers-conference","SLOT777","SLOT777 Hadir di Sesi yang Cuma Modal Receh x Speakers Conference","SLOT777 siap dipakai sebagai situs slot gacor untuk main pelan hari ini dengan pilihan meja yang gampang dicari, kabar jackpot terkini, dan RTP yang bisa dicek dengan bantuan yang tetap bisa dihubungi.","<a href=""#"">SLOT777</a> siap dipakai sebagai situs slot gacor untuk main pelan hari ini dengan pilihan meja yang gampang dicari, kabar jackpot terkini, dan RTP yang bisa dicek dengan bantuan yang tetap bisa dihubungi.","Jangan lewatkan slot gacor SLOT777 hari ini","SLOT777 merapikan info RTP dan jackpot slot gacor","Kabar pola maxwin 2026 di situs slot gacor SLOT777","SLOT777 hadirkan pilihan slot gacor dalam satu lobby","Update jackpot terkini slot gacor SLOT777","Apakah slot gacor SLOT777 nyaman di HP?","Bagaimana kalau meja slot gacor di SLOT777 terasa dingin?","Apakah SLOT777 situs slot gacor yang bisa dicoba hari ini?","Bagaimana cara mulai main slot gacor di SLOT777?","Apakah RTP slot gacor di SLOT777 bisa dilihat?","Nyaman. Lobby slot gacor SLOT777 ringkas di HP, RTP dan jackpot tetap kebaca, sesi bisa dipotong kapan saja.","Pindah permainan di lobby yang sama. SLOT777 tidak memaksa bertahan di satu meja kalau ritmenya tidak nyambung.","Ya. SLOT777 menata slot gacor dalam satu lobby. Anda bisa cek RTP, pilih permainan, lalu main pelan tanpa pindah situs.","Masuk SLOT777, pilih permainan slot gacor yang ingin dijajal, mulai dengan taruhan kecil. RTP dan info jackpot ada sebelum sesi berjalan.","Bisa. SLOT777 menampilkan ringkasan RTP supaya pemain punya acuan pilih meja, bukan janji menang terus.","Saya daftar SLOT777 lalu langsung ke slot gacor, tidak muter halaman. Info jackpot 2026-nya kebaca. Saya kunci sesi sebelum jadi lama.","Saya banding RTP beberapa permainan di SLOT777. Yang lebih tinggi saya jajal dulu. Slot gacor-nya tidak janji menang terus, dan itu yang bikin saya tenang.","Saya tarik dari SLOT777 setelah sesi slot gacor malam ini. Prosesnya rapi, tidak banyak tanya. Besok saya tidak maksa balik kalau mood tidak pas.","Saya chat SLOT777 soal permainan yang RTP-nya tidak muncul. Dijawab singkat, lalu saya pilih slot gacor lain. Alurnya manusiawi, tidak bertele.","Saya bawa SLOT777 dari browser ke HP, slot gacor-nya tetap ada. Jackpot yang tadi saya lihat masih kebaca. Tidak perlu akun kedua.","Putri Ayu","Andi Saputra","Arif Rahman","Agus Wijaya","Dewi Anggraini","SLOT777 login","SLOT777 daftar","Alternatif SLOT777","SLOT777 link","SLOT777 masuk"
"sessions-conference","JAGO168","JAGO168 Sesi Nunggu Anak Tidur Mute x Sessions Conference","JAGO168 berdiri sebagai situs slot gacor yang menata permainan dalam satu lobby dengan pilihan meja yang gampang dicari, kabar jackpot terkini, dan RTP yang bisa dicek untuk main di HP maupun browser.","<a href=""#"">JAGO168</a> berdiri sebagai situs slot gacor yang menata permainan dalam satu lobby dengan pilihan meja yang gampang dicari, kabar jackpot terkini, dan RTP yang bisa dicek untuk main di HP maupun browser.","Kabar slot gacor JAGO168 hari ini","JAGO168 merapikan info RTP dan jackpot slot gacor","Kabar pola maxwin 2026 di situs slot gacor JAGO168","JAGO168 hadirkan pilihan slot gacor dalam satu lobby","Update jackpot terkini slot gacor JAGO168","Bagaimana kalau meja slot gacor di JAGO168 terasa dingin?","Apakah JAGO168 situs slot gacor yang bisa dicoba hari ini?","Bagaimana cara mulai main slot gacor di JAGO168?","Apakah RTP slot gacor di JAGO168 bisa dilihat?","Bagaimana info jackpot di JAGO168 diperbarui?","Pindah permainan di lobby yang sama. JAGO168 tidak memaksa bertahan di satu meja kalau ritmenya tidak nyambung.","Ya. JAGO168 menata slot gacor dalam satu lobby. Anda bisa cek RTP, pilih permainan, lalu main pelan tanpa pindah situs.","Masuk JAGO168, pilih permainan slot gacor yang ingin dijajal, mulai dengan taruhan kecil. RTP dan info jackpot ada sebelum sesi berjalan.","Bisa. JAGO168 menampilkan ringkasan RTP supaya pemain punya acuan pilih meja, bukan janji menang terus.","Informasi jackpot di JAGO168 disusun agar kebaca sebelum main. Angkanya jadi pantauan, bukan slogan di judul.","Saya set limit sebelum buka slot gacor JAGO168. Pas nyentuh, saya berhenti meski masih ingin spin. Disiplin itu yang saya bawa dari sesi ini.","Saya buka JAGO168 karena cari situs slot gacor yang denahnya jelas. RTP-nya kebaca, saya pilih satu permainan lalu main pelan. Habis ada naik tipis, saya tarik dan tidak nambah sesi.","Saya coba slot gacor di JAGO168 dengan taruhan kecil dulu. Pola yang tampil saya anggap catatan, bukan jaminan. Sesi itu cukup buat ngerasain mejanya, lalu saya tutup.","Saya lihat info jackpot di JAGO168 sebelum spin. Bukan angka gila, tapi cukup buat nentuin mau lanjut atau pindah. Slot gacor-nya terasa rapi, tidak berisik.","Saya pindah permainan slot gacor di JAGO168 setelah yang pertama sepi. Lobby-nya satu pintu, gak logout. RTP meja kedua lebih nyambung, saya stop pas sudah plus tipis.","Yoga Prasetyo","Dinda Lestari","Sinta Dewi","Bayu Firmansyah","Fajar Nugroho","JAGO168 login","JAGO168 daftar","Alternatif JAGO168","JAGO168 official","JAGO168 apk"
"buy-passes-conference","NET77","NET77 Kabar Server Drop yang Reconnect Cepet x Buy Passes Conference","NET77 hadir sebagai situs slot gacor gampang menang hari ini dengan info RTP yang kebaca sebelum mulai, kabar jackpot terkini, dan RTP yang bisa dicek.","<a href=""#"">NET77</a> hadir sebagai situs slot gacor gampang menang hari ini dengan info RTP yang kebaca sebelum mulai, kabar jackpot terkini, dan RTP yang bisa dicek.","Update slot gacor NET77 hari ini","NET77 merapikan info RTP dan jackpot slot gacor","Kabar pola maxwin 2026 di situs slot gacor NET77","NET77 hadirkan pilihan slot gacor dalam satu lobby","Update jackpot terkini slot gacor NET77","Apakah NET77 situs slot gacor yang bisa dicoba hari ini?","Bagaimana cara mulai main slot gacor di NET77?","Apakah RTP slot gacor di NET77 bisa dilihat?","Bagaimana info jackpot di NET77 diperbarui?","Apakah pola maxwin di NET77 wajib diikuti?","Ya. NET77 menata slot gacor dalam satu lobby. Anda bisa cek RTP, pilih permainan, lalu main pelan tanpa pindah situs.","Masuk NET77, pilih permainan slot gacor yang ingin dijajal, mulai dengan taruhan kecil. RTP dan info jackpot ada sebelum sesi berjalan.","Bisa. NET77 menampilkan ringkasan RTP supaya pemain punya acuan pilih meja, bukan janji menang terus.","Informasi jackpot di NET77 disusun agar kebaca sebelum main. Angkanya jadi pantauan, bukan slogan di judul.","Tidak wajib. Pola di NET77 hanya referensi. Keputusan taruhan tetap di pemain, meja tetap bisa diganti kalau terasa sepi.","Saya main slot gacor NET77 di HP sambil nunggu. Grafiknya ringan, jackpot dan RTP tetap kelihatan. Sesi pendek, saya tidak dipaksa gas besar.","Saya sempat ragu pola maxwin di NET77. Setelah dicoba, itu hanya panduan. Yang saya pakai justru pilih meja pelan dan tarik begitu sudah cukup.","Saya daftar NET77 lalu langsung ke slot gacor, tidak muter halaman. Info jackpot 2026-nya kebaca. Saya kunci sesi sebelum jadi lama.","Saya banding RTP beberapa permainan di NET77. Yang lebih tinggi saya jajal dulu. Slot gacor-nya tidak janji menang terus, dan itu yang bikin saya tenang.","Saya tarik dari NET77 setelah sesi slot gacor malam ini. Prosesnya rapi, tidak banyak tanya. Besok saya tidak maksa balik kalau mood tidak pas.","Agus Wijaya","Andi Saputra","Sinta Dewi","Budi Hartono","Citra Melati","NET77 login","NET77 daftar","Alternatif NET77","link alternatif NET77","NET77 wap"
"workshops-conference","POROS77","POROS77 Coba Tulis Limit di Notes dulu x Workshops Conference","POROS77 dikenal sebagai situs slot gacor yang nyaman dijajal hari ini dengan info RTP yang kebaca sebelum mulai, info jackpot yang diperbarui, dan RTP yang transparan tanpa banyak slogan.","<a href=""#"">POROS77</a> dikenal sebagai situs slot gacor yang nyaman dijajal hari ini dengan info RTP yang kebaca sebelum mulai, info jackpot yang diperbarui, dan RTP yang transparan tanpa banyak slogan.","Intip slot gacor POROS77 hari ini","POROS77 merapikan info RTP dan jackpot slot gacor","Kabar pola maxwin 2026 di situs slot gacor POROS77","POROS77 hadirkan pilihan slot gacor dalam satu lobby","Update jackpot terkini slot gacor POROS77","Bagaimana cara mulai main slot gacor di POROS77?","Apakah RTP slot gacor di POROS77 bisa dilihat?","Bagaimana info jackpot di POROS77 diperbarui?","Apakah pola maxwin di POROS77 wajib diikuti?","Bisakah pindah permainan slot gacor tanpa daftar ulang di POROS77?","Masuk POROS77, pilih permainan slot gacor yang ingin dijajal, mulai dengan taruhan kecil. RTP dan info jackpot ada sebelum sesi berjalan.","Bisa. POROS77 menampilkan ringkasan RTP supaya pemain punya acuan pilih meja, bukan janji menang terus.","Informasi jackpot di POROS77 disusun agar kebaca sebelum main. Angkanya jadi pantauan, bukan slogan di judul.","Tidak wajib. Pola di POROS77 hanya referensi. Keputusan taruhan tetap di pemain, meja tetap bisa diganti kalau terasa sepi.","Bisa. Slot gacor POROS77 ada di satu akun. Ganti permainan tidak perlu login baru.","Saya chat POROS77 soal permainan yang RTP-nya tidak muncul. Dijawab singkat, lalu saya pilih slot gacor lain. Alurnya manusiawi, tidak bertele.","Saya bawa POROS77 dari browser ke HP, slot gacor-nya tetap ada. Jackpot yang tadi saya lihat masih kebaca. Tidak perlu akun kedua.","Saya set limit sebelum buka slot gacor POROS77. Pas nyentuh, saya berhenti meski masih ingin spin. Disiplin itu yang saya bawa dari sesi ini.","Saya buka POROS77 karena cari situs slot gacor yang denahnya jelas. RTP-nya kebaca, saya pilih satu permainan lalu main pelan. Habis ada naik tipis, saya tarik dan tidak nambah sesi.","Saya coba slot gacor di POROS77 dengan taruhan kecil dulu. Pola yang tampil saya anggap catatan, bukan jaminan. Sesi itu cukup buat ngerasain mejanya, lalu saya tutup.","Agus Wijaya","Rina Wulandari","Dewi Anggraini","Eko Santoso","Andi Saputra","POROS77 login","POROS77 daftar","Alternatif POROS77","POROS77 gacor","situs POROS77"
"business-events-conference","BINGO4D","BINGO4D Update Game Favorit yang Gak Diubah Aneh x Business Events Conference","BINGO4D menjadi pilihan situs slot gacor buat sesi harian dengan katalog permainan yang tidak tercecer, info jackpot yang diperbarui, dan RTP yang transparan untuk pemain yang mau coba dulu.","<a href=""#"">BINGO4D</a> menjadi pilihan situs slot gacor buat sesi harian dengan katalog permainan yang tidak tercecer, info jackpot yang diperbarui, dan RTP yang transparan untuk pemain yang mau coba dulu.","Yuk cek slot gacor BINGO4D hari ini","BINGO4D merapikan info RTP dan jackpot slot gacor","Kabar pola maxwin 2026 di situs slot gacor BINGO4D","BINGO4D hadirkan pilihan slot gacor dalam satu lobby","Update jackpot terkini slot gacor BINGO4D","Apakah RTP slot gacor di BINGO4D bisa dilihat?","Bagaimana info jackpot di BINGO4D diperbarui?","Apakah pola maxwin di BINGO4D wajib diikuti?","Bisakah pindah permainan slot gacor tanpa daftar ulang di BINGO4D?","Apakah slot gacor BINGO4D nyaman di HP?","Bisa. BINGO4D menampilkan ringkasan RTP supaya pemain punya acuan pilih meja, bukan janji menang terus.","Informasi jackpot di BINGO4D disusun agar kebaca sebelum main. Angkanya jadi pantauan, bukan slogan di judul.","Tidak wajib. Pola di BINGO4D hanya referensi. Keputusan taruhan tetap di pemain, meja tetap bisa diganti kalau terasa sepi.","Bisa. Slot gacor BINGO4D ada di satu akun. Ganti permainan tidak perlu login baru.","Nyaman. Lobby slot gacor BINGO4D ringkas di HP, RTP dan jackpot tetap kebaca, sesi bisa dipotong kapan saja.","Saya lihat info jackpot di BINGO4D sebelum spin. Bukan angka gila, tapi cukup buat nentuin mau lanjut atau pindah. Slot gacor-nya terasa rapi, tidak berisik.","Saya pindah permainan slot gacor di BINGO4D setelah yang pertama sepi. Lobby-nya satu pintu, gak logout. RTP meja kedua lebih nyambung, saya stop pas sudah plus tipis.","Saya main slot gacor BINGO4D di HP sambil nunggu. Grafiknya ringan, jackpot dan RTP tetap kelihatan. Sesi pendek, saya tidak dipaksa gas besar.","Saya sempat ragu pola maxwin di BINGO4D. Setelah dicoba, itu hanya panduan. Yang saya pakai justru pilih meja pelan dan tarik begitu sudah cukup.","Saya daftar BINGO4D lalu langsung ke slot gacor, tidak muter halaman. Info jackpot 2026-nya kebaca. Saya kunci sesi sebelum jadi lama.","Fajar Nugroho","Budi Hartono","Rina Wulandari","Aldi Salim","Nisa Fadilah","BINGO4D login","BINGO4D daftar","Alternatif BINGO4D","BINGO4D slot gacor","BINGO4D terpercaya"
"video-marketing-events-conference","DEWI11","DEWI11 Yuk Tarik Semua yang Naik x Video Marketing Events Conference","DEWI11 menyediakan akses situs slot gacor dengan alur yang ringkas dengan katalog permainan yang tidak tercecer, info jackpot yang diperbarui, dan RTP yang transparan dengan sesi yang bisa ditutup kapan saja.","<a href=""#"">DEWI11</a> menyediakan akses situs slot gacor dengan alur yang ringkas dengan katalog permainan yang tidak tercecer, info jackpot yang diperbarui, dan RTP yang transparan dengan sesi yang bisa ditutup kapan saja.","Jangan lewatkan slot gacor DEWI11 hari ini","DEWI11 merapikan info RTP dan jackpot slot gacor","Kabar pola maxwin 2026 di situs slot gacor DEWI11","DEWI11 hadirkan pilihan slot gacor dalam satu lobby","Update jackpot terkini slot gacor DEWI11","Bagaimana info jackpot di DEWI11 diperbarui?","Apakah pola maxwin di DEWI11 wajib diikuti?","Bisakah pindah permainan slot gacor tanpa daftar ulang di DEWI11?","Apakah slot gacor DEWI11 nyaman di HP?","Bagaimana kalau meja slot gacor di DEWI11 terasa dingin?","Informasi jackpot di DEWI11 disusun agar kebaca sebelum main. Angkanya jadi pantauan, bukan slogan di judul.","Tidak wajib. Pola di DEWI11 hanya referensi. Keputusan taruhan tetap di pemain, meja tetap bisa diganti kalau terasa sepi.","Bisa. Slot gacor DEWI11 ada di satu akun. Ganti permainan tidak perlu login baru.","Nyaman. Lobby slot gacor DEWI11 ringkas di HP, RTP dan jackpot tetap kebaca, sesi bisa dipotong kapan saja.","Pindah permainan di lobby yang sama. DEWI11 tidak memaksa bertahan di satu meja kalau ritmenya tidak nyambung.","Saya banding RTP beberapa permainan di DEWI11. Yang lebih tinggi saya jajal dulu. Slot gacor-nya tidak janji menang terus, dan itu yang bikin saya tenang.","Saya tarik dari DEWI11 setelah sesi slot gacor malam ini. Prosesnya rapi, tidak banyak tanya. Besok saya tidak maksa balik kalau mood tidak pas.","Saya chat DEWI11 soal permainan yang RTP-nya tidak muncul. Dijawab singkat, lalu saya pilih slot gacor lain. Alurnya manusiawi, tidak bertele.","Saya bawa DEWI11 dari browser ke HP, slot gacor-nya tetap ada. Jackpot yang tadi saya lihat masih kebaca. Tidak perlu akun kedua.","Saya set limit sebelum buka slot gacor DEWI11. Pas nyentuh, saya berhenti meski masih ingin spin. Disiplin itu yang saya bawa dari sesi ini.","Citra Melati","Aldi Salim","Ilham Ramadhan","Dimas Kurniawan","Aulia Zahra","DEWI11 login","DEWI11 daftar","Alternatif DEWI11","DEWI11 link login","DEWI11 slot online"
"exhibition-conference","HUJANTOTO","HUJANTOTO Jangan Lewatkan Sesi yang Fair Bukan Gila x Exhibition Conference","HUJANTOTO tampil sebagai situs slot gacor resmi yang gampang diikuti dengan jalur login yang tidak muter-muter, data RTP terkini, dan pantauan jackpot yang rapi supaya denah permainannya kebaca.","<a href=""#"">HUJANTOTO</a> tampil sebagai situs slot gacor resmi yang gampang diikuti dengan jalur login yang tidak muter-muter, data RTP terkini, dan pantauan jackpot yang rapi supaya denah permainannya kebaca.","Kabar slot gacor HUJANTOTO hari ini","HUJANTOTO merapikan info RTP dan jackpot slot gacor","Kabar pola maxwin 2026 di situs slot gacor HUJANTOTO","HUJANTOTO hadirkan pilihan slot gacor dalam satu lobby","Update jackpot terkini slot gacor HUJANTOTO","Apakah pola maxwin di HUJANTOTO wajib diikuti?","Bisakah pindah permainan slot gacor tanpa daftar ulang di HUJANTOTO?","Apakah slot gacor HUJANTOTO nyaman di HP?","Bagaimana kalau meja slot gacor di HUJANTOTO terasa dingin?","Apakah HUJANTOTO situs slot gacor yang bisa dicoba hari ini?","Tidak wajib. Pola di HUJANTOTO hanya referensi. Keputusan taruhan tetap di pemain, meja tetap bisa diganti kalau terasa sepi.","Bisa. Slot gacor HUJANTOTO ada di satu akun. Ganti permainan tidak perlu login baru.","Nyaman. Lobby slot gacor HUJANTOTO ringkas di HP, RTP dan jackpot tetap kebaca, sesi bisa dipotong kapan saja.","Pindah permainan di lobby yang sama. HUJANTOTO tidak memaksa bertahan di satu meja kalau ritmenya tidak nyambung.","Ya. HUJANTOTO menata slot gacor dalam satu lobby. Anda bisa cek RTP, pilih permainan, lalu main pelan tanpa pindah situs.","Saya buka HUJANTOTO karena cari situs slot gacor yang denahnya jelas. RTP-nya kebaca, saya pilih satu permainan lalu main pelan. Habis ada naik tipis, saya tarik dan tidak nambah sesi.","Saya coba slot gacor di HUJANTOTO dengan taruhan kecil dulu. Pola yang tampil saya anggap catatan, bukan jaminan. Sesi itu cukup buat ngerasain mejanya, lalu saya tutup.","Saya lihat info jackpot di HUJANTOTO sebelum spin. Bukan angka gila, tapi cukup buat nentuin mau lanjut atau pindah. Slot gacor-nya terasa rapi, tidak berisik.","Saya pindah permainan slot gacor di HUJANTOTO setelah yang pertama sepi. Lobby-nya satu pintu, gak logout. RTP meja kedua lebih nyambung, saya stop pas sudah plus tipis.","Saya main slot gacor HUJANTOTO di HP sambil nunggu. Grafiknya ringan, jackpot dan RTP tetap kelihatan. Sesi pendek, saya tidak dipaksa gas besar.","Sinta Dewi","Bayu Firmansyah","Andi Saputra","Rafi Maulana","Ayu Rahma","HUJANTOTO login","HUJANTOTO daftar","Alternatif HUJANTOTO","HUJANTOTO slot","HUJANTOTO rtp"
"register-now-conference","KLIK4D","KLIK4D Hadir di Lobby yang Tombolnya Besar x Register Now Conference","KLIK4D menghadirkan situs slot gacor dengan pintu masuk yang pendek dengan jalur login yang tidak muter-muter, data RTP terkini, dan pantauan jackpot yang rapi biar gak nyasar pindah situs.","<a href=""#"">KLIK4D</a> menghadirkan situs slot gacor dengan pintu masuk yang pendek dengan jalur login yang tidak muter-muter, data RTP terkini, dan pantauan jackpot yang rapi biar gak nyasar pindah situs.","Update slot gacor KLIK4D hari ini","KLIK4D merapikan info RTP dan jackpot slot gacor","Kabar pola maxwin 2026 di situs slot gacor KLIK4D","KLIK4D hadirkan pilihan slot gacor dalam satu lobby","Update jackpot terkini slot gacor KLIK4D","Bisakah pindah permainan slot gacor tanpa daftar ulang di KLIK4D?","Apakah slot gacor KLIK4D nyaman di HP?","Bagaimana kalau meja slot gacor di KLIK4D terasa dingin?","Apakah KLIK4D situs slot gacor yang bisa dicoba hari ini?","Bagaimana cara mulai main slot gacor di KLIK4D?","Bisa. Slot gacor KLIK4D ada di satu akun. Ganti permainan tidak perlu login baru.","Nyaman. Lobby slot gacor KLIK4D ringkas di HP, RTP dan jackpot tetap kebaca, sesi bisa dipotong kapan saja.","Pindah permainan di lobby yang sama. KLIK4D tidak memaksa bertahan di satu meja kalau ritmenya tidak nyambung.","Ya. KLIK4D menata slot gacor dalam satu lobby. Anda bisa cek RTP, pilih permainan, lalu main pelan tanpa pindah situs.","Masuk KLIK4D, pilih permainan slot gacor yang ingin dijajal, mulai dengan taruhan kecil. RTP dan info jackpot ada sebelum sesi berjalan.","Saya sempat ragu pola maxwin di KLIK4D. Setelah dicoba, itu hanya panduan. Yang saya pakai justru pilih meja pelan dan tarik begitu sudah cukup.","Saya daftar KLIK4D lalu langsung ke slot gacor, tidak muter halaman. Info jackpot 2026-nya kebaca. Saya kunci sesi sebelum jadi lama.","Saya banding RTP beberapa permainan di KLIK4D. Yang lebih tinggi saya jajal dulu. Slot gacor-nya tidak janji menang terus, dan itu yang bikin saya tenang.","Saya tarik dari KLIK4D setelah sesi slot gacor malam ini. Prosesnya rapi, tidak banyak tanya. Besok saya tidak maksa balik kalau mood tidak pas.","Saya chat KLIK4D soal permainan yang RTP-nya tidak muncul. Dijawab singkat, lalu saya pilih slot gacor lain. Alurnya manusiawi, tidak bertele.","Sinta Dewi","Bayu Firmansyah","Ilham Ramadhan","Dimas Kurniawan","Dinda Lestari","KLIK4D login","KLIK4D daftar","Alternatif KLIK4D","KLIK4D link","KLIK4D masuk"
"buy-tickets-conference","LUNATOGEL","LUNATOGEL Sesi Nunggu Kopi Seduh x Buy Tickets Conference","LUNATOGEL siap dipakai sebagai situs slot gacor untuk main pelan hari ini dengan koleksi slot gacor dari beberapa provider, data RTP terkini, dan pantauan jackpot yang rapi dengan bantuan yang tetap bisa dihubungi.","<a href=""#"">LUNATOGEL</a> siap dipakai sebagai situs slot gacor untuk main pelan hari ini dengan koleksi slot gacor dari beberapa provider, data RTP terkini, dan pantauan jackpot yang rapi dengan bantuan yang tetap bisa dihubungi.","Intip slot gacor LUNATOGEL hari ini","LUNATOGEL merapikan info RTP dan jackpot slot gacor","Kabar pola maxwin 2026 di situs slot gacor LUNATOGEL","LUNATOGEL hadirkan pilihan slot gacor dalam satu lobby","Update jackpot terkini slot gacor LUNATOGEL","Apakah slot gacor LUNATOGEL nyaman di HP?","Bagaimana kalau meja slot gacor di LUNATOGEL terasa dingin?","Apakah LUNATOGEL situs slot gacor yang bisa dicoba hari ini?","Bagaimana cara mulai main slot gacor di LUNATOGEL?","Apakah RTP slot gacor di LUNATOGEL bisa dilihat?","Nyaman. Lobby slot gacor LUNATOGEL ringkas di HP, RTP dan jackpot tetap kebaca, sesi bisa dipotong kapan saja.","Pindah permainan di lobby yang sama. LUNATOGEL tidak memaksa bertahan di satu meja kalau ritmenya tidak nyambung.","Ya. LUNATOGEL menata slot gacor dalam satu lobby. Anda bisa cek RTP, pilih permainan, lalu main pelan tanpa pindah situs.","Masuk LUNATOGEL, pilih permainan slot gacor yang ingin dijajal, mulai dengan taruhan kecil. RTP dan info jackpot ada sebelum sesi berjalan.","Bisa. LUNATOGEL menampilkan ringkasan RTP supaya pemain punya acuan pilih meja, bukan janji menang terus.","Saya bawa LUNATOGEL dari browser ke HP, slot gacor-nya tetap ada. Jackpot yang tadi saya lihat masih kebaca. Tidak perlu akun kedua.","Saya set limit sebelum buka slot gacor LUNATOGEL. Pas nyentuh, saya berhenti meski masih ingin spin. Disiplin itu yang saya bawa dari sesi ini.","Saya buka LUNATOGEL karena cari situs slot gacor yang denahnya jelas. RTP-nya kebaca, saya pilih satu permainan lalu main pelan. Habis ada naik tipis, saya tarik dan tidak nambah sesi.","Saya coba slot gacor di LUNATOGEL dengan taruhan kecil dulu. Pola yang tampil saya anggap catatan, bukan jaminan. Sesi itu cukup buat ngerasain mejanya, lalu saya tutup.","Saya lihat info jackpot di LUNATOGEL sebelum spin. Bukan angka gila, tapi cukup buat nentuin mau lanjut atau pindah. Slot gacor-nya terasa rapi, tidak berisik.","Agus Wijaya","Citra Melati","Rizky Pratama","Budi Hartono","Ayu Rahma","LUNATOGEL login","LUNATOGEL daftar","Alternatif LUNATOGEL","LUNATOGEL official","LUNATOGEL apk"
"about-digimarcon-conference","GARITOTO","GARITOTO Kabar Pending Nol yang Bikin Kaget x About DigiMarCon Conference","GARITOTO berdiri sebagai situs slot gacor yang menata permainan dalam satu lobby dengan koleksi slot gacor dari beberapa provider, update jackpot 2026, dan RTP yang tidak disembunyiin untuk main di HP maupun browser.","<a href=""#"">GARITOTO</a> berdiri sebagai situs slot gacor yang menata permainan dalam satu lobby dengan koleksi slot gacor dari beberapa provider, update jackpot 2026, dan RTP yang tidak disembunyiin untuk main di HP maupun browser.","Yuk cek slot gacor GARITOTO hari ini","GARITOTO merapikan info RTP dan jackpot slot gacor","Kabar pola maxwin 2026 di situs slot gacor GARITOTO","GARITOTO hadirkan pilihan slot gacor dalam satu lobby","Update jackpot terkini slot gacor GARITOTO","Bagaimana kalau meja slot gacor di GARITOTO terasa dingin?","Apakah GARITOTO situs slot gacor yang bisa dicoba hari ini?","Bagaimana cara mulai main slot gacor di GARITOTO?","Apakah RTP slot gacor di GARITOTO bisa dilihat?","Bagaimana info jackpot di GARITOTO diperbarui?","Pindah permainan di lobby yang sama. GARITOTO tidak memaksa bertahan di satu meja kalau ritmenya tidak nyambung.","Ya. GARITOTO menata slot gacor dalam satu lobby. Anda bisa cek RTP, pilih permainan, lalu main pelan tanpa pindah situs.","Masuk GARITOTO, pilih permainan slot gacor yang ingin dijajal, mulai dengan taruhan kecil. RTP dan info jackpot ada sebelum sesi berjalan.","Bisa. GARITOTO menampilkan ringkasan RTP supaya pemain punya acuan pilih meja, bukan janji menang terus.","Informasi jackpot di GARITOTO disusun agar kebaca sebelum main. Angkanya jadi pantauan, bukan slogan di judul.","Saya pindah permainan slot gacor di GARITOTO setelah yang pertama sepi. Lobby-nya satu pintu, gak logout. RTP meja kedua lebih nyambung, saya stop pas sudah plus tipis.","Saya main slot gacor GARITOTO di HP sambil nunggu. Grafiknya ringan, jackpot dan RTP tetap kelihatan. Sesi pendek, saya tidak dipaksa gas besar.","Saya sempat ragu pola maxwin di GARITOTO. Setelah dicoba, itu hanya panduan. Yang saya pakai justru pilih meja pelan dan tarik begitu sudah cukup.","Saya daftar GARITOTO lalu langsung ke slot gacor, tidak muter halaman. Info jackpot 2026-nya kebaca. Saya kunci sesi sebelum jadi lama.","Saya banding RTP beberapa permainan di GARITOTO. Yang lebih tinggi saya jajal dulu. Slot gacor-nya tidak janji menang terus, dan itu yang bikin saya tenang.","Yoga Prasetyo","Fajar Nugroho","Nisa Fadilah","Mutiara Kartika","Rafi Maulana","GARITOTO login","GARITOTO daftar","Alternatif GARITOTO","link alternatif GARITOTO","GARITOTO wap"
"sponsorship-inquiries-conference","RUPIAHBET","RUPIAHBET Coba Gak Turbo biar Tiap Putaran Kebaca x Sponsorship Inquiries Conference","RUPIAHBET hadir sebagai situs slot gacor gampang menang hari ini dengan link pola maxwin terbaru 2026, update jackpot 2026, dan RTP yang tidak disembunyiin.","<a href=""#"">RUPIAHBET</a> hadir sebagai situs slot gacor gampang menang hari ini dengan link pola maxwin terbaru 2026, update jackpot 2026, dan RTP yang tidak disembunyiin.","Jangan lewatkan slot gacor RUPIAHBET hari ini","RUPIAHBET merapikan info RTP dan jackpot slot gacor","Kabar pola maxwin 2026 di situs slot gacor RUPIAHBET","RUPIAHBET hadirkan pilihan slot gacor dalam satu lobby","Update jackpot terkini slot gacor RUPIAHBET","Apakah RUPIAHBET situs slot gacor yang bisa dicoba hari ini?","Bagaimana cara mulai main slot gacor di RUPIAHBET?","Apakah RTP slot gacor di RUPIAHBET bisa dilihat?","Bagaimana info jackpot di RUPIAHBET diperbarui?","Apakah pola maxwin di RUPIAHBET wajib diikuti?","Ya. RUPIAHBET menata slot gacor dalam satu lobby. Anda bisa cek RTP, pilih permainan, lalu main pelan tanpa pindah situs.","Masuk RUPIAHBET, pilih permainan slot gacor yang ingin dijajal, mulai dengan taruhan kecil. RTP dan info jackpot ada sebelum sesi berjalan.","Bisa. RUPIAHBET menampilkan ringkasan RTP supaya pemain punya acuan pilih meja, bukan janji menang terus.","Informasi jackpot di RUPIAHBET disusun agar kebaca sebelum main. Angkanya jadi pantauan, bukan slogan di judul.","Tidak wajib. Pola di RUPIAHBET hanya referensi. Keputusan taruhan tetap di pemain, meja tetap bisa diganti kalau terasa sepi.","Saya tarik dari RUPIAHBET setelah sesi slot gacor malam ini. Prosesnya rapi, tidak banyak tanya. Besok saya tidak maksa balik kalau mood tidak pas.","Saya chat RUPIAHBET soal permainan yang RTP-nya tidak muncul. Dijawab singkat, lalu saya pilih slot gacor lain. Alurnya manusiawi, tidak bertele.","Saya bawa RUPIAHBET dari browser ke HP, slot gacor-nya tetap ada. Jackpot yang tadi saya lihat masih kebaca. Tidak perlu akun kedua.","Saya set limit sebelum buka slot gacor RUPIAHBET. Pas nyentuh, saya berhenti meski masih ingin spin. Disiplin itu yang saya bawa dari sesi ini.","Saya buka RUPIAHBET karena cari situs slot gacor yang denahnya jelas. RTP-nya kebaca, saya pilih satu permainan lalu main pelan. Habis ada naik tipis, saya tarik dan tidak nambah sesi.","Arif Rahman","Citra Melati","Dimas Kurniawan","Rafi Maulana","Aulia Zahra","RUPIAHBET login","RUPIAHBET daftar","Alternatif RUPIAHBET","RUPIAHBET gacor","situs RUPIAHBET"
"speaker-requests-conference","OBRALTOTO","OBRALTOTO Update Riwayat yang Cocok sama WD x Speaker Requests Conference","OBRALTOTO dikenal sebagai situs slot gacor yang nyaman dijajal hari ini dengan link pola maxwin terbaru 2026, update jackpot 2026, dan RTP yang tidak disembunyiin tanpa banyak slogan.","<a href=""#"">OBRALTOTO</a> dikenal sebagai situs slot gacor yang nyaman dijajal hari ini dengan link pola maxwin terbaru 2026, update jackpot 2026, dan RTP yang tidak disembunyiin tanpa banyak slogan.","Kabar slot gacor OBRALTOTO hari ini","OBRALTOTO merapikan info RTP dan jackpot slot gacor","Kabar pola maxwin 2026 di situs slot gacor OBRALTOTO","OBRALTOTO hadirkan pilihan slot gacor dalam satu lobby","Update jackpot terkini slot gacor OBRALTOTO","Bagaimana cara mulai main slot gacor di OBRALTOTO?","Apakah RTP slot gacor di OBRALTOTO bisa dilihat?","Bagaimana info jackpot di OBRALTOTO diperbarui?","Apakah pola maxwin di OBRALTOTO wajib diikuti?","Bisakah pindah permainan slot gacor tanpa daftar ulang di OBRALTOTO?","Masuk OBRALTOTO, pilih permainan slot gacor yang ingin dijajal, mulai dengan taruhan kecil. RTP dan info jackpot ada sebelum sesi berjalan.","Bisa. OBRALTOTO menampilkan ringkasan RTP supaya pemain punya acuan pilih meja, bukan janji menang terus.","Informasi jackpot di OBRALTOTO disusun agar kebaca sebelum main. Angkanya jadi pantauan, bukan slogan di judul.","Tidak wajib. Pola di OBRALTOTO hanya referensi. Keputusan taruhan tetap di pemain, meja tetap bisa diganti kalau terasa sepi.","Bisa. Slot gacor OBRALTOTO ada di satu akun. Ganti permainan tidak perlu login baru.","Saya coba slot gacor di OBRALTOTO dengan taruhan kecil dulu. Pola yang tampil saya anggap catatan, bukan jaminan. Sesi itu cukup buat ngerasain mejanya, lalu saya tutup.","Saya lihat info jackpot di OBRALTOTO sebelum spin. Bukan angka gila, tapi cukup buat nentuin mau lanjut atau pindah. Slot gacor-nya terasa rapi, tidak berisik.","Saya pindah permainan slot gacor di OBRALTOTO setelah yang pertama sepi. Lobby-nya satu pintu, gak logout. RTP meja kedua lebih nyambung, saya stop pas sudah plus tipis.","Saya main slot gacor OBRALTOTO di HP sambil nunggu. Grafiknya ringan, jackpot dan RTP tetap kelihatan. Sesi pendek, saya tidak dipaksa gas besar.","Saya sempat ragu pola maxwin di OBRALTOTO. Setelah dicoba, itu hanya panduan. Yang saya pakai justru pilih meja pelan dan tarik begitu sudah cukup.","Eko Santoso","Dinda Lestari","Andi Saputra","Yoga Prasetyo","Sinta Dewi","OBRALTOTO login","OBRALTOTO daftar","Alternatif OBRALTOTO","OBRALTOTO slot gacor","OBRALTOTO terpercaya"
"volunteer-applications-conference","CUPANGJP","CUPANGJP Yuk Stop sebelum Serakah x Volunteer Applications Conference","CUPANGJP menjadi pilihan situs slot gacor buat sesi harian dengan pembaruan pola main yang dibahas tahun 2026, informasi jackpot yang mudah dibaca, dan RTP yang membantu pilih meja untuk pemain yang mau coba dulu.","<a href=""#"">CUPANGJP</a> menjadi pilihan situs slot gacor buat sesi harian dengan pembaruan pola main yang dibahas tahun 2026, informasi jackpot yang mudah dibaca, dan RTP yang membantu pilih meja untuk pemain yang mau coba dulu.","Update slot gacor CUPANGJP hari ini","CUPANGJP merapikan info RTP dan jackpot slot gacor","Kabar pola maxwin 2026 di situs slot gacor CUPANGJP","CUPANGJP hadirkan pilihan slot gacor dalam satu lobby","Update jackpot terkini slot gacor CUPANGJP","Apakah RTP slot gacor di CUPANGJP bisa dilihat?","Bagaimana info jackpot di CUPANGJP diperbarui?","Apakah pola maxwin di CUPANGJP wajib diikuti?","Bisakah pindah permainan slot gacor tanpa daftar ulang di CUPANGJP?","Apakah slot gacor CUPANGJP nyaman di HP?","Bisa. CUPANGJP menampilkan ringkasan RTP supaya pemain punya acuan pilih meja, bukan janji menang terus.","Informasi jackpot di CUPANGJP disusun agar kebaca sebelum main. Angkanya jadi pantauan, bukan slogan di judul.","Tidak wajib. Pola di CUPANGJP hanya referensi. Keputusan taruhan tetap di pemain, meja tetap bisa diganti kalau terasa sepi.","Bisa. Slot gacor CUPANGJP ada di satu akun. Ganti permainan tidak perlu login baru.","Nyaman. Lobby slot gacor CUPANGJP ringkas di HP, RTP dan jackpot tetap kebaca, sesi bisa dipotong kapan saja.","Saya daftar CUPANGJP lalu langsung ke slot gacor, tidak muter halaman. Info jackpot 2026-nya kebaca. Saya kunci sesi sebelum jadi lama.","Saya banding RTP beberapa permainan di CUPANGJP. Yang lebih tinggi saya jajal dulu. Slot gacor-nya tidak janji menang terus, dan itu yang bikin saya tenang.","Saya tarik dari CUPANGJP setelah sesi slot gacor malam ini. Prosesnya rapi, tidak banyak tanya. Besok saya tidak maksa balik kalau mood tidak pas.","Saya chat CUPANGJP soal permainan yang RTP-nya tidak muncul. Dijawab singkat, lalu saya pilih slot gacor lain. Alurnya manusiawi, tidak bertele.","Saya bawa CUPANGJP dari browser ke HP, slot gacor-nya tetap ada. Jackpot yang tadi saya lihat masih kebaca. Tidak perlu akun kedua.","Dimas Kurniawan","Fajar Nugroho","Hendra Gunawan","Aulia Zahra","Rina Wulandari","CUPANGJP login","CUPANGJP daftar","Alternatif CUPANGJP","CUPANGJP link login","CUPANGJP slot online"
"faqs-conference","JP1131","JP1131 Jangan Gas Besar Pas Masih Kaku x FAQ's Conference","JP1131 menyediakan akses situs slot gacor dengan alur yang ringkas dengan pembaruan pola main yang dibahas tahun 2026, informasi jackpot yang mudah dibaca, dan RTP yang membantu pilih meja dengan sesi yang bisa ditutup kapan saja.","<a href=""#"">JP1131</a> menyediakan akses situs slot gacor dengan alur yang ringkas dengan pembaruan pola main yang dibahas tahun 2026, informasi jackpot yang mudah dibaca, dan RTP yang membantu pilih meja dengan sesi yang bisa ditutup kapan saja.","Intip slot gacor JP1131 hari ini","JP1131 merapikan info RTP dan jackpot slot gacor","Kabar pola maxwin 2026 di situs slot gacor JP1131","JP1131 hadirkan pilihan slot gacor dalam satu lobby","Update jackpot terkini slot gacor JP1131","Bagaimana info jackpot di JP1131 diperbarui?","Apakah pola maxwin di JP1131 wajib diikuti?","Bisakah pindah permainan slot gacor tanpa daftar ulang di JP1131?","Apakah slot gacor JP1131 nyaman di HP?","Bagaimana kalau meja slot gacor di JP1131 terasa dingin?","Informasi jackpot di JP1131 disusun agar kebaca sebelum main. Angkanya jadi pantauan, bukan slogan di judul.","Tidak wajib. Pola di JP1131 hanya referensi. Keputusan taruhan tetap di pemain, meja tetap bisa diganti kalau terasa sepi.","Bisa. Slot gacor JP1131 ada di satu akun. Ganti permainan tidak perlu login baru.","Nyaman. Lobby slot gacor JP1131 ringkas di HP, RTP dan jackpot tetap kebaca, sesi bisa dipotong kapan saja.","Pindah permainan di lobby yang sama. JP1131 tidak memaksa bertahan di satu meja kalau ritmenya tidak nyambung.","Saya set limit sebelum buka slot gacor JP1131. Pas nyentuh, saya berhenti meski masih ingin spin. Disiplin itu yang saya bawa dari sesi ini.","Saya buka JP1131 karena cari situs slot gacor yang denahnya jelas. RTP-nya kebaca, saya pilih satu permainan lalu main pelan. Habis ada naik tipis, saya tarik dan tidak nambah sesi.","Saya coba slot gacor di JP1131 dengan taruhan kecil dulu. Pola yang tampil saya anggap catatan, bukan jaminan. Sesi itu cukup buat ngerasain mejanya, lalu saya tutup.","Saya lihat info jackpot di JP1131 sebelum spin. Bukan angka gila, tapi cukup buat nentuin mau lanjut atau pindah. Slot gacor-nya terasa rapi, tidak berisik.","Saya pindah permainan slot gacor di JP1131 setelah yang pertama sepi. Lobby-nya satu pintu, gak logout. RTP meja kedua lebih nyambung, saya stop pas sudah plus tipis.","Hendra Gunawan","Nadia Putri","Putri Ayu","Arif Rahman","Eko Santoso","JP1131 login","JP1131 daftar","Alternatif JP1131","JP1131 slot","JP1131 rtp"
"press-passes-conference","HIATOTO","HIATOTO Hadir di Meja yang Lagi Musim x Press Passes Conference","HIATOTO tampil sebagai situs slot gacor resmi yang gampang diikuti dengan akses permainan slot gacor yang dirapikan, informasi jackpot yang mudah dibaca, dan RTP yang membantu pilih meja supaya denah permainannya kebaca.","<a href=""#"">HIATOTO</a> tampil sebagai situs slot gacor resmi yang gampang diikuti dengan akses permainan slot gacor yang dirapikan, informasi jackpot yang mudah dibaca, dan RTP yang membantu pilih meja supaya denah permainannya kebaca.","Yuk cek slot gacor HIATOTO hari ini","HIATOTO merapikan info RTP dan jackpot slot gacor","Kabar pola maxwin 2026 di situs slot gacor HIATOTO","HIATOTO hadirkan pilihan slot gacor dalam satu lobby","Update jackpot terkini slot gacor HIATOTO","Apakah pola maxwin di HIATOTO wajib diikuti?","Bisakah pindah permainan slot gacor tanpa daftar ulang di HIATOTO?","Apakah slot gacor HIATOTO nyaman di HP?","Bagaimana kalau meja slot gacor di HIATOTO terasa dingin?","Apakah HIATOTO situs slot gacor yang bisa dicoba hari ini?","Tidak wajib. Pola di HIATOTO hanya referensi. Keputusan taruhan tetap di pemain, meja tetap bisa diganti kalau terasa sepi.","Bisa. Slot gacor HIATOTO ada di satu akun. Ganti permainan tidak perlu login baru.","Nyaman. Lobby slot gacor HIATOTO ringkas di HP, RTP dan jackpot tetap kebaca, sesi bisa dipotong kapan saja.","Pindah permainan di lobby yang sama. HIATOTO tidak memaksa bertahan di satu meja kalau ritmenya tidak nyambung.","Ya. HIATOTO menata slot gacor dalam satu lobby. Anda bisa cek RTP, pilih permainan, lalu main pelan tanpa pindah situs.","Saya main slot gacor HIATOTO di HP sambil nunggu. Grafiknya ringan, jackpot dan RTP tetap kelihatan. Sesi pendek, saya tidak dipaksa gas besar.","Saya sempat ragu pola maxwin di HIATOTO. Setelah dicoba, itu hanya panduan. Yang saya pakai justru pilih meja pelan dan tarik begitu sudah cukup.","Saya daftar HIATOTO lalu langsung ke slot gacor, tidak muter halaman. Info jackpot 2026-nya kebaca. Saya kunci sesi sebelum jadi lama.","Saya banding RTP beberapa permainan di HIATOTO. Yang lebih tinggi saya jajal dulu. Slot gacor-nya tidak janji menang terus, dan itu yang bikin saya tenang.","Saya tarik dari HIATOTO setelah sesi slot gacor malam ini. Prosesnya rapi, tidak banyak tanya. Besok saya tidak maksa balik kalau mood tidak pas.","Budi Hartono","Bayu Firmansyah","Ayu Rahma","Yoga Prasetyo","Sinta Dewi","HIATOTO login","HIATOTO daftar","Alternatif HIATOTO","HIATOTO link","HIATOTO masuk"
"virtual-pass-conference","COPACOBANA99","COPACOBANA99 Sesi Nunggu Wifi Kost Nyala x Virtual Pass Conference","COPACOBANA99 menghadirkan situs slot gacor dengan pintu masuk yang pendek dengan akses permainan slot gacor yang dirapikan, pantauan RTP, dan kabar jackpot yang tidak berlebihan biar gak nyasar pindah situs.","<a href=""#"">COPACOBANA99</a> menghadirkan situs slot gacor dengan pintu masuk yang pendek dengan akses permainan slot gacor yang dirapikan, pantauan RTP, dan kabar jackpot yang tidak berlebihan biar gak nyasar pindah situs.","Jangan lewatkan slot gacor COPACOBANA99 hari ini","COPACOBANA99 merapikan info RTP dan jackpot slot gacor","Kabar pola maxwin 2026 di situs slot gacor COPACOBANA99","COPACOBANA99 hadirkan pilihan slot gacor dalam satu lobby","Update jackpot terkini slot gacor COPACOBANA99","Bisakah pindah permainan slot gacor tanpa daftar ulang di COPACOBANA99?","Apakah slot gacor COPACOBANA99 nyaman di HP?","Bagaimana kalau meja slot gacor di COPACOBANA99 terasa dingin?","Apakah COPACOBANA99 situs slot gacor yang bisa dicoba hari ini?","Bagaimana cara mulai main slot gacor di COPACOBANA99?","Bisa. Slot gacor COPACOBANA99 ada di satu akun. Ganti permainan tidak perlu login baru.","Nyaman. Lobby slot gacor COPACOBANA99 ringkas di HP, RTP dan jackpot tetap kebaca, sesi bisa dipotong kapan saja.","Pindah permainan di lobby yang sama. COPACOBANA99 tidak memaksa bertahan di satu meja kalau ritmenya tidak nyambung.","Ya. COPACOBANA99 menata slot gacor dalam satu lobby. Anda bisa cek RTP, pilih permainan, lalu main pelan tanpa pindah situs.","Masuk COPACOBANA99, pilih permainan slot gacor yang ingin dijajal, mulai dengan taruhan kecil. RTP dan info jackpot ada sebelum sesi berjalan.","Saya chat COPACOBANA99 soal permainan yang RTP-nya tidak muncul. Dijawab singkat, lalu saya pilih slot gacor lain. Alurnya manusiawi, tidak bertele.","Saya bawa COPACOBANA99 dari browser ke HP, slot gacor-nya tetap ada. Jackpot yang tadi saya lihat masih kebaca. Tidak perlu akun kedua.","Saya set limit sebelum buka slot gacor COPACOBANA99. Pas nyentuh, saya berhenti meski masih ingin spin. Disiplin itu yang saya bawa dari sesi ini.","Saya buka COPACOBANA99 karena cari situs slot gacor yang denahnya jelas. RTP-nya kebaca, saya pilih satu permainan lalu main pelan. Habis ada naik tipis, saya tarik dan tidak nambah sesi.","Saya coba slot gacor di COPACOBANA99 dengan taruhan kecil dulu. Pola yang tampil saya anggap catatan, bukan jaminan. Sesi itu cukup buat ngerasain mejanya, lalu saya tutup.","Ilham Ramadhan","Arif Rahman","Putri Ayu","Eko Santoso","Lina Kartika","COPACOBANA99 login","COPACOBANA99 daftar","Alternatif COPACOBANA99","COPACOBANA99 official","COPACOBANA99 apk"
"group-rates-conference","IDN89","IDN89 Kabar OTP yang Cukup Sekali x Group Rates Conference","IDN89 siap dipakai sebagai situs slot gacor untuk main pelan hari ini dengan pilihan meja yang gampang dicari, pantauan RTP, dan kabar jackpot yang tidak berlebihan dengan bantuan yang tetap bisa dihubungi.","<a href=""#"">IDN89</a> siap dipakai sebagai situs slot gacor untuk main pelan hari ini dengan pilihan meja yang gampang dicari, pantauan RTP, dan kabar jackpot yang tidak berlebihan dengan bantuan yang tetap bisa dihubungi.","Kabar slot gacor IDN89 hari ini","IDN89 merapikan info RTP dan jackpot slot gacor","Kabar pola maxwin 2026 di situs slot gacor IDN89","IDN89 hadirkan pilihan slot gacor dalam satu lobby","Update jackpot terkini slot gacor IDN89","Apakah slot gacor IDN89 nyaman di HP?","Bagaimana kalau meja slot gacor di IDN89 terasa dingin?","Apakah IDN89 situs slot gacor yang bisa dicoba hari ini?","Bagaimana cara mulai main slot gacor di IDN89?","Apakah RTP slot gacor di IDN89 bisa dilihat?","Nyaman. Lobby slot gacor IDN89 ringkas di HP, RTP dan jackpot tetap kebaca, sesi bisa dipotong kapan saja.","Pindah permainan di lobby yang sama. IDN89 tidak memaksa bertahan di satu meja kalau ritmenya tidak nyambung.","Ya. IDN89 menata slot gacor dalam satu lobby. Anda bisa cek RTP, pilih permainan, lalu main pelan tanpa pindah situs.","Masuk IDN89, pilih permainan slot gacor yang ingin dijajal, mulai dengan taruhan kecil. RTP dan info jackpot ada sebelum sesi berjalan.","Bisa. IDN89 menampilkan ringkasan RTP supaya pemain punya acuan pilih meja, bukan janji menang terus.","Saya lihat info jackpot di IDN89 sebelum spin. Bukan angka gila, tapi cukup buat nentuin mau lanjut atau pindah. Slot gacor-nya terasa rapi, tidak berisik.","Saya pindah permainan slot gacor di IDN89 setelah yang pertama sepi. Lobby-nya satu pintu, gak logout. RTP meja kedua lebih nyambung, saya stop pas sudah plus tipis.","Saya main slot gacor IDN89 di HP sambil nunggu. Grafiknya ringan, jackpot dan RTP tetap kelihatan. Sesi pendek, saya tidak dipaksa gas besar.","Saya sempat ragu pola maxwin di IDN89. Setelah dicoba, itu hanya panduan. Yang saya pakai justru pilih meja pelan dan tarik begitu sudah cukup.","Saya daftar IDN89 lalu langsung ke slot gacor, tidak muter halaman. Info jackpot 2026-nya kebaca. Saya kunci sesi sebelum jadi lama.","Rafi Maulana","Rizky Pratama","Maya Sari","Sinta Dewi","Fajar Nugroho","IDN89 login","IDN89 daftar","Alternatif IDN89","link alternatif IDN89","IDN89 wap"
"student-rates-conference","NAGAWIN","NAGAWIN Coba Pindah Meja bukan Nambah Durasi x Student Rates Conference","NAGAWIN berdiri sebagai situs slot gacor yang menata permainan dalam satu lobby dengan pilihan meja yang gampang dicari, pantauan RTP, dan kabar jackpot yang tidak berlebihan untuk main di HP maupun browser.","<a href=""#"">NAGAWIN</a> berdiri sebagai situs slot gacor yang menata permainan dalam satu lobby dengan pilihan meja yang gampang dicari, pantauan RTP, dan kabar jackpot yang tidak berlebihan untuk main di HP maupun browser.","Update slot gacor NAGAWIN hari ini","NAGAWIN merapikan info RTP dan jackpot slot gacor","Kabar pola maxwin 2026 di situs slot gacor NAGAWIN","NAGAWIN hadirkan pilihan slot gacor dalam satu lobby","Update jackpot terkini slot gacor NAGAWIN","Bagaimana kalau meja slot gacor di NAGAWIN terasa dingin?","Apakah NAGAWIN situs slot gacor yang bisa dicoba hari ini?","Bagaimana cara mulai main slot gacor di NAGAWIN?","Apakah RTP slot gacor di NAGAWIN bisa dilihat?","Bagaimana info jackpot di NAGAWIN diperbarui?","Pindah permainan di lobby yang sama. NAGAWIN tidak memaksa bertahan di satu meja kalau ritmenya tidak nyambung.","Ya. NAGAWIN menata slot gacor dalam satu lobby. Anda bisa cek RTP, pilih permainan, lalu main pelan tanpa pindah situs.","Masuk NAGAWIN, pilih permainan slot gacor yang ingin dijajal, mulai dengan taruhan kecil. RTP dan info jackpot ada sebelum sesi berjalan.","Bisa. NAGAWIN menampilkan ringkasan RTP supaya pemain punya acuan pilih meja, bukan janji menang terus.","Informasi jackpot di NAGAWIN disusun agar kebaca sebelum main. Angkanya jadi pantauan, bukan slogan di judul.","Saya banding RTP beberapa permainan di NAGAWIN. Yang lebih tinggi saya jajal dulu. Slot gacor-nya tidak janji menang terus, dan itu yang bikin saya tenang.","Saya tarik dari NAGAWIN setelah sesi slot gacor malam ini. Prosesnya rapi, tidak banyak tanya. Besok saya tidak maksa balik kalau mood tidak pas.","Saya chat NAGAWIN soal permainan yang RTP-nya tidak muncul. Dijawab singkat, lalu saya pilih slot gacor lain. Alurnya manusiawi, tidak bertele.","Saya bawa NAGAWIN dari browser ke HP, slot gacor-nya tetap ada. Jackpot yang tadi saya lihat masih kebaca. Tidak perlu akun kedua.","Saya set limit sebelum buka slot gacor NAGAWIN. Pas nyentuh, saya berhenti meski masih ingin spin. Disiplin itu yang saya bawa dari sesi ini.","Alika Rahman","Nadia Putri","Rafi Maulana","Rizky Pratama","Agus Wijaya","NAGAWIN login","NAGAWIN daftar","Alternatif NAGAWIN","NAGAWIN gacor","situs NAGAWIN"
"rates-pass-details-conference","BADAK178","BADAK178 Update Sesi Pendek yang Cukup Ngerasain x Rates & Pass Details Conference","BADAK178 hadir sebagai situs slot gacor gampang menang hari ini dengan info RTP yang kebaca sebelum mulai, RTP tinggi, dan informasi jackpot terkini.","<a href=""#"">BADAK178</a> hadir sebagai situs slot gacor gampang menang hari ini dengan info RTP yang kebaca sebelum mulai, RTP tinggi, dan informasi jackpot terkini.","Intip slot gacor BADAK178 hari ini","BADAK178 merapikan info RTP dan jackpot slot gacor","Kabar pola maxwin 2026 di situs slot gacor BADAK178","BADAK178 hadirkan pilihan slot gacor dalam satu lobby","Update jackpot terkini slot gacor BADAK178","Apakah BADAK178 situs slot gacor yang bisa dicoba hari ini?","Bagaimana cara mulai main slot gacor di BADAK178?","Apakah RTP slot gacor di BADAK178 bisa dilihat?","Bagaimana info jackpot di BADAK178 diperbarui?","Apakah pola maxwin di BADAK178 wajib diikuti?","Ya. BADAK178 menata slot gacor dalam satu lobby. Anda bisa cek RTP, pilih permainan, lalu main pelan tanpa pindah situs.","Masuk BADAK178, pilih permainan slot gacor yang ingin dijajal, mulai dengan taruhan kecil. RTP dan info jackpot ada sebelum sesi berjalan.","Bisa. BADAK178 menampilkan ringkasan RTP supaya pemain punya acuan pilih meja, bukan janji menang terus.","Informasi jackpot di BADAK178 disusun agar kebaca sebelum main. Angkanya jadi pantauan, bukan slogan di judul.","Tidak wajib. Pola di BADAK178 hanya referensi. Keputusan taruhan tetap di pemain, meja tetap bisa diganti kalau terasa sepi.","Saya buka BADAK178 karena cari situs slot gacor yang denahnya jelas. RTP-nya kebaca, saya pilih satu permainan lalu main pelan. Habis ada naik tipis, saya tarik dan tidak nambah sesi.","Saya coba slot gacor di BADAK178 dengan taruhan kecil dulu. Pola yang tampil saya anggap catatan, bukan jaminan. Sesi itu cukup buat ngerasain mejanya, lalu saya tutup.","Saya lihat info jackpot di BADAK178 sebelum spin. Bukan angka gila, tapi cukup buat nentuin mau lanjut atau pindah. Slot gacor-nya terasa rapi, tidak berisik.","Saya pindah permainan slot gacor di BADAK178 setelah yang pertama sepi. Lobby-nya satu pintu, gak logout. RTP meja kedua lebih nyambung, saya stop pas sudah plus tipis.","Saya main slot gacor BADAK178 di HP sambil nunggu. Grafiknya ringan, jackpot dan RTP tetap kelihatan. Sesi pendek, saya tidak dipaksa gas besar.","Rizky Pratama","Nisa Fadilah","Andi Saputra","Bayu Firmansyah","Nadia Putri","BADAK178 login","BADAK178 daftar","Alternatif BADAK178","BADAK178 slot gacor","BADAK178 terpercaya"
"upgrades-add-ons-conference","PAUSBET188","PAUSBET188 Yuk Kunci Malam Ini di Sini x Upgrades & Add-ons Conference","PAUSBET188 dikenal sebagai situs slot gacor yang nyaman dijajal hari ini dengan info RTP yang kebaca sebelum mulai, RTP tinggi, dan informasi jackpot terkini tanpa banyak slogan.","<a href=""#"">PAUSBET188</a> dikenal sebagai situs slot gacor yang nyaman dijajal hari ini dengan info RTP yang kebaca sebelum mulai, RTP tinggi, dan informasi jackpot terkini tanpa banyak slogan.","Yuk cek slot gacor PAUSBET188 hari ini","PAUSBET188 merapikan info RTP dan jackpot slot gacor","Kabar pola maxwin 2026 di situs slot gacor PAUSBET188","PAUSBET188 hadirkan pilihan slot gacor dalam satu lobby","Update jackpot terkini slot gacor PAUSBET188","Bagaimana cara mulai main slot gacor di PAUSBET188?","Apakah RTP slot gacor di PAUSBET188 bisa dilihat?","Bagaimana info jackpot di PAUSBET188 diperbarui?","Apakah pola maxwin di PAUSBET188 wajib diikuti?","Bisakah pindah permainan slot gacor tanpa daftar ulang di PAUSBET188?","Masuk PAUSBET188, pilih permainan slot gacor yang ingin dijajal, mulai dengan taruhan kecil. RTP dan info jackpot ada sebelum sesi berjalan.","Bisa. PAUSBET188 menampilkan ringkasan RTP supaya pemain punya acuan pilih meja, bukan janji menang terus.","Informasi jackpot di PAUSBET188 disusun agar kebaca sebelum main. Angkanya jadi pantauan, bukan slogan di judul.","Tidak wajib. Pola di PAUSBET188 hanya referensi. Keputusan taruhan tetap di pemain, meja tetap bisa diganti kalau terasa sepi.","Bisa. Slot gacor PAUSBET188 ada di satu akun. Ganti permainan tidak perlu login baru.","Saya sempat ragu pola maxwin di PAUSBET188. Setelah dicoba, itu hanya panduan. Yang saya pakai justru pilih meja pelan dan tarik begitu sudah cukup.","Saya daftar PAUSBET188 lalu langsung ke slot gacor, tidak muter halaman. Info jackpot 2026-nya kebaca. Saya kunci sesi sebelum jadi lama.","Saya banding RTP beberapa permainan di PAUSBET188. Yang lebih tinggi saya jajal dulu. Slot gacor-nya tidak janji menang terus, dan itu yang bikin saya tenang.","Saya tarik dari PAUSBET188 setelah sesi slot gacor malam ini. Prosesnya rapi, tidak banyak tanya. Besok saya tidak maksa balik kalau mood tidak pas.","Saya chat PAUSBET188 soal permainan yang RTP-nya tidak muncul. Dijawab singkat, lalu saya pilih slot gacor lain. Alurnya manusiawi, tidak bertele.","Agus Wijaya","Dimas Kurniawan","Citra Melati","Aldi Salim","Maya Sari","PAUSBET188 login","PAUSBET188 daftar","Alternatif PAUSBET188","PAUSBET188 link login","PAUSBET188 slot online"
"lets-connect-conference","TOTO20","TOTO20 Jangan Lewatkan Cairan yang Gak Drama x Let's Connect Conference","TOTO20 menjadi pilihan situs slot gacor buat sesi harian dengan katalog permainan yang tidak tercecer, RTP tinggi, dan informasi jackpot terkini untuk pemain yang mau coba dulu.","<a href=""#"">TOTO20</a> menjadi pilihan situs slot gacor buat sesi harian dengan katalog permainan yang tidak tercecer, RTP tinggi, dan informasi jackpot terkini untuk pemain yang mau coba dulu.","Jangan lewatkan slot gacor TOTO20 hari ini","TOTO20 merapikan info RTP dan jackpot slot gacor","Kabar pola maxwin 2026 di situs slot gacor TOTO20","TOTO20 hadirkan pilihan slot gacor dalam satu lobby","Update jackpot terkini slot gacor TOTO20","Apakah RTP slot gacor di TOTO20 bisa dilihat?","Bagaimana info jackpot di TOTO20 diperbarui?","Apakah pola maxwin di TOTO20 wajib diikuti?","Bisakah pindah permainan slot gacor tanpa daftar ulang di TOTO20?","Apakah slot gacor TOTO20 nyaman di HP?","Bisa. TOTO20 menampilkan ringkasan RTP supaya pemain punya acuan pilih meja, bukan janji menang terus.","Informasi jackpot di TOTO20 disusun agar kebaca sebelum main. Angkanya jadi pantauan, bukan slogan di judul.","Tidak wajib. Pola di TOTO20 hanya referensi. Keputusan taruhan tetap di pemain, meja tetap bisa diganti kalau terasa sepi.","Bisa. Slot gacor TOTO20 ada di satu akun. Ganti permainan tidak perlu login baru.","Nyaman. Lobby slot gacor TOTO20 ringkas di HP, RTP dan jackpot tetap kebaca, sesi bisa dipotong kapan saja.","Saya bawa TOTO20 dari browser ke HP, slot gacor-nya tetap ada. Jackpot yang tadi saya lihat masih kebaca. Tidak perlu akun kedua.","Saya set limit sebelum buka slot gacor TOTO20. Pas nyentuh, saya berhenti meski masih ingin spin. Disiplin itu yang saya bawa dari sesi ini.","Saya buka TOTO20 karena cari situs slot gacor yang denahnya jelas. RTP-nya kebaca, saya pilih satu permainan lalu main pelan. Habis ada naik tipis, saya tarik dan tidak nambah sesi.","Saya coba slot gacor di TOTO20 dengan taruhan kecil dulu. Pola yang tampil saya anggap catatan, bukan jaminan. Sesi itu cukup buat ngerasain mejanya, lalu saya tutup.","Saya lihat info jackpot di TOTO20 sebelum spin. Bukan angka gila, tapi cukup buat nentuin mau lanjut atau pindah. Slot gacor-nya terasa rapi, tidak berisik.","Dewi Anggraini","Rizky Pratama","Aldi Salim","Lina Kartika","Bayu Firmansyah","TOTO20 login","TOTO20 daftar","Alternatif TOTO20","TOTO20 slot","TOTO20 rtp"
